gen_model,model_label,task_type,domain,signature_family,layer,behavior,behavior_label,n_domain,shapley_gain,shapley_ci_low,shapley_ci_high,shapley_p_value,shapley_unit,direction_effect,direction_ci_low,direction_ci_high,direction_unit,shapley_q_value,supported
reasoner,DeepSeek-R1 Distill 8B,math,Math,conversational,amount,Question_and_Answering,Question–answer,498,0.08851099550019909,0.06538989852923299,0.11174896760436392,0.000999000999000999,bits per held-out trace,-0.509620197419581,-0.5723010754255385,-0.44872527654664046,standardized rate difference: domain minus other domains,0.001510300722899148,True
reasoner,DeepSeek-R1 Distill 8B,math,Math,conversational,amount,Perspective_Shift,Perspective shift,498,0.23104967757288986,0.09069318462087478,0.3697542569791456,0.001998001998001998,bits per held-out trace,-1.0706003482515352,-1.1515100362971307,-0.979430543391297,standardized rate difference: domain minus other domains,0.002950895258587566,True
reasoner,DeepSeek-R1 Distill 8B,math,Math,conversational,amount,Conflict_of_Perspectives,Perspective conflict,498,0.36847187843005186,0.28843214056546806,0.451663859271114,0.000999000999000999,bits per held-out trace,-0.9802187579971395,-1.0623160566953302,-0.9008211953419162,standardized rate difference: domain minus other domains,0.001510300722899148,True
reasoner,DeepSeek-R1 Distill 8B,math,Math,conversational,amount,Reconciliation,Reconciliation,498,0.032658621993307824,-0.01688527988778222,0.07742471090595568,0.0959040959040959,bits per held-out trace,-0.6279777756297149,-0.7152903013027694,-0.5466202424593323,standardized rate difference: domain minus other domains,0.1143701019477417,False
reasoner,DeepSeek-R1 Distill 8B,code,Code,conversational,amount,Question_and_Answering,Question–answer,154,0.04659865309636006,0.0070317087230684396,0.08849837460916704,0.01898101898101898,bits per held-out trace,-0.3164673856198975,-0.3855649223180903,-0.2532226761163723,standardized rate difference: domain minus other domains,0.024624024624024625,True
reasoner,DeepSeek-R1 Distill 8B,code,Code,conversational,amount,Perspective_Shift,Perspective shift,154,0.04159118486499351,0.012483832062415184,0.07019130223138209,0.005994005994005994,bits per held-out trace,-0.38447867248748835,-0.48961738642253266,-0.2796153859771777,standardized rate difference: domain minus other domains,0.008431129310250191,True
reasoner,DeepSeek-R1 Distill 8B,code,Code,conversational,amount,Conflict_of_Perspectives,Perspective conflict,154,0.05295579705355265,-0.01666280403992903,0.11923491347417509,0.07792207792207792,bits per held-out trace,0.4068375121445761,0.2703917865170137,0.5404828151506283,standardized rate difference: domain minus other domains,0.09350649350649351,False
reasoner,DeepSeek-R1 Distill 8B,code,Code,conversational,amount,Reconciliation,Reconciliation,154,-7.997182894773443e-05,-0.008741156610528602,0.00756571907353884,0.5014985014985015,bits per held-out trace,-0.3534342740940417,-0.4280732748330372,-0.27067666011503855,standardized rate difference: domain minus other domains,0.5334499295718131,False
reasoner,DeepSeek-R1 Distill 8B,gpqa,GPQA,conversational,amount,Question_and_Answering,Question–answer,484,0.07391765380005183,0.031711349535116645,0.11676782269208183,0.000999000999000999,bits per held-out trace,-0.4516355060861147,-0.5116130273213141,-0.3914364963595194,standardized rate difference: domain minus other domains,0.001510300722899148,True
reasoner,DeepSeek-R1 Distill 8B,gpqa,GPQA,conversational,amount,Perspective_Shift,Perspective shift,484,0.13166426660150451,0.09422828827816054,0.1680859075703531,0.000999000999000999,bits per held-out trace,0.00025746355762007445,-0.07319186319759104,0.0750121513484661,standardized rate difference: domain minus other domains,0.001510300722899148,True
reasoner,DeepSeek-R1 Distill 8B,gpqa,GPQA,conversational,amount,Conflict_of_Perspectives,Perspective conflict,484,0.14441942391067863,0.09829683280635397,0.18504887553301844,0.000999000999000999,bits per held-out trace,0.9092198598615324,0.8261615504879724,1.0028490397652998,standardized rate difference: domain minus other domains,0.001510300722899148,True
reasoner,DeepSeek-R1 Distill 8B,gpqa,GPQA,conversational,amount,Reconciliation,Reconciliation,484,0.009735778026550807,-0.01097573824443891,0.026032178603762796,0.16683316683316685,bits per held-out trace,-0.20475815582617884,-0.2715986771981053,-0.13326992065637158,standardized rate difference: domain minus other domains,0.1912356300416002,False
reasoner,DeepSeek-R1 Distill 8B,planning,Planning,conversational,amount,Question_and_Answering,Question–answer,458,0.10277874705798011,0.07090773959922726,0.13431902684959818,0.000999000999000999,bits per held-out trace,-0.31298420628939205,-0.37844437688789057,-0.24852919682571845,standardized rate difference: domain minus other domains,0.001510300722899148,True
reasoner,DeepSeek-R1 Distill 8B,planning,Planning,conversational,amount,Perspective_Shift,Perspective shift,458,0.42431814100044746,0.3364192296773056,0.5131072200798876,0.000999000999000999,bits per held-out trace,-0.7587389001781255,-0.8249608421451444,-0.6987153319424576,standardized rate difference: domain minus other domains,0.001510300722899148,True
reasoner,DeepSeek-R1 Distill 8B,planning,Planning,conversational,amount,Conflict_of_Perspectives,Perspective conflict,458,0.05200961949908523,0.02285549626531855,0.08447922408276294,0.001998001998001998,bits per held-out trace,0.0003062777036666519,-0.0815988697713845,0.08074834663272062,standardized rate difference: domain minus other domains,0.002950895258587566,True
reasoner,DeepSeek-R1 Distill 8B,planning,Planning,conversational,amount,Reconciliation,Reconciliation,458,0.05429166547238271,0.027266792715768758,0.08230705615808573,0.001998001998001998,bits per held-out trace,-0.011923414611585408,-0.11712703495879252,0.09160312618445031,standardized rate difference: domain minus other domains,0.002950895258587566,True
reasoner,DeepSeek-R1 Distill 8B,moral,Moral,conversational,amount,Question_and_Answering,Question–answer,500,0.015899334281653157,-0.021053016724727612,0.04833907805524979,0.17382617382617382,bits per held-out trace,0.43267436523708847,0.32851132245039566,0.5423948225836134,standardized rate difference: domain minus other domains,0.19806899332121883,False
reasoner,DeepSeek-R1 Distill 8B,moral,Moral,conversational,amount,Perspective_Shift,Perspective shift,500,0.22945183533802335,0.20359690072224806,0.2545821337185589,0.000999000999000999,bits per held-out trace,0.49513722089188505,0.43762270717357604,0.5501009097917057,standardized rate difference: domain minus other domains,0.001510300722899148,True
reasoner,DeepSeek-R1 Distill 8B,moral,Moral,conversational,amount,Conflict_of_Perspectives,Perspective conflict,500,0.13989171747577098,0.09466945661561343,0.18159591352091312,0.000999000999000999,bits per held-out trace,0.23399581052334137,0.15310669386128947,0.3097238039125498,standardized rate difference: domain minus other domains,0.001510300722899148,True
reasoner,DeepSeek-R1 Distill 8B,moral,Moral,conversational,amount,Reconciliation,Reconciliation,500,0.16471891409450395,0.10767273667968283,0.21618767817858936,0.000999000999000999,bits per held-out trace,0.8823138860038338,0.7698212424185397,0.9880180524769927,standardized rate difference: domain minus other domains,0.001510300722899148,True
reasoner,DeepSeek-R1 Distill 8B,idea,Idea,conversational,amount,Question_and_Answering,Question–answer,493,0.2181922703757987,0.15873745350278035,0.2729509505396969,0.000999000999000999,bits per held-out trace,0.8895537077460406,0.7736381106483646,1.0068553378994938,standardized rate difference: domain minus other domains,0.001510300722899148,True
reasoner,DeepSeek-R1 Distill 8B,idea,Idea,conversational,amount,Perspective_Shift,Perspective shift,493,0.591036317173564,0.4823585464236547,0.7011020935799805,0.000999000999000999,bits per held-out trace,1.2147573246546723,1.1155259077617092,1.3168018681285236,standardized rate difference: domain minus other domains,0.001510300722899148,True
reasoner,DeepSeek-R1 Distill 8B,idea,Idea,conversational,amount,Conflict_of_Perspectives,Perspective conflict,493,0.06901065808571294,0.05804351742630017,0.07979521323659419,0.000999000999000999,bits per held-out trace,-0.14026945457716242,-0.22153916666497186,-0.05848151422768919,standardized rate difference: domain minus other domains,0.001510300722899148,True
reasoner,DeepSeek-R1 Distill 8B,idea,Idea,conversational,amount,Reconciliation,Reconciliation,493,0.00987439560484361,-0.010930756244913922,0.029082830929167067,0.17082917082917082,bits per held-out trace,0.0054747821194201865,-0.07875013582287246,0.09967122909236852,standardized rate difference: domain minus other domains,0.19523333809048093,False
reasoner,DeepSeek-R1 Distill 8B,safety,Safety,conversational,amount,Question_and_Answering,Question–answer,312,0.17320942525120692,0.10249831728636641,0.2466497898361119,0.000999000999000999,bits per held-out trace,0.8358467132516861,0.7026887504321093,0.9783160220470399,standardized rate difference: domain minus other domains,0.001510300722899148,True
reasoner,DeepSeek-R1 Distill 8B,safety,Safety,conversational,amount,Perspective_Shift,Perspective shift,312,0.2726151962518307,0.21752114716836812,0.32939927628015536,0.000999000999000999,bits per held-out trace,0.6024090966010165,0.5166072511670194,0.699200040768763,standardized rate difference: domain minus other domains,0.001510300722899148,True
reasoner,DeepSeek-R1 Distill 8B,safety,Safety,conversational,amount,Conflict_of_Perspectives,Perspective conflict,312,-0.05800715653057955,-0.08554882635066283,-0.03484452709786587,1.0,bits per held-out trace,-0.2030359402967164,-0.32096089450653686,-0.08168042572734076,standardized rate difference: domain minus other domains,1.0,False
reasoner,DeepSeek-R1 Distill 8B,safety,Safety,conversational,amount,Reconciliation,Reconciliation,312,0.018543583507322325,0.00032712355857180894,0.03571802531008155,0.024975024975024976,bits per held-out trace,0.32703586154784264,0.22617759989301975,0.43539854176321424,standardized rate difference: domain minus other domains,0.03196803196803197,True
reasoner,DeepSeek-R1 Distill 8B,security,Security,conversational,amount,Question_and_Answering,Question–answer,398,0.4848117696648011,0.39221492462169893,0.5807252779012944,0.000999000999000999,bits per held-out trace,-0.630812401969681,-0.689330946613285,-0.5741821333944774,standardized rate difference: domain minus other domains,0.001510300722899148,True
reasoner,DeepSeek-R1 Distill 8B,security,Security,conversational,amount,Perspective_Shift,Perspective shift,398,0.14298396773672328,0.08315657913274926,0.19371711387049248,0.000999000999000999,bits per held-out trace,-0.23237490294575516,-0.30861979249498983,-0.1563641550473454,standardized rate difference: domain minus other domains,0.001510300722899148,True
reasoner,DeepSeek-R1 Distill 8B,security,Security,conversational,amount,Conflict_of_Perspectives,Perspective conflict,398,0.003514735021743227,-0.024421125333901225,0.03153143451370291,0.4225774225774226,bits per held-out trace,-0.011380088119667921,-0.11919728188535518,0.0938211005397711,standardized rate difference: domain minus other domains,0.4545370595790764,False
reasoner,DeepSeek-R1 Distill 8B,security,Security,conversational,amount,Reconciliation,Reconciliation,398,0.05170643005852731,0.015299056806029785,0.08558599466660799,0.002997002997002997,bits per held-out trace,-0.1779937961781508,-0.25061960644083087,-0.0951541037182053,standardized rate difference: domain minus other domains,0.004392554010874622,True
reasoner,DeepSeek-R1 Distill 8B,math,Math,cognitive,amount,verification,Verification,498,0.4806156455774755,0.4156734499688923,0.5414092995213022,0.000999000999000999,bits per held-out trace,0.42372575040114796,0.31713014823877106,0.5282585997467322,standardized rate difference: domain minus other domains,0.001510300722899148,True
reasoner,DeepSeek-R1 Distill 8B,math,Math,cognitive,amount,backtracking,Backtracking,498,0.11561615229776086,0.08454929599876802,0.14581586571708754,0.000999000999000999,bits per held-out trace,-0.3935599101557092,-0.4573930096442847,-0.3270247310129215,standardized rate difference: domain minus other domains,0.001510300722899148,True
reasoner,DeepSeek-R1 Distill 8B,math,Math,cognitive,amount,subgoal,Subgoal setting,498,0.019157899603472486,-0.043401273655351576,0.0750312769137612,0.2827172827172827,bits per held-out trace,0.7841440655278749,0.6074059512875342,0.9605780411955621,standardized rate difference: domain minus other domains,0.31107001880640844,False
reasoner,DeepSeek-R1 Distill 8B,math,Math,cognitive,amount,backward_chaining,Backward chaining,498,-0.01854467484283534,-0.07647677147604562,0.011983219581700165,0.4985014985014985,bits per held-out trace,-0.04381590282412701,-0.15111085558181428,0.10980532076911728,standardized rate difference: domain minus other domains,0.5317349317349318,False
reasoner,DeepSeek-R1 Distill 8B,code,Code,cognitive,amount,verification,Verification,154,0.0807489148676796,0.03807229272860642,0.12088823006238374,0.000999000999000999,bits per held-out trace,0.6770754971343167,0.5595691154605534,0.8018454663271556,standardized rate difference: domain minus other domains,0.001510300722899148,True
reasoner,DeepSeek-R1 Distill 8B,code,Code,cognitive,amount,backtracking,Backtracking,154,0.11987115975730764,0.041760600428531254,0.18928862878141053,0.000999000999000999,bits per held-out trace,0.5023286076672965,0.39534311445480796,0.6168454033592735,standardized rate difference: domain minus other domains,0.001510300722899148,True
reasoner,DeepSeek-R1 Distill 8B,code,Code,cognitive,amount,subgoal,Subgoal setting,154,0.30983954138161585,0.21225571485882672,0.4022090136021927,0.000999000999000999,bits per held-out trace,-0.18249737215287098,-0.24919550652245184,-0.10972908149171241,standardized rate difference: domain minus other domains,0.001510300722899148,True
reasoner,DeepSeek-R1 Distill 8B,code,Code,cognitive,amount,backward_chaining,Backward chaining,154,0.02814230733842301,-0.0855205289948943,0.10983268661331187,0.31368631368631367,bits per held-out trace,-0.07159043450773256,-0.1739435568311319,0.05054073135063992,standardized rate difference: domain minus other domains,0.33931139283251954,False
reasoner,DeepSeek-R1 Distill 8B,gpqa,GPQA,cognitive,amount,verification,Verification,484,0.030880734422285047,-0.006289983210833282,0.0659514349834938,0.054945054945054944,bits per held-out trace,0.5412711652677421,0.46254553742089244,0.6157001250370545,standardized rate difference: domain minus other domains,0.06719395254427102,False
reasoner,DeepSeek-R1 Distill 8B,gpqa,GPQA,cognitive,amount,backtracking,Backtracking,484,0.20729339632822824,0.1537588757117789,0.2583044100180395,0.000999000999000999,bits per held-out trace,0.9933844214297407,0.898489979691289,1.101990702023248,standardized rate difference: domain minus other domains,0.001510300722899148,True
reasoner,DeepSeek-R1 Distill 8B,gpqa,GPQA,cognitive,amount,subgoal,Subgoal setting,484,0.08431458795864329,-0.10436952572195834,0.22892030227059856,0.1918081918081918,bits per held-out trace,-0.5838046888077583,-0.6425503638463285,-0.5074019321005429,standardized rate difference: domain minus other domains,0.2159951485464682,False
reasoner,DeepSeek-R1 Distill 8B,gpqa,GPQA,cognitive,amount,backward_chaining,Backward chaining,484,0.0030270967343405415,-0.0036178809311994083,0.010130779038840711,0.18281718281718282,bits per held-out trace,0.18406332895849892,0.08931244273206874,0.280881410134263,standardized rate difference: domain minus other domains,0.2070849504477823,False
reasoner,DeepSeek-R1 Distill 8B,planning,Planning,cognitive,amount,verification,Verification,458,0.40151240093847745,0.30910245808595055,0.5018007472916456,0.000999000999000999,bits per held-out trace,1.159356816741816,1.063887209599988,1.2473540364749767,standardized rate difference: domain minus other domains,0.001510300722899148,True
reasoner,DeepSeek-R1 Distill 8B,planning,Planning,cognitive,amount,backtracking,Backtracking,458,0.19485306993509957,0.08372811942359483,0.28738756886153294,0.000999000999000999,bits per held-out trace,-0.12082427147029784,-0.19674701498402836,-0.05292370784096594,standardized rate difference: domain minus other domains,0.001510300722899148,True
reasoner,DeepSeek-R1 Distill 8B,planning,Planning,cognitive,amount,subgoal,Subgoal setting,458,0.2226743885928573,0.11775674346592883,0.33443081360850735,0.000999000999000999,bits per held-out trace,-0.6451549705656693,-0.6927696472603103,-0.5957516003897989,standardized rate difference: domain minus other domains,0.001510300722899148,True
reasoner,DeepSeek-R1 Distill 8B,planning,Planning,cognitive,amount,backward_chaining,Backward chaining,458,0.018920603170522157,0.004731722024441368,0.03497600077771039,0.007992007992007992,bits per held-out trace,0.278563307974351,0.15902701122174848,0.4015744714253747,standardized rate difference: domain minus other domains,0.010999752935236806,True
reasoner,DeepSeek-R1 Distill 8B,moral,Moral,cognitive,amount,verification,Verification,500,0.7359751268616235,0.6731039787733029,0.7913308788181188,0.000999000999000999,bits per held-out trace,-1.1557043273690033,-1.1928245664318553,-1.1169089395584926,standardized rate difference: domain minus other domains,0.001510300722899148,True
reasoner,DeepSeek-R1 Distill 8B,moral,Moral,cognitive,amount,backtracking,Backtracking,500,0.2991632270289623,0.24310644216138275,0.3470391716639815,0.000999000999000999,bits per held-out trace,-0.9104639282451586,-0.9524284516587563,-0.86900580510425,standardized rate difference: domain minus other domains,0.001510300722899148,True
reasoner,DeepSeek-R1 Distill 8B,moral,Moral,cognitive,amount,subgoal,Subgoal setting,500,0.1038493293201602,0.07727452043815877,0.1301154148359929,0.000999000999000999,bits per held-out trace,0.42852607230159845,0.3621882274175369,0.49313154133506254,standardized rate difference: domain minus other domains,0.001510300722899148,True
reasoner,DeepSeek-R1 Distill 8B,moral,Moral,cognitive,amount,backward_chaining,Backward chaining,500,0.04195045380152534,0.022609886875133642,0.05495320558861237,0.000999000999000999,bits per held-out trace,-0.25626770189147347,-0.29554394032417847,-0.22060887442260155,standardized rate difference: domain minus other domains,0.001510300722899148,True
reasoner,DeepSeek-R1 Distill 8B,idea,Idea,cognitive,amount,verification,Verification,493,0.2411716142370179,0.20463154282443655,0.27653828031589456,0.000999000999000999,bits per held-out trace,-0.2138554194327459,-0.27638123032093925,-0.14713481524122266,standardized rate difference: domain minus other domains,0.001510300722899148,True
reasoner,DeepSeek-R1 Distill 8B,idea,Idea,cognitive,amount,backtracking,Backtracking,493,0.5382528239123207,0.4396231599999912,0.6308844132341415,0.000999000999000999,bits per held-out trace,0.7423475702862251,0.6349140199212594,0.8565515648002432,standardized rate difference: domain minus other domains,0.001510300722899148,True
reasoner,DeepSeek-R1 Distill 8B,idea,Idea,cognitive,amount,subgoal,Subgoal setting,493,0.18116660233088344,0.15234612775229286,0.20881308947763927,0.000999000999000999,bits per held-out trace,0.17497992621621652,0.11893192659093609,0.23255669515508595,standardized rate difference: domain minus other domains,0.001510300722899148,True
reasoner,DeepSeek-R1 Distill 8B,idea,Idea,cognitive,amount,backward_chaining,Backward chaining,493,0.0065478896144837056,-0.012409833848090713,0.020566155268090587,0.2597402597402597,bits per held-out trace,-0.1777009131007047,-0.227227875802081,-0.12585103382627782,standardized rate difference: domain minus other domains,0.2874359070324488,False
reasoner,DeepSeek-R1 Distill 8B,safety,Safety,cognitive,amount,verification,Verification,312,0.4316321557500319,0.34109284706265247,0.5275595627019455,0.000999000999000999,bits per held-out trace,-0.9584798466940024,-1.0077197079437255,-0.9099312843221864,standardized rate difference: domain minus other domains,0.001510300722899148,True
reasoner,DeepSeek-R1 Distill 8B,safety,Safety,cognitive,amount,backtracking,Backtracking,312,-0.035319601112898814,-0.10673675561402807,0.020889849925546974,0.8721278721278721,bits per held-out trace,-0.4853655415127178,-0.5655563438581901,-0.4029949376799815,standardized rate difference: domain minus other domains,0.8813081655186918,False
reasoner,DeepSeek-R1 Distill 8B,safety,Safety,cognitive,amount,subgoal,Subgoal setting,312,0.11862468886879303,0.04508462348108905,0.19566327715464718,0.002997002997002997,bits per held-out trace,0.471882462672362,0.3739661975904363,0.5724363280986349,standardized rate difference: domain minus other domains,0.004392554010874622,True
reasoner,DeepSeek-R1 Distill 8B,safety,Safety,cognitive,amount,backward_chaining,Backward chaining,312,-0.0006757489316764806,-0.006579390881734577,0.006459632655960038,0.5794205794205795,bits per held-out trace,-0.14675511550699324,-0.21239524111071634,-0.0823688173152208,standardized rate difference: domain minus other domains,0.6062602247888352,False
reasoner,DeepSeek-R1 Distill 8B,security,Security,cognitive,amount,verification,Verification,398,0.18684541523847475,0.12183244378601749,0.2457635018458383,0.000999000999000999,bits per held-out trace,-0.310472581328487,-0.39023171173258375,-0.23131854849828054,standardized rate difference: domain minus other domains,0.001510300722899148,True
reasoner,DeepSeek-R1 Distill 8B,security,Security,cognitive,amount,backtracking,Backtracking,398,0.07308300795460938,0.04474386124569755,0.09962431803912138,0.000999000999000999,bits per held-out trace,-0.1653853442309996,-0.25978352483482,-0.0684406334423001,standardized rate difference: domain minus other domains,0.001510300722899148,True
reasoner,DeepSeek-R1 Distill 8B,security,Security,cognitive,amount,subgoal,Subgoal setting,398,0.4325242442611763,0.34282369053892625,0.5179820312508221,0.000999000999000999,bits per held-out trace,-0.5647641192028797,-0.6130177731394935,-0.5146912808911492,standardized rate difference: domain minus other domains,0.001510300722899148,True
reasoner,DeepSeek-R1 Distill 8B,security,Security,cognitive,amount,backward_chaining,Backward chaining,398,0.024043474850967746,-0.000810567867805274,0.053593130872130634,0.056943056943056944,bits per held-out trace,0.1938248572631994,0.07272582652621894,0.3442681900174057,standardized rate difference: domain minus other domains,0.06941629798772656,False
gemma4_e4b,Gemma 4 E4B,math,Math,conversational,amount,Question_and_Answering,Question–answer,485,0.2837959068902343,0.1756001368059512,0.37413603904995424,0.000999000999000999,bits per held-out trace,-0.5123112500345691,-0.5744656860434796,-0.4508752421099974,standardized rate difference: domain minus other domains,0.001510300722899148,True
gemma4_e4b,Gemma 4 E4B,math,Math,conversational,amount,Perspective_Shift,Perspective shift,485,-0.0024164545479527545,-0.02895830353471946,0.02451115470490325,0.5674325674325674,bits per held-out trace,0.0421579776659178,-0.0826133195318634,0.16152746372350318,standardized rate difference: domain minus other domains,0.5953390871423658,False
gemma4_e4b,Gemma 4 E4B,math,Math,conversational,amount,Conflict_of_Perspectives,Perspective conflict,485,0.2987151805279104,0.21625357241527873,0.37224392365309694,0.000999000999000999,bits per held-out trace,-0.7017820134205409,-0.7727282992739943,-0.6261864395027573,standardized rate difference: domain minus other domains,0.001510300722899148,True
gemma4_e4b,Gemma 4 E4B,math,Math,conversational,amount,Reconciliation,Reconciliation,485,0.02021125735870411,-0.0024161594005190122,0.03941209472905895,0.03896103896103896,bits per held-out trace,-0.22782929836617072,-0.31887305515771286,-0.13536642816105032,standardized rate difference: domain minus other domains,0.049376366208049374,False
gemma4_e4b,Gemma 4 E4B,code,Code,conversational,amount,Question_and_Answering,Question–answer,175,0.11372545964845908,0.0644419274276729,0.15602232787752582,0.000999000999000999,bits per held-out trace,-0.5480727930916839,-0.5906360705460039,-0.503678501836533,standardized rate difference: domain minus other domains,0.001510300722899148,True
gemma4_e4b,Gemma 4 E4B,code,Code,conversational,amount,Perspective_Shift,Perspective shift,175,0.04737660199082764,0.024748992243779726,0.06725447651201014,0.000999000999000999,bits per held-out trace,-0.579167341073065,-0.6358555271146372,-0.5263536918593545,standardized rate difference: domain minus other domains,0.001510300722899148,True
gemma4_e4b,Gemma 4 E4B,code,Code,conversational,amount,Conflict_of_Perspectives,Perspective conflict,175,0.15071332951178998,0.09839872309964014,0.20470346039506782,0.000999000999000999,bits per held-out trace,-0.41504195087743784,-0.49922946593728545,-0.3306021819860548,standardized rate difference: domain minus other domains,0.001510300722899148,True
gemma4_e4b,Gemma 4 E4B,code,Code,conversational,amount,Reconciliation,Reconciliation,175,0.08152705219666373,0.04055943963312037,0.1210551791554952,0.000999000999000999,bits per held-out trace,-0.3958998290895028,-0.4617939108742045,-0.3246520758946828,standardized rate difference: domain minus other domains,0.001510300722899148,True
gemma4_e4b,Gemma 4 E4B,gpqa,GPQA,conversational,amount,Question_and_Answering,Question–answer,500,0.16536580409322987,0.09435661382978244,0.22651628271724647,0.000999000999000999,bits per held-out trace,-0.5324704416815518,-0.5817059628961507,-0.4783255450037608,standardized rate difference: domain minus other domains,0.001510300722899148,True
gemma4_e4b,Gemma 4 E4B,gpqa,GPQA,conversational,amount,Perspective_Shift,Perspective shift,500,0.024025591224149614,0.009872811709445168,0.0367626350889086,0.000999000999000999,bits per held-out trace,0.15465605111344505,0.0832007237102181,0.22299016092160837,standardized rate difference: domain minus other domains,0.001510300722899148,True
gemma4_e4b,Gemma 4 E4B,gpqa,GPQA,conversational,amount,Conflict_of_Perspectives,Perspective conflict,500,0.0375855552934791,0.0023992031341124446,0.0687194630319763,0.005994005994005994,bits per held-out trace,0.43914954970922726,0.3352725747928679,0.5416306818955204,standardized rate difference: domain minus other domains,0.008431129310250191,True
gemma4_e4b,Gemma 4 E4B,gpqa,GPQA,conversational,amount,Reconciliation,Reconciliation,500,0.032648882739179895,0.013925652628204587,0.04984649459261615,0.000999000999000999,bits per held-out trace,0.4338739317837586,0.34293102105729023,0.5227247887562537,standardized rate difference: domain minus other domains,0.001510300722899148,True
gemma4_e4b,Gemma 4 E4B,planning,Planning,conversational,amount,Question_and_Answering,Question–answer,500,0.09033284207659746,0.04802517123328265,0.13157101419092063,0.000999000999000999,bits per held-out trace,0.08709448332751524,-0.0026423439587377104,0.18581034404377467,standardized rate difference: domain minus other domains,0.001510300722899148,True
gemma4_e4b,Gemma 4 E4B,planning,Planning,conversational,amount,Perspective_Shift,Perspective shift,500,0.06247103104546758,0.036770438028106756,0.08862578222445461,0.000999000999000999,bits per held-out trace,-0.4309335729733371,-0.4897421010605938,-0.37312423975532566,standardized rate difference: domain minus other domains,0.001510300722899148,True
gemma4_e4b,Gemma 4 E4B,planning,Planning,conversational,amount,Conflict_of_Perspectives,Perspective conflict,500,0.06468209750328348,-0.011448332938095706,0.11657812003713118,0.007992007992007992,bits per held-out trace,-0.4313249818265586,-0.5019884576011181,-0.3482946811934606,standardized rate difference: domain minus other domains,0.010999752935236806,False
gemma4_e4b,Gemma 4 E4B,planning,Planning,conversational,amount,Reconciliation,Reconciliation,500,0.01594358188719848,-0.002819482296266783,0.03281334571464645,0.03996003996003996,bits per held-out trace,-0.2921685459074033,-0.3624701823181923,-0.2226936154116666,standardized rate difference: domain minus other domains,0.050145932498873676,False
gemma4_e4b,Gemma 4 E4B,moral,Moral,conversational,amount,Question_and_Answering,Question–answer,500,0.1576989854862459,0.09161851300030022,0.22395392287601656,0.000999000999000999,bits per held-out trace,0.2988183845858605,0.18852503223385136,0.40725920340978117,standardized rate difference: domain minus other domains,0.001510300722899148,True
gemma4_e4b,Gemma 4 E4B,moral,Moral,conversational,amount,Perspective_Shift,Perspective shift,500,0.034780950934311154,-0.00360097207589257,0.06968391783140658,0.03996003996003996,bits per held-out trace,-0.507475443276628,-0.6291032738126328,-0.39146124673389476,standardized rate difference: domain minus other domains,0.050145932498873676,False
gemma4_e4b,Gemma 4 E4B,moral,Moral,conversational,amount,Conflict_of_Perspectives,Perspective conflict,500,0.007737589694151484,-0.003177217102901057,0.017597689465698053,0.08191808191808192,bits per held-out trace,-0.16015621392049775,-0.25752757100866197,-0.05827738951697034,standardized rate difference: domain minus other domains,0.09799546248144379,False
gemma4_e4b,Gemma 4 E4B,moral,Moral,conversational,amount,Reconciliation,Reconciliation,500,0.030040456561235482,0.0065634462057046995,0.054852860273833015,0.00999000999000999,bits per held-out trace,0.12826229778204318,0.0021775586157398497,0.26511647339736943,standardized rate difference: domain minus other domains,0.013603417858737006,True
gemma4_e4b,Gemma 4 E4B,idea,Idea,conversational,amount,Question_and_Answering,Question–answer,500,0.6774211994438357,0.6132572616321086,0.7416072163443305,0.000999000999000999,bits per held-out trace,1.4268509422712898,1.3362672591005003,1.5256697279746345,standardized rate difference: domain minus other domains,0.001510300722899148,True
gemma4_e4b,Gemma 4 E4B,idea,Idea,conversational,amount,Perspective_Shift,Perspective shift,500,0.1761584794717884,0.14360164957754076,0.20966315778689357,0.000999000999000999,bits per held-out trace,0.8973189314530801,0.8263052124329288,0.9712473501540876,standardized rate difference: domain minus other domains,0.001510300722899148,True
gemma4_e4b,Gemma 4 E4B,idea,Idea,conversational,amount,Conflict_of_Perspectives,Perspective conflict,500,0.18128254104607427,0.13783877941392472,0.22899593456349143,0.000999000999000999,bits per held-out trace,0.586417562496861,0.49448026018510227,0.6776350631253424,standardized rate difference: domain minus other domains,0.001510300722899148,True
gemma4_e4b,Gemma 4 E4B,idea,Idea,conversational,amount,Reconciliation,Reconciliation,500,0.014597898560032742,0.0015770538184536641,0.02664936488853841,0.02097902097902098,bits per held-out trace,-0.12087886950649025,-0.2134237184253912,-0.028741293569996218,standardized rate difference: domain minus other domains,0.0271243907607544,True
gemma4_e4b,Gemma 4 E4B,safety,Safety,conversational,amount,Question_and_Answering,Question–answer,57,-0.038535311762395254,-0.3597769361550777,0.14402758946692992,0.5184815184815185,bits per held-out trace,-0.45137125330962097,-0.5829766857316608,-0.2792724932135697,standardized rate difference: domain minus other domains,0.5484763170713584,False
gemma4_e4b,Gemma 4 E4B,safety,Safety,conversational,amount,Perspective_Shift,Perspective shift,57,0.043545766795248804,-0.013298702692535967,0.09564588808940519,0.04595404595404595,bits per held-out trace,-0.05948317686990023,-0.36328720230180084,0.23919891778245497,standardized rate difference: domain minus other domains,0.05692372143985047,False
gemma4_e4b,Gemma 4 E4B,safety,Safety,conversational,amount,Conflict_of_Perspectives,Perspective conflict,57,0.053679299041306944,-0.044054434603055685,0.1420427385075027,0.11188811188811189,bits per held-out trace,0.24730742036972084,0.02051307484007136,0.48242045123921734,standardized rate difference: domain minus other domains,0.13179458578231584,False
gemma4_e4b,Gemma 4 E4B,safety,Safety,conversational,amount,Reconciliation,Reconciliation,57,-0.026264447827991918,-0.09933115120467473,0.06008148478601197,0.7322677322677322,bits per held-out trace,0.2476347995991606,-0.11947960692164297,0.6275530511397915,standardized rate difference: domain minus other domains,0.7518470833978855,False
gemma4_e4b,Gemma 4 E4B,security,Security,conversational,amount,Question_and_Answering,Question–answer,500,0.23508670062823106,0.1264003335972069,0.324215101503698,0.000999000999000999,bits per held-out trace,-0.5059906860818464,-0.5637476442854186,-0.4440850706047985,standardized rate difference: domain minus other domains,0.001510300722899148,True
gemma4_e4b,Gemma 4 E4B,security,Security,conversational,amount,Perspective_Shift,Perspective shift,500,0.01013515602763697,-0.007913410844636388,0.027356763454845678,0.12887112887112886,bits per held-out trace,0.0801577585793972,0.0008567595675534874,0.15569650177834224,standardized rate difference: domain minus other domains,0.14950608304082624,False
gemma4_e4b,Gemma 4 E4B,security,Security,conversational,amount,Conflict_of_Perspectives,Perspective conflict,500,0.04158863793376345,0.010021884020651567,0.07554298219898209,0.007992007992007992,bits per held-out trace,0.3802517894041222,0.28559721718524017,0.4810768781727037,standardized rate difference: domain minus other domains,0.010999752935236806,True
gemma4_e4b,Gemma 4 E4B,security,Security,conversational,amount,Reconciliation,Reconciliation,500,0.026844406722495495,0.017457405257255594,0.03671012086949486,0.000999000999000999,bits per held-out trace,0.19543210659386961,0.12161661941722275,0.27802414491805333,standardized rate difference: domain minus other domains,0.001510300722899148,True
gemma4_e4b,Gemma 4 E4B,math,Math,cognitive,amount,verification,Verification,485,0.041324837823161806,0.016278266028931367,0.07024177632148151,0.003996003996003996,bits per held-out trace,0.025036664412189324,-0.06338757488923585,0.11826717967373362,standardized rate difference: domain minus other domains,0.005790435979115225,True
gemma4_e4b,Gemma 4 E4B,math,Math,cognitive,amount,backtracking,Backtracking,485,0.06099496174065427,0.035750946664829614,0.08346063583286893,0.000999000999000999,bits per held-out trace,-0.3197238132476713,-0.39454938881600804,-0.2449448472388948,standardized rate difference: domain minus other domains,0.001510300722899148,True
gemma4_e4b,Gemma 4 E4B,math,Math,cognitive,amount,subgoal,Subgoal setting,485,-0.0611084577407516,-0.1442577621924157,0.016069045843749696,0.9250749250749251,bits per held-out trace,0.42749053350566957,0.3064628558646978,0.5478325166587903,standardized rate difference: domain minus other domains,0.929918249289977,False
gemma4_e4b,Gemma 4 E4B,math,Math,cognitive,amount,backward_chaining,Backward chaining,485,0.0515400448891629,0.036444495450642864,0.06954803094797254,0.000999000999000999,bits per held-out trace,-0.18263637447572678,-0.25423554908156115,-0.10018371023715122,standardized rate difference: domain minus other domains,0.001510300722899148,True
gemma4_e4b,Gemma 4 E4B,code,Code,cognitive,amount,verification,Verification,175,0.30739543522412766,0.2009266849384964,0.41165529878966395,0.000999000999000999,bits per held-out trace,-0.6574751253949254,-0.7334175055492279,-0.5786852522936309,standardized rate difference: domain minus other domains,0.001510300722899148,True
gemma4_e4b,Gemma 4 E4B,code,Code,cognitive,amount,backtracking,Backtracking,175,0.11359442681038802,0.0702898708044245,0.15691040046833046,0.000999000999000999,bits per held-out trace,-0.04927864186471793,-0.13130676468704547,0.0321798930844649,standardized rate difference: domain minus other domains,0.001510300722899148,True
gemma4_e4b,Gemma 4 E4B,code,Code,cognitive,amount,subgoal,Subgoal setting,175,0.05076099744384341,-0.009874263005537393,0.10343787276721181,0.053946053946053944,bits per held-out trace,-0.9045967114937399,-0.9785414077513951,-0.8267330900059849,standardized rate difference: domain minus other domains,0.06618301825969557,False
gemma4_e4b,Gemma 4 E4B,code,Code,cognitive,amount,backward_chaining,Backward chaining,175,0.15848630757593893,0.019321496197603743,0.2547435779562416,0.000999000999000999,bits per held-out trace,-0.2067633428148752,-0.273674705397626,-0.12885472395984618,standardized rate difference: domain minus other domains,0.001510300722899148,True
gemma4_e4b,Gemma 4 E4B,gpqa,GPQA,cognitive,amount,verification,Verification,500,0.036419382882556944,0.01750226271220742,0.05269404000992519,0.000999000999000999,bits per held-out trace,-0.05899258489520014,-0.13289722373790835,0.01595553939550862,standardized rate difference: domain minus other domains,0.001510300722899148,True
gemma4_e4b,Gemma 4 E4B,gpqa,GPQA,cognitive,amount,backtracking,Backtracking,500,0.035127337074493066,0.01644709370177604,0.05505087726935783,0.000999000999000999,bits per held-out trace,0.3555733102914986,0.2438031435154277,0.4659159596292317,standardized rate difference: domain minus other domains,0.001510300722899148,True
gemma4_e4b,Gemma 4 E4B,gpqa,GPQA,cognitive,amount,subgoal,Subgoal setting,500,0.03374516874197623,-0.001281016737453603,0.06893368340726366,0.04995004995004995,bits per held-out trace,-0.37194738223142726,-0.43887163825279313,-0.30600624618147526,standardized rate difference: domain minus other domains,0.06147698455390763,False
gemma4_e4b,Gemma 4 E4B,gpqa,GPQA,cognitive,amount,backward_chaining,Backward chaining,500,-0.00967867007405227,-0.026361860324265136,0.006839032690692569,0.8461538461538461,bits per held-out trace,0.32300343664132575,0.20519328102531692,0.4469973088597059,standardized rate difference: domain minus other domains,0.8573168256545565,False
gemma4_e4b,Gemma 4 E4B,planning,Planning,cognitive,amount,verification,Verification,500,0.2712114965402558,0.2009476538948531,0.3405337709651407,0.000999000999000999,bits per held-out trace,0.8895540606001077,0.7852121664856407,0.9873107506777306,standardized rate difference: domain minus other domains,0.001510300722899148,True
gemma4_e4b,Gemma 4 E4B,planning,Planning,cognitive,amount,backtracking,Backtracking,500,0.09868329398464562,0.035609512852567256,0.15313937864459834,0.000999000999000999,bits per held-out trace,-0.3957161514509252,-0.45877061859480417,-0.3346151553003467,standardized rate difference: domain minus other domains,0.001510300722899148,True
gemma4_e4b,Gemma 4 E4B,planning,Planning,cognitive,amount,subgoal,Subgoal setting,500,0.27678081334531235,0.21661060949251063,0.33048627201692293,0.000999000999000999,bits per held-out trace,-0.9895778916203978,-1.0391388882864108,-0.9414623281152101,standardized rate difference: domain minus other domains,0.001510300722899148,True
gemma4_e4b,Gemma 4 E4B,planning,Planning,cognitive,amount,backward_chaining,Backward chaining,500,-0.00171915562591386,-0.017555651924055723,0.014756917645060067,0.5854145854145855,bits per held-out trace,0.2263846935996336,0.10004647608219958,0.3645668184888933,standardized rate difference: domain minus other domains,0.6092119262850971,False
gemma4_e4b,Gemma 4 E4B,moral,Moral,cognitive,amount,verification,Verification,500,-0.010229066244768227,-0.04804799721874543,0.027993738066516546,0.6743256743256744,bits per held-out trace,0.19204229563622532,0.06517827115219382,0.31299785399186325,standardized rate difference: domain minus other domains,0.6960781154329542,False
gemma4_e4b,Gemma 4 E4B,moral,Moral,cognitive,amount,backtracking,Backtracking,500,1.4186662059079147e-05,-0.019064871382853607,0.02033413635387253,0.4785214785214785,bits per held-out trace,0.2287221792749275,0.106989137652692,0.3539506114936877,standardized rate difference: domain minus other domains,0.511844701259743,False
gemma4_e4b,Gemma 4 E4B,moral,Moral,cognitive,amount,subgoal,Subgoal setting,500,0.05932234725075205,0.04503467892479307,0.07315448714583014,0.000999000999000999,bits per held-out trace,1.1555217431389975,1.0706522496980078,1.2413557334388685,standardized rate difference: domain minus other domains,0.001510300722899148,True
gemma4_e4b,Gemma 4 E4B,moral,Moral,cognitive,amount,backward_chaining,Backward chaining,500,0.06861003160164504,0.060380586412518006,0.076957846550941,0.000999000999000999,bits per held-out trace,-0.38659271563012976,-0.42660336127719556,-0.34824325141077334,standardized rate difference: domain minus other domains,0.001510300722899148,True
gemma4_e4b,Gemma 4 E4B,idea,Idea,cognitive,amount,verification,Verification,500,0.039454370733289425,0.031612873247679016,0.047555381097333364,0.000999000999000999,bits per held-out trace,-0.1447469116899659,-0.21608083572709252,-0.06498510082615955,standardized rate difference: domain minus other domains,0.001510300722899148,True
gemma4_e4b,Gemma 4 E4B,idea,Idea,cognitive,amount,backtracking,Backtracking,500,0.019688299359003517,0.004634315073786596,0.034987682249125,0.01098901098901099,bits per held-out trace,-0.24715926314525366,-0.31450721437279755,-0.17171241648513785,standardized rate difference: domain minus other domains,0.014703066967875331,True
gemma4_e4b,Gemma 4 E4B,idea,Idea,cognitive,amount,subgoal,Subgoal setting,500,0.14830538315443786,0.13146616525476182,0.16619554278284915,0.000999000999000999,bits per held-out trace,0.5079258354923799,0.45178260808014764,0.5624985473889719,standardized rate difference: domain minus other domains,0.001510300722899148,True
gemma4_e4b,Gemma 4 E4B,idea,Idea,cognitive,amount,backward_chaining,Backward chaining,500,0.03093751646164623,0.008133859391614106,0.04343181294671601,0.000999000999000999,bits per held-out trace,-0.38284858520498494,-0.42257425779885527,-0.3451362369253299,standardized rate difference: domain minus other domains,0.001510300722899148,True
gemma4_e4b,Gemma 4 E4B,safety,Safety,cognitive,amount,verification,Verification,57,0.15049473753529602,-0.06379501540372486,0.3379168176022027,0.06793206793206794,bits per held-out trace,-1.1105605788138113,-1.2278129488546279,-0.9799044662564281,standardized rate difference: domain minus other domains,0.0825503610313737,False
gemma4_e4b,Gemma 4 E4B,safety,Safety,cognitive,amount,backtracking,Backtracking,57,0.20300578106575665,-0.0050811603939194495,0.4322333771452647,0.03996003996003996,bits per held-out trace,1.0137714797878163,0.6050181266029993,1.3591787793023287,standardized rate difference: domain minus other domains,0.050145932498873676,False
gemma4_e4b,Gemma 4 E4B,safety,Safety,cognitive,amount,subgoal,Subgoal setting,57,-0.03500017851433429,-0.15613616052515564,0.06907303610453602,0.7302697302697303,bits per held-out trace,1.3036614822994341,1.0513563613650874,1.5869546232723764,standardized rate difference: domain minus other domains,0.7518058349157545,False
gemma4_e4b,Gemma 4 E4B,safety,Safety,cognitive,amount,backward_chaining,Backward chaining,57,0.025783546741851786,0.016677962175262004,0.03466069444312157,0.000999000999000999,bits per held-out trace,-0.3323963317617286,-0.3667406492496343,-0.2962268605085515,standardized rate difference: domain minus other domains,0.001510300722899148,True
gemma4_e4b,Gemma 4 E4B,security,Security,cognitive,amount,verification,Verification,500,0.2533665823313245,0.1910452067185445,0.31643001955621897,0.000999000999000999,bits per held-out trace,-0.49738797972441456,-0.5649684191008408,-0.42995899598385007,standardized rate difference: domain minus other domains,0.001510300722899148,True
gemma4_e4b,Gemma 4 E4B,security,Security,cognitive,amount,backtracking,Backtracking,500,0.07531837970397004,0.05145822429338748,0.09906406208321016,0.000999000999000999,bits per held-out trace,0.25532148784663233,0.1611626618341571,0.351958523944947,standardized rate difference: domain minus other domains,0.001510300722899148,True
gemma4_e4b,Gemma 4 E4B,security,Security,cognitive,amount,subgoal,Subgoal setting,500,0.10940510948563162,0.07887873415039406,0.1417777874349098,0.000999000999000999,bits per held-out trace,-0.5372457891621539,-0.608354910112158,-0.4662351207807927,standardized rate difference: domain minus other domains,0.001510300722899148,True
gemma4_e4b,Gemma 4 E4B,security,Security,cognitive,amount,backward_chaining,Backward chaining,500,0.08460836515095506,0.05701574810811655,0.11201517087005049,0.000999000999000999,bits per held-out trace,0.5232836024912836,0.3896631650906752,0.6456177210833571,standardized rate difference: domain minus other domains,0.001510300722899148,True
gemma4_31b,Gemma 4 31B,math,Math,conversational,amount,Question_and_Answering,Question–answer,499,-0.012479451595351845,-0.03518708827541151,0.00653841554681309,0.8811188811188811,bits per held-out trace,-0.36822051793209337,-0.46255032056596757,-0.2639625986974341,standardized rate difference: domain minus other domains,0.8880568250646991,False
gemma4_31b,Gemma 4 31B,math,Math,conversational,amount,Perspective_Shift,Perspective shift,499,0.3702585965299651,0.22844619595515417,0.5014866647600397,0.000999000999000999,bits per held-out trace,-0.9126371306380119,-0.9845745424541965,-0.8422442778521546,standardized rate difference: domain minus other domains,0.001510300722899148,True
gemma4_31b,Gemma 4 31B,math,Math,conversational,amount,Conflict_of_Perspectives,Perspective conflict,499,0.2390893845010515,0.1735265699222804,0.29719331647835057,0.000999000999000999,bits per held-out trace,-0.8992129276499193,-0.9611469309428069,-0.8265543839190835,standardized rate difference: domain minus other domains,0.001510300722899148,True
gemma4_31b,Gemma 4 31B,math,Math,conversational,amount,Reconciliation,Reconciliation,499,0.007229261810556224,-0.013633909940604504,0.02396808542053751,0.24375624375624375,bits per held-out trace,-0.28713138366917895,-0.3907611405190602,-0.17944093694523586,standardized rate difference: domain minus other domains,0.2705271607005711,False
gemma4_31b,Gemma 4 31B,code,Code,conversational,amount,Question_and_Answering,Question–answer,175,0.5052524914020236,0.34953752923578174,0.6494667971104298,0.000999000999000999,bits per held-out trace,-0.4789535110815467,-0.5577650258264694,-0.39740047514782306,standardized rate difference: domain minus other domains,0.001510300722899148,True
gemma4_31b,Gemma 4 31B,code,Code,conversational,amount,Perspective_Shift,Perspective shift,175,0.2507425057450192,0.135440089380322,0.3645925080499532,0.000999000999000999,bits per held-out trace,-0.7525115486589742,-0.8150240957856244,-0.685871286290881,standardized rate difference: domain minus other domains,0.001510300722899148,True
gemma4_31b,Gemma 4 31B,code,Code,conversational,amount,Conflict_of_Perspectives,Perspective conflict,175,0.3325878963624364,0.25468635669227063,0.40582475467482704,0.000999000999000999,bits per held-out trace,-0.4045505998810589,-0.4986534515090525,-0.3164086699686262,standardized rate difference: domain minus other domains,0.001510300722899148,True
gemma4_31b,Gemma 4 31B,code,Code,conversational,amount,Reconciliation,Reconciliation,175,-0.011382068994864283,-0.0429311204526845,0.018995374615859924,0.7412587412587412,bits per held-out trace,-0.048384655502049706,-0.153964155653454,0.05653418055492891,standardized rate difference: domain minus other domains,0.7590489510489511,False
gemma4_31b,Gemma 4 31B,gpqa,GPQA,conversational,amount,Question_and_Answering,Question–answer,500,0.02918546385872106,0.011271819688694737,0.0432342493046573,0.000999000999000999,bits per held-out trace,0.04073829700953781,-0.032021620308150825,0.11304543465622591,standardized rate difference: domain minus other domains,0.001510300722899148,True
gemma4_31b,Gemma 4 31B,gpqa,GPQA,conversational,amount,Perspective_Shift,Perspective shift,500,0.21461364559212037,0.1780253788938319,0.2553689733346347,0.000999000999000999,bits per held-out trace,-0.348027024389632,-0.407684843405902,-0.287748957028732,standardized rate difference: domain minus other domains,0.001510300722899148,True
gemma4_31b,Gemma 4 31B,gpqa,GPQA,conversational,amount,Conflict_of_Perspectives,Perspective conflict,500,0.16454877884985114,0.12654858694093496,0.20320531573882475,0.000999000999000999,bits per held-out trace,0.3811142474132308,0.3056364430583793,0.46019019582517723,standardized rate difference: domain minus other domains,0.001510300722899148,True
gemma4_31b,Gemma 4 31B,gpqa,GPQA,conversational,amount,Reconciliation,Reconciliation,500,0.04265877778121476,0.009348745531846945,0.07538417787252097,0.003996003996003996,bits per held-out trace,0.4676965438709284,0.38223478244127457,0.548345539697243,standardized rate difference: domain minus other domains,0.005790435979115225,True
gemma4_31b,Gemma 4 31B,planning,Planning,conversational,amount,Question_and_Answering,Question–answer,500,0.09375421828125664,0.054840217870399305,0.132160047569888,0.001998001998001998,bits per held-out trace,0.629931072489015,0.526773623646682,0.7374812787216466,standardized rate difference: domain minus other domains,0.002950895258587566,True
gemma4_31b,Gemma 4 31B,planning,Planning,conversational,amount,Perspective_Shift,Perspective shift,500,0.22075550239750902,0.17150500281329073,0.26073652943875364,0.000999000999000999,bits per held-out trace,-0.6594138428099193,-0.7097717570469191,-0.6086805659402824,standardized rate difference: domain minus other domains,0.001510300722899148,True
gemma4_31b,Gemma 4 31B,planning,Planning,conversational,amount,Conflict_of_Perspectives,Perspective conflict,500,0.3235172353347558,0.22545921085094225,0.41872331139714825,0.000999000999000999,bits per held-out trace,-0.6409557828224575,-0.698676698444727,-0.5792338639562088,standardized rate difference: domain minus other domains,0.001510300722899148,True
gemma4_31b,Gemma 4 31B,planning,Planning,conversational,amount,Reconciliation,Reconciliation,500,0.06318832862308199,0.037094860302760935,0.09093364366545437,0.000999000999000999,bits per held-out trace,-0.24331321869664144,-0.30714045867518547,-0.1800158455035946,standardized rate difference: domain minus other domains,0.001510300722899148,True
gemma4_31b,Gemma 4 31B,moral,Moral,conversational,amount,Question_and_Answering,Question–answer,500,0.017344213159622413,0.0088802088342392,0.025946073816040152,0.000999000999000999,bits per held-out trace,-0.09425322593256982,-0.16654696795472734,-0.020003298377087173,standardized rate difference: domain minus other domains,0.001510300722899148,True
gemma4_31b,Gemma 4 31B,moral,Moral,conversational,amount,Perspective_Shift,Perspective shift,500,0.8572200604795932,0.7834887595548984,0.9226846615683735,0.000999000999000999,bits per held-out trace,1.3345983443863838,1.2619325617635082,1.4035680471722103,standardized rate difference: domain minus other domains,0.001510300722899148,True
gemma4_31b,Gemma 4 31B,moral,Moral,conversational,amount,Conflict_of_Perspectives,Perspective conflict,500,0.12104772408248432,0.08674060953668271,0.15772727630541783,0.000999000999000999,bits per held-out trace,0.17734288021433808,0.08942564240617365,0.25703517608508714,standardized rate difference: domain minus other domains,0.001510300722899148,True
gemma4_31b,Gemma 4 31B,moral,Moral,conversational,amount,Reconciliation,Reconciliation,500,0.09115880395133656,0.05259964421726641,0.12779763800257019,0.000999000999000999,bits per held-out trace,0.7335626588621782,0.6296091721079365,0.8382409323290784,standardized rate difference: domain minus other domains,0.001510300722899148,True
gemma4_31b,Gemma 4 31B,idea,Idea,conversational,amount,Question_and_Answering,Question–answer,500,0.07725151109039917,0.03824431956199164,0.11527125628779825,0.000999000999000999,bits per held-out trace,0.6956579525679929,0.5901993379719059,0.7943133415325934,standardized rate difference: domain minus other domains,0.001510300722899148,True
gemma4_31b,Gemma 4 31B,idea,Idea,conversational,amount,Perspective_Shift,Perspective shift,500,0.4222891099540053,0.3777834136317995,0.46425317070736655,0.000999000999000999,bits per held-out trace,1.242641663247069,1.1741921589090392,1.3149211766419415,standardized rate difference: domain minus other domains,0.001510300722899148,True
gemma4_31b,Gemma 4 31B,idea,Idea,conversational,amount,Conflict_of_Perspectives,Perspective conflict,500,0.6193505771508235,0.557331527692927,0.6768464589179992,0.000999000999000999,bits per held-out trace,1.4403372226745017,1.369280123850665,1.5092411665068448,standardized rate difference: domain minus other domains,0.001510300722899148,True
gemma4_31b,Gemma 4 31B,idea,Idea,conversational,amount,Reconciliation,Reconciliation,500,0.04699901038241111,0.018986930281991155,0.07524283858408078,0.000999000999000999,bits per held-out trace,-0.2664078789379652,-0.3400288740580581,-0.18547845097842983,standardized rate difference: domain minus other domains,0.001510300722899148,True
gemma4_31b,Gemma 4 31B,safety,Safety,conversational,amount,Question_and_Answering,Question–answer,313,0.018710825043150643,0.0007482461829787334,0.03345315329458003,0.013986013986013986,bits per held-out trace,-0.6939603023102182,-0.7820326209523422,-0.5982060187132029,standardized rate difference: domain minus other domains,0.01845577103309062,True
gemma4_31b,Gemma 4 31B,safety,Safety,conversational,amount,Perspective_Shift,Perspective shift,313,0.04527120977625876,-0.02531195518397784,0.11441852233553665,0.12387612387612387,bits per held-out trace,-0.06427509969073328,-0.20835142959251288,0.07643140073281064,standardized rate difference: domain minus other domains,0.14458489838429048,False
gemma4_31b,Gemma 4 31B,safety,Safety,conversational,amount,Conflict_of_Perspectives,Perspective conflict,313,0.013790724366120607,-0.022795822771632567,0.04672314179662609,0.1958041958041958,bits per held-out trace,-0.9125044204829676,-0.9884038095609488,-0.838090707847099,standardized rate difference: domain minus other domains,0.219850325113483,False
gemma4_31b,Gemma 4 31B,safety,Safety,conversational,amount,Reconciliation,Reconciliation,313,-0.006141549751468595,-0.024159210294679385,0.00921691941932967,0.7472527472527473,bits per held-out trace,-0.9482089476380907,-1.0391409248705308,-0.8475803399318873,standardized rate difference: domain minus other domains,0.7631517418751461,False
gemma4_31b,Gemma 4 31B,security,Security,conversational,amount,Question_and_Answering,Question–answer,496,0.08841034241562248,0.03831677276685719,0.1354184987065193,0.000999000999000999,bits per held-out trace,-0.25864210809632227,-0.33327929134052725,-0.18799070255033878,standardized rate difference: domain minus other domains,0.001510300722899148,True
gemma4_31b,Gemma 4 31B,security,Security,conversational,amount,Perspective_Shift,Perspective shift,496,0.2610969909384076,0.1904411893805484,0.33201535086512485,0.000999000999000999,bits per held-out trace,-0.32602351862118245,-0.38986128066255676,-0.26329853025145666,standardized rate difference: domain minus other domains,0.001510300722899148,True
gemma4_31b,Gemma 4 31B,security,Security,conversational,amount,Conflict_of_Perspectives,Perspective conflict,496,0.0978127039485517,0.04875127311933135,0.14759720092647197,0.000999000999000999,bits per held-out trace,0.30597411808716807,0.2079642471354296,0.39800077142437695,standardized rate difference: domain minus other domains,0.001510300722899148,True
gemma4_31b,Gemma 4 31B,security,Security,conversational,amount,Reconciliation,Reconciliation,496,0.048935789607517204,0.0340345602633202,0.06400097109420845,0.000999000999000999,bits per held-out trace,0.2463271067348701,0.16289083080806532,0.3298287838947582,standardized rate difference: domain minus other domains,0.001510300722899148,True
gemma4_31b,Gemma 4 31B,math,Math,cognitive,amount,verification,Verification,499,0.21082003621995607,0.15555609795201542,0.26736481267575934,0.000999000999000999,bits per held-out trace,0.08231261946977561,0.002019285023801704,0.17666497073460957,standardized rate difference: domain minus other domains,0.001510300722899148,True
gemma4_31b,Gemma 4 31B,math,Math,cognitive,amount,backtracking,Backtracking,499,0.07741723464664337,0.05199639200678606,0.09995059346830322,0.000999000999000999,bits per held-out trace,-0.5181368834653931,-0.5773163395409758,-0.4640974732670642,standardized rate difference: domain minus other domains,0.001510300722899148,True
gemma4_31b,Gemma 4 31B,math,Math,cognitive,amount,subgoal,Subgoal setting,499,0.06771192882055392,0.01530729607886361,0.11603799903349815,0.006993006993006993,bits per held-out trace,-0.08309179667275716,-0.16495993162622763,0.004102183139456059,standardized rate difference: domain minus other domains,0.00972940103374886,True
gemma4_31b,Gemma 4 31B,math,Math,cognitive,amount,backward_chaining,Backward chaining,499,0.019763926881891228,0.0055395559505976005,0.03860970177232466,0.005994005994005994,bits per held-out trace,-0.06739662784440857,-0.16252599643581103,0.03337336780636805,standardized rate difference: domain minus other domains,0.008431129310250191,True
gemma4_31b,Gemma 4 31B,code,Code,cognitive,amount,verification,Verification,175,0.29706561404016674,0.18068446146306577,0.40337084654001015,0.000999000999000999,bits per held-out trace,-0.09856596832070974,-0.18853885008024007,-0.006623922827369862,standardized rate difference: domain minus other domains,0.001510300722899148,True
gemma4_31b,Gemma 4 31B,code,Code,cognitive,amount,backtracking,Backtracking,175,0.4684405886721093,0.39676712648325285,0.5276875845379924,0.000999000999000999,bits per held-out trace,-0.2282093028215457,-0.29328827437497385,-0.1608683262315265,standardized rate difference: domain minus other domains,0.001510300722899148,True
gemma4_31b,Gemma 4 31B,code,Code,cognitive,amount,subgoal,Subgoal setting,175,0.37000784937040926,0.28788110757142743,0.4624390498366183,0.000999000999000999,bits per held-out trace,-0.06356971153951409,-0.15991680020876145,0.05860667486900125,standardized rate difference: domain minus other domains,0.001510300722899148,True
gemma4_31b,Gemma 4 31B,code,Code,cognitive,amount,backward_chaining,Backward chaining,175,0.0813431435294846,-0.02464469412063341,0.15795789406798524,0.04895104895104895,bits per held-out trace,-0.12127020955081295,-0.20006378060400068,-0.025865779490550446,standardized rate difference: domain minus other domains,0.06044116655049131,False
gemma4_31b,Gemma 4 31B,gpqa,GPQA,cognitive,amount,verification,Verification,500,0.13892219588755678,0.10847648960729445,0.17260284471410617,0.000999000999000999,bits per held-out trace,0.49157922215240807,0.420802440252327,0.5708714169701009,standardized rate difference: domain minus other domains,0.001510300722899148,True
gemma4_31b,Gemma 4 31B,gpqa,GPQA,cognitive,amount,backtracking,Backtracking,500,0.2105208396727577,0.17457455799040214,0.24670841503239105,0.000999000999000999,bits per held-out trace,0.4161600492503486,0.33004215872671305,0.5088468271030058,standardized rate difference: domain minus other domains,0.001510300722899148,True
gemma4_31b,Gemma 4 31B,gpqa,GPQA,cognitive,amount,subgoal,Subgoal setting,500,0.15112408294656843,0.11951225968728463,0.1817311452153658,0.000999000999000999,bits per held-out trace,-0.5560153807403375,-0.600451570354887,-0.5130994105071406,standardized rate difference: domain minus other domains,0.001510300722899148,True
gemma4_31b,Gemma 4 31B,gpqa,GPQA,cognitive,amount,backward_chaining,Backward chaining,500,0.005222130631998517,-0.00531576781392572,0.014587095817043972,0.1838161838161838,bits per held-out trace,0.1374853342697872,0.05334965728003038,0.2295610822974274,standardized rate difference: domain minus other domains,0.207604160545337,False
gemma4_31b,Gemma 4 31B,planning,Planning,cognitive,amount,verification,Verification,500,0.37171240756705426,0.2774034190404073,0.4671894877376287,0.000999000999000999,bits per held-out trace,1.1043191721401047,1.0184940187624614,1.1920249831337324,standardized rate difference: domain minus other domains,0.001510300722899148,True
gemma4_31b,Gemma 4 31B,planning,Planning,cognitive,amount,backtracking,Backtracking,500,0.27964938686219126,0.20203744544439178,0.35253403746225354,0.000999000999000999,bits per held-out trace,-0.43010726694306356,-0.4757611288203826,-0.38467983254991484,standardized rate difference: domain minus other domains,0.001510300722899148,True
gemma4_31b,Gemma 4 31B,planning,Planning,cognitive,amount,subgoal,Subgoal setting,500,0.20647730676975426,0.13730762170786656,0.27218788118840404,0.000999000999000999,bits per held-out trace,-0.6880168465348055,-0.735375744005437,-0.6410411340564349,standardized rate difference: domain minus other domains,0.001510300722899148,True
gemma4_31b,Gemma 4 31B,planning,Planning,cognitive,amount,backward_chaining,Backward chaining,500,0.04441615890751453,0.012970869457586373,0.07852743479457229,0.006993006993006993,bits per held-out trace,0.557978314983822,0.3880986947870276,0.7352377644727263,standardized rate difference: domain minus other domains,0.00972940103374886,True
gemma4_31b,Gemma 4 31B,moral,Moral,cognitive,amount,verification,Verification,500,1.0470873850337503,0.9842650024491294,1.1043704314231706,0.000999000999000999,bits per held-out trace,-1.3741878774326781,-1.4096284880577916,-1.33819197175395,standardized rate difference: domain minus other domains,0.001510300722899148,True
gemma4_31b,Gemma 4 31B,moral,Moral,cognitive,amount,backtracking,Backtracking,500,0.059204823090285755,0.04012405330544286,0.07724224928876335,0.000999000999000999,bits per held-out trace,-0.5159794413774056,-0.5646832147321574,-0.4655511773466872,standardized rate difference: domain minus other domains,0.001510300722899148,True
gemma4_31b,Gemma 4 31B,moral,Moral,cognitive,amount,subgoal,Subgoal setting,500,0.6260909753027534,0.5655002777961473,0.6872755508503848,0.000999000999000999,bits per held-out trace,1.8369735177764668,1.7407369278624276,1.938216367600297,standardized rate difference: domain minus other domains,0.001510300722899148,True
gemma4_31b,Gemma 4 31B,moral,Moral,cognitive,amount,backward_chaining,Backward chaining,500,0.01711698280543147,-0.010064684892119648,0.03209147797168135,0.00999000999000999,bits per held-out trace,-0.27981423648081244,-0.32289298088561347,-0.23998177255345493,standardized rate difference: domain minus other domains,0.013603417858737006,False
gemma4_31b,Gemma 4 31B,idea,Idea,cognitive,amount,verification,Verification,500,0.23027511055239666,0.19802082642958715,0.2615039814864572,0.000999000999000999,bits per held-out trace,0.5002573993189371,0.435480837991128,0.5726102588496481,standardized rate difference: domain minus other domains,0.001510300722899148,True
gemma4_31b,Gemma 4 31B,idea,Idea,cognitive,amount,backtracking,Backtracking,500,0.39216896086167147,0.2968959781124643,0.49093915569184193,0.000999000999000999,bits per held-out trace,1.2622712295744556,1.1236727522434986,1.4077065641631226,standardized rate difference: domain minus other domains,0.001510300722899148,True
gemma4_31b,Gemma 4 31B,idea,Idea,cognitive,amount,subgoal,Subgoal setting,500,0.17159670447765535,0.12667663679935992,0.21573338616201831,0.000999000999000999,bits per held-out trace,0.2993692491624173,0.22780561960870208,0.3715445279574183,standardized rate difference: domain minus other domains,0.001510300722899148,True
gemma4_31b,Gemma 4 31B,idea,Idea,cognitive,amount,backward_chaining,Backward chaining,500,0.02441610476700079,0.006211176944810532,0.03521523627151132,0.000999000999000999,bits per held-out trace,-0.28314212798007266,-0.3243170828375633,-0.2463829475533516,standardized rate difference: domain minus other domains,0.001510300722899148,True
gemma4_31b,Gemma 4 31B,safety,Safety,cognitive,amount,verification,Verification,313,0.280636830927805,0.2023696238983713,0.3543413791653747,0.000999000999000999,bits per held-out trace,-1.2993359920431307,-1.3427170359204745,-1.2558990944374921,standardized rate difference: domain minus other domains,0.001510300722899148,True
gemma4_31b,Gemma 4 31B,safety,Safety,cognitive,amount,backtracking,Backtracking,313,0.005720438066928198,-0.014954845316171696,0.027295715244860026,0.3036963036963037,bits per held-out trace,-0.5158084923502033,-0.5901527308470998,-0.44090718324399464,standardized rate difference: domain minus other domains,0.332248947633563,False
gemma4_31b,Gemma 4 31B,safety,Safety,cognitive,amount,subgoal,Subgoal setting,313,-0.03426331027263622,-0.07843340993307109,0.0025029856844214437,0.9460539460539461,bits per held-out trace,-0.3223620379375395,-0.43839953815937743,-0.19816440898918142,standardized rate difference: domain minus other domains,0.9485240607956013,False
gemma4_31b,Gemma 4 31B,safety,Safety,cognitive,amount,backward_chaining,Backward chaining,313,0.008327375945089352,0.006430492168785114,0.010178870470475394,0.000999000999000999,bits per held-out trace,-0.2730884171806531,-0.31112552969833857,-0.23877350058392827,standardized rate difference: domain minus other domains,0.001510300722899148,True
gemma4_31b,Gemma 4 31B,security,Security,cognitive,amount,verification,Verification,496,0.22697144197239544,0.18246830306757456,0.2704989425368584,0.000999000999000999,bits per held-out trace,0.09914876383206699,0.02600117973222941,0.1665582628774766,standardized rate difference: domain minus other domains,0.001510300722899148,True
gemma4_31b,Gemma 4 31B,security,Security,cognitive,amount,backtracking,Backtracking,496,0.2127045969122812,0.17564357748331877,0.24760374488955947,0.000999000999000999,bits per held-out trace,0.21809757089935256,0.13317219331422991,0.2981683144697435,standardized rate difference: domain minus other domains,0.001510300722899148,True
gemma4_31b,Gemma 4 31B,security,Security,cognitive,amount,subgoal,Subgoal setting,496,0.3280170065748843,0.26657250597377646,0.3928224231546659,0.000999000999000999,bits per held-out trace,-0.5740634223582818,-0.61942666664965,-0.5253885663847127,standardized rate difference: domain minus other domains,0.001510300722899148,True
gemma4_31b,Gemma 4 31B,security,Security,cognitive,amount,backward_chaining,Backward chaining,496,0.01909162672294677,0.00792210934246257,0.030159077835905466,0.000999000999000999,bits per held-out trace,0.1646141510104289,0.08631108949530081,0.2556037900252948,standardized rate difference: domain minus other domains,0.001510300722899148,True
qwen35_4b,Qwen3.5 4B,math,Math,conversational,amount,Question_and_Answering,Question–answer,409,0.019292242083968736,-0.015089294332360692,0.05094557130574877,0.11788211788211789,bits per held-out trace,0.018434084403305715,-0.07990292127007967,0.11620745945034734,standardized rate difference: domain minus other domains,0.13843037696248706,False
qwen35_4b,Qwen3.5 4B,math,Math,conversational,amount,Perspective_Shift,Perspective shift,409,0.15267241739494097,0.024481019965515136,0.2460864403116323,0.001998001998001998,bits per held-out trace,-0.6262692852596841,-0.7123033445381317,-0.5467657331431063,standardized rate difference: domain minus other domains,0.002950895258587566,True
qwen35_4b,Qwen3.5 4B,math,Math,conversational,amount,Conflict_of_Perspectives,Perspective conflict,409,0.44436631156847983,0.3480086060405188,0.5383121578984879,0.000999000999000999,bits per held-out trace,-0.6486842601646367,-0.717790379104502,-0.578163772638155,standardized rate difference: domain minus other domains,0.001510300722899148,True
qwen35_4b,Qwen3.5 4B,math,Math,conversational,amount,Reconciliation,Reconciliation,409,0.053669038179855494,0.02070674245049268,0.08373345935000641,0.000999000999000999,bits per held-out trace,-0.07685305292754847,-0.17481382710440863,0.02019106689395444,standardized rate difference: domain minus other domains,0.001510300722899148,True
qwen35_4b,Qwen3.5 4B,code,Code,conversational,amount,Question_and_Answering,Question–answer,94,1.3637686491398262,0.7423638429319642,1.7906761961256368,0.000999000999000999,bits per held-out trace,-1.0574114768293745,-1.2337627713381336,-0.8464536081844781,standardized rate difference: domain minus other domains,0.001510300722899148,True
qwen35_4b,Qwen3.5 4B,code,Code,conversational,amount,Perspective_Shift,Perspective shift,94,0.31500325394825923,0.016122619543013788,0.5365902500476402,0.005994005994005994,bits per held-out trace,-0.7270209915294576,-0.8955162729999097,-0.5419506684983001,standardized rate difference: domain minus other domains,0.008431129310250191,True
qwen35_4b,Qwen3.5 4B,code,Code,conversational,amount,Conflict_of_Perspectives,Perspective conflict,94,0.22586611979532337,0.07480230512161187,0.38765122919061823,0.005994005994005994,bits per held-out trace,-0.6423203992104719,-0.7655118092555823,-0.5028832993348799,standardized rate difference: domain minus other domains,0.008431129310250191,True
qwen35_4b,Qwen3.5 4B,code,Code,conversational,amount,Reconciliation,Reconciliation,94,0.04253202841402241,-0.11639318419052326,0.17179798042465128,0.31368631368631367,bits per held-out trace,-0.37472778059756534,-0.5746596109194311,-0.1811673814838097,standardized rate difference: domain minus other domains,0.33931139283251954,False
qwen35_4b,Qwen3.5 4B,gpqa,GPQA,conversational,amount,Question_and_Answering,Question–answer,339,0.016425648058749756,-0.00508397350502947,0.03793949076907395,0.07392607392607392,bits per held-out trace,0.3802567315853757,0.28240842769687674,0.47758922261859355,standardized rate difference: domain minus other domains,0.08926922134469303,False
qwen35_4b,Qwen3.5 4B,gpqa,GPQA,conversational,amount,Perspective_Shift,Perspective shift,339,0.1179241516041703,0.07349193058414359,0.15912662174557257,0.000999000999000999,bits per held-out trace,-0.17184993240527865,-0.24341570215712405,-0.0948734243738064,standardized rate difference: domain minus other domains,0.001510300722899148,True
qwen35_4b,Qwen3.5 4B,gpqa,GPQA,conversational,amount,Conflict_of_Perspectives,Perspective conflict,339,0.2660362602256069,0.19259083832976595,0.3360898492400923,0.000999000999000999,bits per held-out trace,0.6259911526157623,0.5370816993802191,0.708868761488009,standardized rate difference: domain minus other domains,0.001510300722899148,True
qwen35_4b,Qwen3.5 4B,gpqa,GPQA,conversational,amount,Reconciliation,Reconciliation,339,0.05429396473958269,0.02182705635370312,0.0861005785981912,0.000999000999000999,bits per held-out trace,0.34698481337572074,0.2685250731291861,0.42392662590315944,standardized rate difference: domain minus other domains,0.001510300722899148,True
qwen35_4b,Qwen3.5 4B,planning,Planning,conversational,amount,Question_and_Answering,Question–answer,448,0.13647480705824605,0.08177355279246837,0.1951392340465929,0.000999000999000999,bits per held-out trace,0.916038675022597,0.8233854160509306,1.010644558078722,standardized rate difference: domain minus other domains,0.001510300722899148,True
qwen35_4b,Qwen3.5 4B,planning,Planning,conversational,amount,Perspective_Shift,Perspective shift,448,0.08228153468542763,0.06009897069037297,0.1053906359541352,0.000999000999000999,bits per held-out trace,-0.7536820439072502,-0.8155436967343052,-0.6929605015398725,standardized rate difference: domain minus other domains,0.001510300722899148,True
qwen35_4b,Qwen3.5 4B,planning,Planning,conversational,amount,Conflict_of_Perspectives,Perspective conflict,448,0.1706144805158931,0.10675057279033029,0.22476502911686858,0.000999000999000999,bits per held-out trace,-0.6276538444909688,-0.6924523161963525,-0.5607764245737472,standardized rate difference: domain minus other domains,0.001510300722899148,True
qwen35_4b,Qwen3.5 4B,planning,Planning,conversational,amount,Reconciliation,Reconciliation,448,0.13184546724815133,0.08735548451267768,0.17628848739477235,0.000999000999000999,bits per held-out trace,-0.32104945796692025,-0.39190481313206116,-0.2542060073990891,standardized rate difference: domain minus other domains,0.001510300722899148,True
qwen35_4b,Qwen3.5 4B,moral,Moral,conversational,amount,Question_and_Answering,Question–answer,420,-0.0024698303731507717,-0.026428683047701504,0.019612750901309893,0.5454545454545454,bits per held-out trace,-0.1986236637831164,-0.29306655336438664,-0.0937834391164576,standardized rate difference: domain minus other domains,0.5754245754245754,False
qwen35_4b,Qwen3.5 4B,moral,Moral,conversational,amount,Perspective_Shift,Perspective shift,420,0.2255043390282252,0.1915104828000095,0.26572630543366965,0.000999000999000999,bits per held-out trace,0.6189377485223483,0.5482142927599482,0.6948809770054265,standardized rate difference: domain minus other domains,0.001510300722899148,True
qwen35_4b,Qwen3.5 4B,moral,Moral,conversational,amount,Conflict_of_Perspectives,Perspective conflict,420,0.18732575482311747,0.1410067624639387,0.2272623183981198,0.000999000999000999,bits per held-out trace,0.3365130644599923,0.2608702594604076,0.41809720274035445,standardized rate difference: domain minus other domains,0.001510300722899148,True
qwen35_4b,Qwen3.5 4B,moral,Moral,conversational,amount,Reconciliation,Reconciliation,420,0.2008990649232548,0.14252532417955024,0.2659649132023703,0.000999000999000999,bits per held-out trace,0.8053380504732361,0.674186035790001,0.9290884530846428,standardized rate difference: domain minus other domains,0.001510300722899148,True
qwen35_4b,Qwen3.5 4B,idea,Idea,conversational,amount,Question_and_Answering,Question–answer,161,0.23083693334759847,0.1501285120030008,0.3027799726051763,0.000999000999000999,bits per held-out trace,-0.8705465935559822,-0.9570599564050036,-0.7831509999925118,standardized rate difference: domain minus other domains,0.001510300722899148,True
qwen35_4b,Qwen3.5 4B,idea,Idea,conversational,amount,Perspective_Shift,Perspective shift,161,1.3597362337907009,1.2797736771112622,1.4401588598199213,0.000999000999000999,bits per held-out trace,2.443526765640712,2.300760370652295,2.5963505086567817,standardized rate difference: domain minus other domains,0.001510300722899148,True
qwen35_4b,Qwen3.5 4B,idea,Idea,conversational,amount,Conflict_of_Perspectives,Perspective conflict,161,1.1272975085711618,1.0139496208607173,1.2296772791814066,0.000999000999000999,bits per held-out trace,2.3408217777317497,2.173880323641171,2.5011802958793425,standardized rate difference: domain minus other domains,0.001510300722899148,True
qwen35_4b,Qwen3.5 4B,idea,Idea,conversational,amount,Reconciliation,Reconciliation,161,0.20353333811087215,0.12240467874855197,0.27739451407408783,0.000999000999000999,bits per held-out trace,-0.566558697423425,-0.6805436428486532,-0.4561529462061082,standardized rate difference: domain minus other domains,0.001510300722899148,True
qwen35_4b,Qwen3.5 4B,safety,Safety,conversational,amount,Question_and_Answering,Question–answer,291,0.0097979047610136,-0.01970541145473062,0.028461591161080664,0.3106893106893107,bits per held-out trace,-0.4512959429896806,-0.5640782130987082,-0.33612610664921566,standardized rate difference: domain minus other domains,0.33797364108978845,False
qwen35_4b,Qwen3.5 4B,safety,Safety,conversational,amount,Perspective_Shift,Perspective shift,291,0.034697715793173545,-0.013159549023269008,0.07570115541468794,0.06993006993006994,bits per held-out trace,0.045855636537015514,-0.058005799914741175,0.16128441627607829,standardized rate difference: domain minus other domains,0.08471024243894906,False
qwen35_4b,Qwen3.5 4B,safety,Safety,conversational,amount,Conflict_of_Perspectives,Perspective conflict,291,0.05455170166285051,0.025943073468470627,0.08341851126315869,0.000999000999000999,bits per held-out trace,-0.6448977965578526,-0.7317609288090295,-0.5576712590508085,standardized rate difference: domain minus other domains,0.001510300722899148,True
qwen35_4b,Qwen3.5 4B,safety,Safety,conversational,amount,Reconciliation,Reconciliation,291,-0.010425655597428182,-0.03705103104404237,0.015190578920894723,0.7522477522477522,bits per held-out trace,-0.5711223008068317,-0.7040046460873541,-0.42650347987036097,standardized rate difference: domain minus other domains,0.7662152171435991,False
qwen35_4b,Qwen3.5 4B,security,Security,conversational,amount,Question_and_Answering,Question–answer,185,0.05755735490484359,0.0006507558816964251,0.113425963458971,0.024975024975024976,bits per held-out trace,-0.22924204890031832,-0.3705234340379858,-0.0939952100447032,standardized rate difference: domain minus other domains,0.03196803196803197,True
qwen35_4b,Qwen3.5 4B,security,Security,conversational,amount,Perspective_Shift,Perspective shift,185,0.10503515718989848,0.04318637594508948,0.16582269282220097,0.000999000999000999,bits per held-out trace,0.050499596154029776,-0.05672238589712737,0.16592300237005106,standardized rate difference: domain minus other domains,0.001510300722899148,True
qwen35_4b,Qwen3.5 4B,security,Security,conversational,amount,Conflict_of_Perspectives,Perspective conflict,185,0.2206407848182811,0.1096930173047894,0.3097862331496373,0.000999000999000999,bits per held-out trace,0.11927841906582691,-0.003056216606643247,0.24626844254264507,standardized rate difference: domain minus other domains,0.001510300722899148,True
qwen35_4b,Qwen3.5 4B,security,Security,conversational,amount,Reconciliation,Reconciliation,185,0.0191636383979009,-0.026693130549974454,0.06329994668922581,0.21578421578421578,bits per held-out trace,0.16631311405273339,0.021574432235624167,0.30343140479121244,standardized rate difference: domain minus other domains,0.24087540366610133,False
qwen35_4b,Qwen3.5 4B,math,Math,cognitive,amount,verification,Verification,409,0.4338175433918893,0.3360901776344658,0.5277266717159884,0.000999000999000999,bits per held-out trace,0.9455816490448358,0.8508207129760906,1.03697579083006,standardized rate difference: domain minus other domains,0.001510300722899148,True
qwen35_4b,Qwen3.5 4B,math,Math,cognitive,amount,backtracking,Backtracking,409,0.3864048568007049,0.32417150734881506,0.4508220026951739,0.000999000999000999,bits per held-out trace,-0.496317137621652,-0.5543954502071122,-0.4424808382607814,standardized rate difference: domain minus other domains,0.001510300722899148,True
qwen35_4b,Qwen3.5 4B,math,Math,cognitive,amount,subgoal,Subgoal setting,409,0.31562083315956235,0.23859171620550093,0.3898564241092098,0.000999000999000999,bits per held-out trace,0.15180249971309928,0.04696822112318244,0.25436315341140553,standardized rate difference: domain minus other domains,0.001510300722899148,True
qwen35_4b,Qwen3.5 4B,math,Math,cognitive,amount,backward_chaining,Backward chaining,409,0.025966281425695136,0.003413821835782728,0.04637255363443842,0.01098901098901099,bits per held-out trace,-0.08443114351889282,-0.16875807409959873,0.012043810373691505,standardized rate difference: domain minus other domains,0.014703066967875331,True
qwen35_4b,Qwen3.5 4B,code,Code,cognitive,amount,verification,Verification,94,0.2306436468686548,-0.010065575587655737,0.46056112638647945,0.027972027972027972,bits per held-out trace,-0.2352995215923174,-0.4058616730798941,-0.047097428424036136,standardized rate difference: domain minus other domains,0.03568524498757057,False
qwen35_4b,Qwen3.5 4B,code,Code,cognitive,amount,backtracking,Backtracking,94,0.09595651890479295,-0.0747009807216219,0.2502606966832626,0.1258741258741259,bits per held-out trace,-0.22257098137297443,-0.32018280662234333,-0.11594250379799248,standardized rate difference: domain minus other domains,0.14647171010807375,False
qwen35_4b,Qwen3.5 4B,code,Code,cognitive,amount,subgoal,Subgoal setting,94,0.23008758692244605,-0.15293011305618054,0.5800163080549317,0.10589410589410589,bits per held-out trace,-0.38438644292156116,-0.5592204826269883,-0.17613022584609564,standardized rate difference: domain minus other domains,0.1255041255041255,False
qwen35_4b,Qwen3.5 4B,code,Code,cognitive,amount,backward_chaining,Backward chaining,94,0.01694421221941115,-0.10022600429851569,0.11170576139336943,0.33166833166833165,bits per held-out trace,-0.03661511523573535,-0.18342384538162512,0.14978885889756965,standardized rate difference: domain minus other domains,0.3577546049456162,False
qwen35_4b,Qwen3.5 4B,gpqa,GPQA,cognitive,amount,verification,Verification,339,0.051301185534620965,0.014328858688196425,0.09206479388398171,0.00999000999000999,bits per held-out trace,0.41435779575577086,0.32144683791313033,0.5066921012656322,standardized rate difference: domain minus other domains,0.013603417858737006,True
qwen35_4b,Qwen3.5 4B,gpqa,GPQA,cognitive,amount,backtracking,Backtracking,339,0.2552431961351641,0.20310581333748443,0.31106027865572194,0.000999000999000999,bits per held-out trace,-0.08439397715556213,-0.15071195523268177,-0.02347997747302504,standardized rate difference: domain minus other domains,0.001510300722899148,True
qwen35_4b,Qwen3.5 4B,gpqa,GPQA,cognitive,amount,subgoal,Subgoal setting,339,0.06355717549331913,0.04424456259326138,0.0832724926552105,0.000999000999000999,bits per held-out trace,-0.7252078582037922,-0.7797296740027653,-0.6690039448023518,standardized rate difference: domain minus other domains,0.001510300722899148,True
qwen35_4b,Qwen3.5 4B,gpqa,GPQA,cognitive,amount,backward_chaining,Backward chaining,339,0.010362375663637144,-0.00039712707052136224,0.021506728084184294,0.04095904095904096,bits per held-out trace,0.34696313856751776,0.23389822154242534,0.4756623925790541,standardized rate difference: domain minus other domains,0.05123215546668315,False
qwen35_4b,Qwen3.5 4B,planning,Planning,cognitive,amount,verification,Verification,448,0.20910091777875342,0.16442514501783628,0.25949376898981835,0.000999000999000999,bits per held-out trace,0.8944882048701196,0.8132382314865436,0.9717647372248999,standardized rate difference: domain minus other domains,0.001510300722899148,True
qwen35_4b,Qwen3.5 4B,planning,Planning,cognitive,amount,backtracking,Backtracking,448,0.293847273151097,0.21745040190309908,0.36335638105358825,0.000999000999000999,bits per held-out trace,-0.6243102243816292,-0.6717306484808345,-0.5780814044182819,standardized rate difference: domain minus other domains,0.001510300722899148,True
qwen35_4b,Qwen3.5 4B,planning,Planning,cognitive,amount,subgoal,Subgoal setting,448,0.17729424981578193,0.10564029305524646,0.23538947332195018,0.000999000999000999,bits per held-out trace,-0.9700458165180543,-1.023540582118138,-0.919106848224529,standardized rate difference: domain minus other domains,0.001510300722899148,True
qwen35_4b,Qwen3.5 4B,planning,Planning,cognitive,amount,backward_chaining,Backward chaining,448,0.029549769587504826,0.005787152255433973,0.056173435229738826,0.01098901098901099,bits per held-out trace,0.5492998978699497,0.3960052825686243,0.7293744182531701,standardized rate difference: domain minus other domains,0.014703066967875331,True
qwen35_4b,Qwen3.5 4B,moral,Moral,cognitive,amount,verification,Verification,420,0.5252645414415852,0.40931308210433365,0.6033533194621434,0.000999000999000999,bits per held-out trace,-1.3011489900435653,-1.3507942554998558,-1.2453639753302397,standardized rate difference: domain minus other domains,0.001510300722899148,True
qwen35_4b,Qwen3.5 4B,moral,Moral,cognitive,amount,backtracking,Backtracking,420,0.28509395119418385,0.2350776269766089,0.3360820009817945,0.000999000999000999,bits per held-out trace,0.09909398759379498,0.03601026095244652,0.16033466138803446,standardized rate difference: domain minus other domains,0.001510300722899148,True
qwen35_4b,Qwen3.5 4B,moral,Moral,cognitive,amount,subgoal,Subgoal setting,420,0.18052036168254124,0.13786352385349168,0.21474526434254793,0.000999000999000999,bits per held-out trace,1.0852855886654218,1.0001064810765703,1.1718146252828021,standardized rate difference: domain minus other domains,0.001510300722899148,True
qwen35_4b,Qwen3.5 4B,moral,Moral,cognitive,amount,backward_chaining,Backward chaining,420,0.025082781570518443,0.012886387291326658,0.03418557270895961,0.000999000999000999,bits per held-out trace,-0.3488585679128877,-0.3964797451529346,-0.3018870145103865,standardized rate difference: domain minus other domains,0.001510300722899148,True
qwen35_4b,Qwen3.5 4B,idea,Idea,cognitive,amount,verification,Verification,161,0.3356130457489002,0.303601931366379,0.36338726005013017,0.000999000999000999,bits per held-out trace,-0.4328973650154894,-0.5074367515417811,-0.3533567117897637,standardized rate difference: domain minus other domains,0.001510300722899148,True
qwen35_4b,Qwen3.5 4B,idea,Idea,cognitive,amount,backtracking,Backtracking,161,2.57678153256115,2.5070287376952045,2.64152529807584,0.000999000999000999,bits per held-out trace,3.425515506323896,3.2616057740145217,3.5913730660325998,standardized rate difference: domain minus other domains,0.001510300722899148,True
qwen35_4b,Qwen3.5 4B,idea,Idea,cognitive,amount,subgoal,Subgoal setting,161,0.2044315607013866,0.16195253347323796,0.24351295823173064,0.000999000999000999,bits per held-out trace,-0.3342415163389537,-0.39648306056536065,-0.2666286955064342,standardized rate difference: domain minus other domains,0.001510300722899148,True
qwen35_4b,Qwen3.5 4B,idea,Idea,cognitive,amount,backward_chaining,Backward chaining,161,0.03287027089311362,-0.0024846032064217176,0.05969441903769972,0.01098901098901099,bits per held-out trace,-0.2872285628614204,-0.3371872893927948,-0.23817458752778936,standardized rate difference: domain minus other domains,0.014703066967875331,False
qwen35_4b,Qwen3.5 4B,safety,Safety,cognitive,amount,verification,Verification,291,0.21540206055072209,0.16605908718230425,0.2571428812324397,0.000999000999000999,bits per held-out trace,-0.8624743753493386,-0.941979747780576,-0.7832550790471545,standardized rate difference: domain minus other domains,0.001510300722899148,True
qwen35_4b,Qwen3.5 4B,safety,Safety,cognitive,amount,backtracking,Backtracking,291,0.0761595452556722,0.03873497265512024,0.11343705798255858,0.000999000999000999,bits per held-out trace,-0.1577989040114931,-0.22894561078745782,-0.08759602397807724,standardized rate difference: domain minus other domains,0.001510300722899148,True
qwen35_4b,Qwen3.5 4B,safety,Safety,cognitive,amount,subgoal,Subgoal setting,291,-0.001779648515942623,-0.05228177255694655,0.046025922322940276,0.5484515484515484,bits per held-out trace,1.1366207135125619,1.0101766298025303,1.2818389363244043,standardized rate difference: domain minus other domains,0.5770010811106702,False
qwen35_4b,Qwen3.5 4B,safety,Safety,cognitive,amount,backward_chaining,Backward chaining,291,0.010026763125941193,0.00796523055695152,0.012823754222093923,0.000999000999000999,bits per held-out trace,-0.33627582544043244,-0.3833450536083444,-0.29258649192081576,standardized rate difference: domain minus other domains,0.001510300722899148,True
qwen35_4b,Qwen3.5 4B,security,Security,cognitive,amount,verification,Verification,185,0.4682565857090031,0.3452300547270028,0.5831877090154967,0.000999000999000999,bits per held-out trace,-0.053199216968498615,-0.19258040275318505,0.08507308176149811,standardized rate difference: domain minus other domains,0.001510300722899148,True
qwen35_4b,Qwen3.5 4B,security,Security,cognitive,amount,backtracking,Backtracking,185,0.5401359406494584,0.4758820892939417,0.6034851854559133,0.000999000999000999,bits per held-out trace,-0.4056985625594472,-0.4673120921477558,-0.34539591268501674,standardized rate difference: domain minus other domains,0.001510300722899148,True
qwen35_4b,Qwen3.5 4B,security,Security,cognitive,amount,subgoal,Subgoal setting,185,0.3773004593576422,0.1850894085168586,0.5411755557926867,0.000999000999000999,bits per held-out trace,-0.4019263876979367,-0.5053772016568208,-0.28951546669253525,standardized rate difference: domain minus other domains,0.001510300722899148,True
qwen35_4b,Qwen3.5 4B,security,Security,cognitive,amount,backward_chaining,Backward chaining,185,0.010295085446240247,-0.00834780330177269,0.025449766024341302,0.1048951048951049,bits per held-out trace,-0.1104964059807483,-0.21169636342844061,0.002792763468564558,standardized rate difference: domain minus other domains,0.12470501634588323,False
qwen35_9b,Qwen3.5 9B,math,Math,conversational,amount,Question_and_Answering,Question–answer,439,0.023314771851610617,-0.002807135691081948,0.04580561062454551,0.03596403596403597,bits per held-out trace,0.13454048430317184,0.03683727082851144,0.2338080284406751,standardized rate difference: domain minus other domains,0.045729105331754345,False
qwen35_9b,Qwen3.5 9B,math,Math,conversational,amount,Perspective_Shift,Perspective shift,439,0.256043096086504,0.19390545801073047,0.3112432663031847,0.000999000999000999,bits per held-out trace,-0.6899157523244626,-0.7592193292933046,-0.61845346498035,standardized rate difference: domain minus other domains,0.001510300722899148,True
qwen35_9b,Qwen3.5 9B,math,Math,conversational,amount,Conflict_of_Perspectives,Perspective conflict,439,0.5595206662707244,0.4646680217416552,0.6539264363087732,0.000999000999000999,bits per held-out trace,-0.7544765002979344,-0.8160251889545486,-0.6817896210456029,standardized rate difference: domain minus other domains,0.001510300722899148,True
qwen35_9b,Qwen3.5 9B,math,Math,conversational,amount,Reconciliation,Reconciliation,439,0.04366227818624642,0.019075425511289705,0.06916604799082389,0.000999000999000999,bits per held-out trace,0.050739846174747215,-0.045173586210839334,0.15246133335155793,standardized rate difference: domain minus other domains,0.001510300722899148,True
qwen35_9b,Qwen3.5 9B,code,Code,conversational,amount,Question_and_Answering,Question–answer,131,1.0827924468115122,0.6016937028241613,1.4883251615365332,0.000999000999000999,bits per held-out trace,-0.9659737275582435,-1.1826226665372352,-0.6790449658145107,standardized rate difference: domain minus other domains,0.001510300722899148,True
qwen35_9b,Qwen3.5 9B,code,Code,conversational,amount,Perspective_Shift,Perspective shift,131,0.20836070531658799,-0.19118074197661383,0.5582357519366618,0.17682317682317683,bits per held-out trace,-0.6957299069536814,-0.8844551880955959,-0.47447133561990645,standardized rate difference: domain minus other domains,0.20088786952692278,False
qwen35_9b,Qwen3.5 9B,code,Code,conversational,amount,Conflict_of_Perspectives,Perspective conflict,131,-0.07601710297930403,-0.35008905493814396,0.15000012035188545,0.6013986013986014,bits per held-out trace,-0.379377713032913,-0.6385746800527197,-0.01803917053638304,standardized rate difference: domain minus other domains,0.6224718677548866,False
qwen35_9b,Qwen3.5 9B,code,Code,conversational,amount,Reconciliation,Reconciliation,131,0.09610736940467755,-0.08993491568601923,0.25679542867059185,0.13586413586413587,bits per held-out trace,-0.4586883459681156,-0.6486088798034083,-0.2468069929161468,standardized rate difference: domain minus other domains,0.1571440607585186,False
qwen35_9b,Qwen3.5 9B,gpqa,GPQA,conversational,amount,Question_and_Answering,Question–answer,422,0.027820959983832612,0.003047140160530217,0.05211936739142668,0.013986013986013986,bits per held-out trace,0.45396698534876917,0.3723997003187223,0.5384432590822443,standardized rate difference: domain minus other domains,0.01845577103309062,True
qwen35_9b,Qwen3.5 9B,gpqa,GPQA,conversational,amount,Perspective_Shift,Perspective shift,422,0.1346392421359637,0.09853198525128913,0.17025676921030156,0.000999000999000999,bits per held-out trace,-0.2560344708955917,-0.3217920705383519,-0.19442490731486237,standardized rate difference: domain minus other domains,0.001510300722899148,True
qwen35_9b,Qwen3.5 9B,gpqa,GPQA,conversational,amount,Conflict_of_Perspectives,Perspective conflict,422,0.2178631355058541,0.16307495046986425,0.2731154722146427,0.000999000999000999,bits per held-out trace,0.4710829406094263,0.40215097947391654,0.5452208310080853,standardized rate difference: domain minus other domains,0.001510300722899148,True
qwen35_9b,Qwen3.5 9B,gpqa,GPQA,conversational,amount,Reconciliation,Reconciliation,422,0.05170309186799984,0.021197686336639487,0.07895514979442583,0.000999000999000999,bits per held-out trace,0.3991450568668048,0.3259908437676277,0.478674101018181,standardized rate difference: domain minus other domains,0.001510300722899148,True
qwen35_9b,Qwen3.5 9B,planning,Planning,conversational,amount,Question_and_Answering,Question–answer,493,0.10164561319522838,0.06039069136522771,0.14126484469549722,0.000999000999000999,bits per held-out trace,0.8052213525489361,0.7151411775405343,0.8868284779953362,standardized rate difference: domain minus other domains,0.001510300722899148,True
qwen35_9b,Qwen3.5 9B,planning,Planning,conversational,amount,Perspective_Shift,Perspective shift,493,0.15586458873043532,0.12806161884988884,0.18817540011885678,0.000999000999000999,bits per held-out trace,-0.8529413928124994,-0.9118421747740747,-0.797735979647615,standardized rate difference: domain minus other domains,0.001510300722899148,True
qwen35_9b,Qwen3.5 9B,planning,Planning,conversational,amount,Conflict_of_Perspectives,Perspective conflict,493,0.2429266419876884,0.1748536191997576,0.30442154258172605,0.000999000999000999,bits per held-out trace,-0.7079163882459911,-0.7636546144763979,-0.6469932571319773,standardized rate difference: domain minus other domains,0.001510300722899148,True
qwen35_9b,Qwen3.5 9B,planning,Planning,conversational,amount,Reconciliation,Reconciliation,493,0.11315253768118388,0.07560276754522198,0.15250843252798035,0.000999000999000999,bits per held-out trace,-0.31201827335338955,-0.3788984144463363,-0.24295893616509928,standardized rate difference: domain minus other domains,0.001510300722899148,True
qwen35_9b,Qwen3.5 9B,moral,Moral,conversational,amount,Question_and_Answering,Question–answer,485,-0.011018730504914344,-0.03427813833236789,0.00908112967490791,0.8281718281718282,bits per held-out trace,-0.2158557316756081,-0.29964834670972557,-0.1214606423351502,standardized rate difference: domain minus other domains,0.8413174127459843,False
qwen35_9b,Qwen3.5 9B,moral,Moral,conversational,amount,Perspective_Shift,Perspective shift,485,0.2591996433229482,0.21315642584178393,0.30220336673620063,0.000999000999000999,bits per held-out trace,0.6319345824896043,0.5615498444288257,0.7041608403437454,standardized rate difference: domain minus other domains,0.001510300722899148,True
qwen35_9b,Qwen3.5 9B,moral,Moral,conversational,amount,Conflict_of_Perspectives,Perspective conflict,485,0.1663489013454183,0.1267362407052342,0.20338642624513067,0.000999000999000999,bits per held-out trace,0.17775958568514275,0.10885453647907486,0.2507950405005655,standardized rate difference: domain minus other domains,0.001510300722899148,True
qwen35_9b,Qwen3.5 9B,moral,Moral,conversational,amount,Reconciliation,Reconciliation,485,0.19090595015535325,0.13874409025106044,0.2430880200460271,0.000999000999000999,bits per held-out trace,0.7188645166794746,0.609377736076113,0.8269893891312737,standardized rate difference: domain minus other domains,0.001510300722899148,True
qwen35_9b,Qwen3.5 9B,idea,Idea,conversational,amount,Question_and_Answering,Question–answer,344,0.17047439534793396,0.12099502451364082,0.21578934282730264,0.000999000999000999,bits per held-out trace,-0.6941075489529334,-0.7512749393299613,-0.6290314954267552,standardized rate difference: domain minus other domains,0.001510300722899148,True
qwen35_9b,Qwen3.5 9B,idea,Idea,conversational,amount,Perspective_Shift,Perspective shift,344,1.021370495202736,0.9580674384818373,1.0784427673399468,0.000999000999000999,bits per held-out trace,1.9060323411769906,1.8238239229902555,1.9888132587281768,standardized rate difference: domain minus other domains,0.001510300722899148,True
qwen35_9b,Qwen3.5 9B,idea,Idea,conversational,amount,Conflict_of_Perspectives,Perspective conflict,344,0.9061367746670325,0.862407639399091,0.9516297240644823,0.000999000999000999,bits per held-out trace,1.7779586780063106,1.706516224633146,1.8486607558855124,standardized rate difference: domain minus other domains,0.001510300722899148,True
qwen35_9b,Qwen3.5 9B,idea,Idea,conversational,amount,Reconciliation,Reconciliation,344,0.1628554410972263,0.12139569521000336,0.1990793421255416,0.000999000999000999,bits per held-out trace,-0.4761876958415145,-0.5511253975719337,-0.4030451594122594,standardized rate difference: domain minus other domains,0.001510300722899148,True
qwen35_9b,Qwen3.5 9B,safety,Safety,conversational,amount,Question_and_Answering,Question–answer,308,0.03187672230135989,0.011761472041833714,0.0518088176854378,0.000999000999000999,bits per held-out trace,-0.22266975732486324,-0.3268826237314358,-0.11567354179646497,standardized rate difference: domain minus other domains,0.001510300722899148,True
qwen35_9b,Qwen3.5 9B,safety,Safety,conversational,amount,Perspective_Shift,Perspective shift,308,0.04504500635198872,0.012371815685522152,0.07558264451425241,0.006993006993006993,bits per held-out trace,-0.03966489878313136,-0.133444307226814,0.05187465977445649,standardized rate difference: domain minus other domains,0.00972940103374886,True
qwen35_9b,Qwen3.5 9B,safety,Safety,conversational,amount,Conflict_of_Perspectives,Perspective conflict,308,0.03163324157357126,-0.004272931554466072,0.060733535472478506,0.023976023976023976,bits per held-out trace,-0.6312190062488222,-0.7141394680642462,-0.552288084144936,standardized rate difference: domain minus other domains,0.030895279217426873,False
qwen35_9b,Qwen3.5 9B,safety,Safety,conversational,amount,Reconciliation,Reconciliation,308,-0.0032631383130474526,-0.032539352093972296,0.022690929919431644,0.5914085914085914,bits per held-out trace,-0.5981020488666267,-0.7278163178190222,-0.46283250818233257,standardized rate difference: domain minus other domains,0.6137862137862138,False
qwen35_9b,Qwen3.5 9B,security,Security,conversational,amount,Question_and_Answering,Question–answer,303,0.12150135786521547,0.07182188858787049,0.17177347510796323,0.000999000999000999,bits per held-out trace,-0.23541062512964964,-0.34370740134391314,-0.12913484541030434,standardized rate difference: domain minus other domains,0.001510300722899148,True
qwen35_9b,Qwen3.5 9B,security,Security,conversational,amount,Perspective_Shift,Perspective shift,303,0.06112185290523352,-0.034667801163301634,0.13424589453704633,0.07792207792207792,bits per held-out trace,-0.13527524045029643,-0.23620324411148164,-0.033136239806010666,standardized rate difference: domain minus other domains,0.09350649350649351,False
qwen35_9b,Qwen3.5 9B,security,Security,conversational,amount,Conflict_of_Perspectives,Perspective conflict,303,0.20028551535018516,0.14572472360989694,0.24934385470056775,0.000999000999000999,bits per held-out trace,0.04189406779350224,-0.045679819259624235,0.1356113680869232,standardized rate difference: domain minus other domains,0.001510300722899148,True
qwen35_9b,Qwen3.5 9B,security,Security,conversational,amount,Reconciliation,Reconciliation,303,0.002008558466322245,-0.03348145130694917,0.03578641726984576,0.43156843156843155,bits per held-out trace,0.15002242670807886,0.025828931708326026,0.273980634662523,standardized rate difference: domain minus other domains,0.46291139028569195,False
qwen35_9b,Qwen3.5 9B,math,Math,cognitive,amount,verification,Verification,439,0.5504548145219534,0.4580205577882172,0.6399028721337524,0.000999000999000999,bits per held-out trace,0.9738738253888259,0.8845984979644994,1.0573659305176135,standardized rate difference: domain minus other domains,0.001510300722899148,True
qwen35_9b,Qwen3.5 9B,math,Math,cognitive,amount,backtracking,Backtracking,439,0.3802147969584074,0.306457892742263,0.4504223248802107,0.000999000999000999,bits per held-out trace,-0.5861343870108477,-0.6308874098169643,-0.536614191790563,standardized rate difference: domain minus other domains,0.001510300722899148,True
qwen35_9b,Qwen3.5 9B,math,Math,cognitive,amount,subgoal,Subgoal setting,439,0.361964783197791,0.28725028783460177,0.4411602312589424,0.000999000999000999,bits per held-out trace,0.2541651522278029,0.15442827401275774,0.35341129316270276,standardized rate difference: domain minus other domains,0.001510300722899148,True
qwen35_9b,Qwen3.5 9B,math,Math,cognitive,amount,backward_chaining,Backward chaining,439,0.012453230241760803,-0.012917845769529425,0.03327774964698729,0.16683316683316685,bits per held-out trace,-0.08091090754832482,-0.16689706234157622,0.01557591476709917,standardized rate difference: domain minus other domains,0.1912356300416002,False
qwen35_9b,Qwen3.5 9B,code,Code,cognitive,amount,verification,Verification,131,0.07067328461775052,-0.1688681406684253,0.3038144818171672,0.3046953046953047,bits per held-out trace,-0.24979034566379194,-0.4261452773352971,-0.08743459954384264,standardized rate difference: domain minus other domains,0.3323948778494233,False
qwen35_9b,Qwen3.5 9B,code,Code,cognitive,amount,backtracking,Backtracking,131,0.12232749430659376,-0.1055083918895412,0.3235508714911928,0.14385614385614387,bits per held-out trace,-0.31035638371437674,-0.4178308067036503,-0.19278410767713117,standardized rate difference: domain minus other domains,0.1658881658881659,False
qwen35_9b,Qwen3.5 9B,code,Code,cognitive,amount,subgoal,Subgoal setting,131,0.30660856960081684,-0.06354595423850248,0.6464016952184295,0.04395604395604396,bits per held-out trace,-0.314097671814816,-0.4851961884962937,-0.11882426590282956,standardized rate difference: domain minus other domains,0.054624986663821616,False
qwen35_9b,Qwen3.5 9B,code,Code,cognitive,amount,backward_chaining,Backward chaining,131,-0.027060802870785085,-0.24954315388039489,0.09395511338046475,0.5044955044955045,bits per held-out trace,-0.148890554118418,-0.2519575825562483,1.353864236205779e-05,standardized rate difference: domain minus other domains,0.5351554522825241,False
qwen35_9b,Qwen3.5 9B,gpqa,GPQA,cognitive,amount,verification,Verification,422,0.02957409564224693,-0.019683888189889705,0.07973088570036282,0.11188811188811189,bits per held-out trace,0.3997585328464706,0.3155523270666289,0.47611757055847326,standardized rate difference: domain minus other domains,0.13179458578231584,False
qwen35_9b,Qwen3.5 9B,gpqa,GPQA,cognitive,amount,backtracking,Backtracking,422,0.2765222084675996,0.2300110424855199,0.3239347138125274,0.000999000999000999,bits per held-out trace,-0.1809237253359951,-0.24003715008295962,-0.12665926542501244,standardized rate difference: domain minus other domains,0.001510300722899148,True
qwen35_9b,Qwen3.5 9B,gpqa,GPQA,cognitive,amount,subgoal,Subgoal setting,422,0.06652656791898345,0.04636466622751793,0.08584585767707222,0.000999000999000999,bits per held-out trace,-0.7292230021626057,-0.7796180995969209,-0.679780209119316,standardized rate difference: domain minus other domains,0.001510300722899148,True
qwen35_9b,Qwen3.5 9B,gpqa,GPQA,cognitive,amount,backward_chaining,Backward chaining,422,0.02677554768012404,0.010447494736102686,0.04159271916899013,0.000999000999000999,bits per held-out trace,0.3615075363591396,0.24465529090443983,0.48990889466379695,standardized rate difference: domain minus other domains,0.001510300722899148,True
qwen35_9b,Qwen3.5 9B,planning,Planning,cognitive,amount,verification,Verification,493,0.2851555050587442,0.23812422469910527,0.33249422803571743,0.000999000999000999,bits per held-out trace,1.0427957731750621,0.9546336991222473,1.1284152189174868,standardized rate difference: domain minus other domains,0.001510300722899148,True
qwen35_9b,Qwen3.5 9B,planning,Planning,cognitive,amount,backtracking,Backtracking,493,0.3872660846210844,0.3223290481181507,0.4507678899082074,0.000999000999000999,bits per held-out trace,-0.7196711929285948,-0.764736935727734,-0.6739705530417366,standardized rate difference: domain minus other domains,0.001510300722899148,True
qwen35_9b,Qwen3.5 9B,planning,Planning,cognitive,amount,subgoal,Subgoal setting,493,0.18119923168709295,0.10595585881601596,0.25278563414028693,0.000999000999000999,bits per held-out trace,-0.9085188393420103,-0.9635569658847982,-0.8550764211335915,standardized rate difference: domain minus other domains,0.001510300722899148,True
qwen35_9b,Qwen3.5 9B,planning,Planning,cognitive,amount,backward_chaining,Backward chaining,493,0.04329376045263198,0.01811752350166114,0.07054229382176648,0.000999000999000999,bits per held-out trace,0.5140121207330716,0.37629019640755335,0.6541364787829383,standardized rate difference: domain minus other domains,0.001510300722899148,True
qwen35_9b,Qwen3.5 9B,moral,Moral,cognitive,amount,verification,Verification,485,0.5944526758583804,0.5195225484149509,0.6659888023705076,0.000999000999000999,bits per held-out trace,-1.2795987103590944,-1.3288651600600108,-1.2330113599958874,standardized rate difference: domain minus other domains,0.001510300722899148,True
qwen35_9b,Qwen3.5 9B,moral,Moral,cognitive,amount,backtracking,Backtracking,485,0.29625367463113433,0.2587448048727799,0.335754509837361,0.000999000999000999,bits per held-out trace,-0.0829698755910523,-0.14016003134638672,-0.027360822707372404,standardized rate difference: domain minus other domains,0.001510300722899148,True
qwen35_9b,Qwen3.5 9B,moral,Moral,cognitive,amount,subgoal,Subgoal setting,485,0.19805597820240622,0.16137593514632767,0.23112694100895806,0.000999000999000999,bits per held-out trace,1.125329621329121,1.0485679838464605,1.202284365364656,standardized rate difference: domain minus other domains,0.001510300722899148,True
qwen35_9b,Qwen3.5 9B,moral,Moral,cognitive,amount,backward_chaining,Backward chaining,485,0.030390460459241795,0.012442534084473803,0.042648251367080774,0.000999000999000999,bits per held-out trace,-0.349984284675462,-0.3916690472535761,-0.31001240096756133,standardized rate difference: domain minus other domains,0.001510300722899148,True
qwen35_9b,Qwen3.5 9B,idea,Idea,cognitive,amount,verification,Verification,344,0.3353314750987554,0.3159718736739441,0.35371980645484125,0.000999000999000999,bits per held-out trace,-0.47733314295065477,-0.5287665045275682,-0.4218317517995242,standardized rate difference: domain minus other domains,0.001510300722899148,True
qwen35_9b,Qwen3.5 9B,idea,Idea,cognitive,amount,backtracking,Backtracking,344,1.9338358226406793,1.864239154397096,1.9920387477240868,0.000999000999000999,bits per held-out trace,2.7460961193823015,2.6665824386889514,2.8348121533257085,standardized rate difference: domain minus other domains,0.001510300722899148,True
qwen35_9b,Qwen3.5 9B,idea,Idea,cognitive,amount,subgoal,Subgoal setting,344,0.11385937560493796,0.10005171107225957,0.1269761123726966,0.000999000999000999,bits per held-out trace,-0.3875292503645117,-0.43862544425988403,-0.33547812609904826,standardized rate difference: domain minus other domains,0.001510300722899148,True
qwen35_9b,Qwen3.5 9B,idea,Idea,cognitive,amount,backward_chaining,Backward chaining,344,0.10809951447625976,0.086791821437028,0.12422296895992625,0.000999000999000999,bits per held-out trace,-0.33197308846017703,-0.3744154087447667,-0.29219944056837416,standardized rate difference: domain minus other domains,0.001510300722899148,True
qwen35_9b,Qwen3.5 9B,safety,Safety,cognitive,amount,verification,Verification,308,0.2436800060960749,0.18877632751543638,0.2974613248182756,0.000999000999000999,bits per held-out trace,-0.805239239431285,-0.8736343456452529,-0.7356942808021565,standardized rate difference: domain minus other domains,0.001510300722899148,True
qwen35_9b,Qwen3.5 9B,safety,Safety,cognitive,amount,backtracking,Backtracking,308,0.10970050147740663,0.06594191448350284,0.15081744547787707,0.000999000999000999,bits per held-out trace,-0.24969144156826276,-0.3143619205184766,-0.18977675286368692,standardized rate difference: domain minus other domains,0.001510300722899148,True
qwen35_9b,Qwen3.5 9B,safety,Safety,cognitive,amount,subgoal,Subgoal setting,308,0.041957160530303655,0.0068523926331968115,0.0744263975951387,0.017982017982017984,bits per held-out trace,1.3092117180712532,1.1918667976373545,1.4322911231900115,standardized rate difference: domain minus other domains,0.02364758529142091,True
qwen35_9b,Qwen3.5 9B,safety,Safety,cognitive,amount,backward_chaining,Backward chaining,308,0.013619235717014282,0.011997630695076963,0.015432414077870037,0.000999000999000999,bits per held-out trace,-0.33622240099772205,-0.37730322179514275,-0.29325526089902243,standardized rate difference: domain minus other domains,0.001510300722899148,True
qwen35_9b,Qwen3.5 9B,security,Security,cognitive,amount,verification,Verification,303,0.3481173755223921,0.24514232142497214,0.4511461593969932,0.000999000999000999,bits per held-out trace,-0.07151588561830934,-0.17841938232662644,0.031179943472697834,standardized rate difference: domain minus other domains,0.001510300722899148,True
qwen35_9b,Qwen3.5 9B,security,Security,cognitive,amount,backtracking,Backtracking,303,0.5614145868367065,0.48063895853099564,0.6291958105554875,0.000999000999000999,bits per held-out trace,-0.417218718308529,-0.47194820753738354,-0.3525218270227887,standardized rate difference: domain minus other domains,0.001510300722899148,True
qwen35_9b,Qwen3.5 9B,security,Security,cognitive,amount,subgoal,Subgoal setting,303,0.32838323562833255,0.2199648746375768,0.42558406007504634,0.000999000999000999,bits per held-out trace,-0.43524561490876446,-0.5145948095643195,-0.35125308092862534,standardized rate difference: domain minus other domains,0.001510300722899148,True
qwen35_9b,Qwen3.5 9B,security,Security,cognitive,amount,backward_chaining,Backward chaining,303,0.03676515528389996,0.0008709302666347818,0.08468548700232595,0.04195804195804196,bits per held-out trace,0.1568196372302442,0.025558709385143593,0.3111742788317325,standardized rate difference: domain minus other domains,0.05231132503859777,False
qwen35_27b,Qwen3.5 27B,math,Math,conversational,amount,Question_and_Answering,Question–answer,439,0.03417470417842742,0.008975209590958514,0.05817109345299786,0.004995004995004995,bits per held-out trace,0.1335636211657616,0.02418282675442692,0.24207632875225885,standardized rate difference: domain minus other domains,0.007210834278503451,True
qwen35_27b,Qwen3.5 27B,math,Math,conversational,amount,Perspective_Shift,Perspective shift,439,0.19591611891653096,0.11574711669112753,0.2698141939890422,0.000999000999000999,bits per held-out trace,-0.6223579535782006,-0.6997711421872769,-0.5400993961507221,standardized rate difference: domain minus other domains,0.001510300722899148,True
qwen35_27b,Qwen3.5 27B,math,Math,conversational,amount,Conflict_of_Perspectives,Perspective conflict,439,0.7015267577035641,0.5966043167569471,0.8025181149072279,0.000999000999000999,bits per held-out trace,-0.8657391362415255,-0.9334453822683983,-0.8071087687192009,standardized rate difference: domain minus other domains,0.001510300722899148,True
qwen35_27b,Qwen3.5 27B,math,Math,conversational,amount,Reconciliation,Reconciliation,439,0.056068058031267236,0.03395947559890049,0.07766296298988888,0.000999000999000999,bits per held-out trace,0.020648456581745897,-0.07670986706234662,0.11740135114445206,standardized rate difference: domain minus other domains,0.001510300722899148,True
qwen35_27b,Qwen3.5 27B,code,Code,conversational,amount,Question_and_Answering,Question–answer,159,0.5208110520738719,0.35172323109741793,0.656974090373109,0.000999000999000999,bits per held-out trace,-0.4654727799861907,-0.5719270095865561,-0.35250652426817375,standardized rate difference: domain minus other domains,0.001510300722899148,True
qwen35_27b,Qwen3.5 27B,code,Code,conversational,amount,Perspective_Shift,Perspective shift,159,0.18648416752234792,0.024485377932545804,0.33102120172139304,0.01098901098901099,bits per held-out trace,-0.9733039281207914,-1.0589785712867443,-0.8789920671011007,standardized rate difference: domain minus other domains,0.014703066967875331,True
qwen35_27b,Qwen3.5 27B,code,Code,conversational,amount,Conflict_of_Perspectives,Perspective conflict,159,0.18505387496126535,-0.24195609350772254,0.44933946774149314,0.21978021978021978,bits per held-out trace,-0.5690621418621566,-0.6817993901195217,-0.4455681671938551,standardized rate difference: domain minus other domains,0.24462494027711418,False
qwen35_27b,Qwen3.5 27B,code,Code,conversational,amount,Reconciliation,Reconciliation,159,-0.004914215492544774,-0.054208881606226125,0.04148416425853219,0.5824175824175825,bits per held-out trace,0.062099811397283454,-0.04478185844474659,0.1654551262657225,standardized rate difference: domain minus other domains,0.6077400860009555,False
qwen35_27b,Qwen3.5 27B,gpqa,GPQA,conversational,amount,Question_and_Answering,Question–answer,490,0.06738444050381436,0.04216043550619534,0.09129741180007703,0.000999000999000999,bits per held-out trace,0.4124781492402115,0.32698434137992466,0.5007777159807415,standardized rate difference: domain minus other domains,0.001510300722899148,True
qwen35_27b,Qwen3.5 27B,gpqa,GPQA,conversational,amount,Perspective_Shift,Perspective shift,490,0.16053121837081324,0.1360958321475369,0.1869225404240719,0.000999000999000999,bits per held-out trace,-0.34623435935965985,-0.4054836638118975,-0.2912863283516035,standardized rate difference: domain minus other domains,0.001510300722899148,True
qwen35_27b,Qwen3.5 27B,gpqa,GPQA,conversational,amount,Conflict_of_Perspectives,Perspective conflict,490,0.2343663134548146,0.1754497800267089,0.28836409640415,0.000999000999000999,bits per held-out trace,0.35598622190454343,0.2811951077966018,0.4302482372640004,standardized rate difference: domain minus other domains,0.001510300722899148,True
qwen35_27b,Qwen3.5 27B,gpqa,GPQA,conversational,amount,Reconciliation,Reconciliation,490,0.0539301323500505,0.028917354130408128,0.07646810994453947,0.000999000999000999,bits per held-out trace,0.37246108245300485,0.2984396448936227,0.4469484652856072,standardized rate difference: domain minus other domains,0.001510300722899148,True
qwen35_27b,Qwen3.5 27B,planning,Planning,conversational,amount,Question_and_Answering,Question–answer,499,0.10462312283309859,0.04541873112496457,0.16016070932789458,0.000999000999000999,bits per held-out trace,0.653506588254935,0.5491502415536604,0.756239477973652,standardized rate difference: domain minus other domains,0.001510300722899148,True
qwen35_27b,Qwen3.5 27B,planning,Planning,conversational,amount,Perspective_Shift,Perspective shift,499,0.20441905230683008,0.16319982879180983,0.24864546562696144,0.000999000999000999,bits per held-out trace,-0.8438318347573702,-0.8980922474832739,-0.7903115635097767,standardized rate difference: domain minus other domains,0.001510300722899148,True
qwen35_27b,Qwen3.5 27B,planning,Planning,conversational,amount,Conflict_of_Perspectives,Perspective conflict,499,0.18786547020621083,0.10621063641867433,0.2639091546494684,0.000999000999000999,bits per held-out trace,-0.8858424153186393,-0.9462991497453002,-0.8257307002110181,standardized rate difference: domain minus other domains,0.001510300722899148,True
qwen35_27b,Qwen3.5 27B,planning,Planning,conversational,amount,Reconciliation,Reconciliation,499,0.10145561922740687,0.06384739323892738,0.13656262102507022,0.000999000999000999,bits per held-out trace,-0.4467581332614901,-0.520258749720729,-0.3760926688521664,standardized rate difference: domain minus other domains,0.001510300722899148,True
qwen35_27b,Qwen3.5 27B,moral,Moral,conversational,amount,Question_and_Answering,Question–answer,497,0.0078124838944931075,-0.010722977519539897,0.026448276952727362,0.21578421578421578,bits per held-out trace,0.0657749230661336,-0.028172381344922812,0.15378839258796514,standardized rate difference: domain minus other domains,0.24087540366610133,False
qwen35_27b,Qwen3.5 27B,moral,Moral,conversational,amount,Perspective_Shift,Perspective shift,497,0.1847787422331293,0.15369479619316503,0.2151592904111225,0.000999000999000999,bits per held-out trace,0.66047387513349,0.5930800096945239,0.7307123523662296,standardized rate difference: domain minus other domains,0.001510300722899148,True
qwen35_27b,Qwen3.5 27B,moral,Moral,conversational,amount,Conflict_of_Perspectives,Perspective conflict,497,0.16644019286145872,0.13294192201626212,0.19566592653765036,0.000999000999000999,bits per held-out trace,0.19128870275805995,0.11777488657766838,0.26596041798152914,standardized rate difference: domain minus other domains,0.001510300722899148,True
qwen35_27b,Qwen3.5 27B,moral,Moral,conversational,amount,Reconciliation,Reconciliation,497,0.18748692591368263,0.13545464819942699,0.2463662738869251,0.000999000999000999,bits per held-out trace,0.7967515819424791,0.6771838111922714,0.9100001503649228,standardized rate difference: domain minus other domains,0.001510300722899148,True
qwen35_27b,Qwen3.5 27B,idea,Idea,conversational,amount,Question_and_Answering,Question–answer,498,0.060391873434813184,0.02931131708385682,0.08979648054359973,0.000999000999000999,bits per held-out trace,-0.5310689646236925,-0.591824815347749,-0.46983905611425303,standardized rate difference: domain minus other domains,0.001510300722899148,True
qwen35_27b,Qwen3.5 27B,idea,Idea,conversational,amount,Perspective_Shift,Perspective shift,498,0.8920352642484403,0.8364751918043382,0.9414471824301652,0.000999000999000999,bits per held-out trace,1.695122680736832,1.6318786872592592,1.7563364670174564,standardized rate difference: domain minus other domains,0.001510300722899148,True
qwen35_27b,Qwen3.5 27B,idea,Idea,conversational,amount,Conflict_of_Perspectives,Perspective conflict,498,0.8579206956615405,0.8196855765200676,0.8985403932530766,0.000999000999000999,bits per held-out trace,1.7977354818977827,1.7412974155228211,1.853500121808818,standardized rate difference: domain minus other domains,0.001510300722899148,True
qwen35_27b,Qwen3.5 27B,idea,Idea,conversational,amount,Reconciliation,Reconciliation,498,0.0840374801482706,0.057060721228958555,0.10880189581633311,0.000999000999000999,bits per held-out trace,-0.3202838566030116,-0.38739542394604237,-0.2580889980275939,standardized rate difference: domain minus other domains,0.001510300722899148,True
qwen35_27b,Qwen3.5 27B,safety,Safety,conversational,amount,Question_and_Answering,Question–answer,313,0.018935680031891614,0.003335192151503695,0.03365211924821684,0.011988011988011988,bits per held-out trace,-0.26266349967379643,-0.38239608809671555,-0.14310044692207086,standardized rate difference: domain minus other domains,0.015984015984015984,True
qwen35_27b,Qwen3.5 27B,safety,Safety,conversational,amount,Perspective_Shift,Perspective shift,313,0.06009652680067105,-0.013319815710767525,0.11472280303151332,0.01898101898101898,bits per held-out trace,0.18742071360891868,0.07376635683503822,0.3122496711525822,standardized rate difference: domain minus other domains,0.024624024624024625,False
qwen35_27b,Qwen3.5 27B,safety,Safety,conversational,amount,Conflict_of_Perspectives,Perspective conflict,313,0.058772920547699045,0.002859476048981107,0.11097526280198997,0.013986013986013986,bits per held-out trace,-0.5560930938858064,-0.6475141134412066,-0.46832608382948815,standardized rate difference: domain minus other domains,0.01845577103309062,True
qwen35_27b,Qwen3.5 27B,safety,Safety,conversational,amount,Reconciliation,Reconciliation,313,0.012289629420465256,-0.027988297016382484,0.05550479086117712,0.2987012987012987,bits per held-out trace,-0.5068577522191312,-0.6530714058939832,-0.36514036394593075,standardized rate difference: domain minus other domains,0.32771799628942483,False
qwen35_27b,Qwen3.5 27B,security,Security,conversational,amount,Question_and_Answering,Question–answer,460,0.19570020548235514,0.12307266325155553,0.2679938587838428,0.000999000999000999,bits per held-out trace,-0.39992254460073806,-0.48947847245733456,-0.3160153196454074,standardized rate difference: domain minus other domains,0.001510300722899148,True
qwen35_27b,Qwen3.5 27B,security,Security,conversational,amount,Perspective_Shift,Perspective shift,460,0.10342953899733988,0.02173493778121991,0.17340124655582584,0.005994005994005994,bits per held-out trace,-0.4118544820745246,-0.4943405968590404,-0.3278589890740325,standardized rate difference: domain minus other domains,0.008431129310250191,True
qwen35_27b,Qwen3.5 27B,security,Security,conversational,amount,Conflict_of_Perspectives,Perspective conflict,460,0.23045851516326044,0.1710738532974602,0.2899723125889633,0.000999000999000999,bits per held-out trace,-0.10504649805870858,-0.1827098119160993,-0.023322973596499437,standardized rate difference: domain minus other domains,0.001510300722899148,True
qwen35_27b,Qwen3.5 27B,security,Security,conversational,amount,Reconciliation,Reconciliation,460,0.047788849605919,0.008484851852674056,0.08848908100092379,0.01898101898101898,bits per held-out trace,-0.10332881648419037,-0.19295625990783685,-0.010525604151185097,standardized rate difference: domain minus other domains,0.024624024624024625,True
qwen35_27b,Qwen3.5 27B,math,Math,cognitive,amount,verification,Verification,439,0.4810222040447242,0.37502713300769736,0.5756757821789342,0.000999000999000999,bits per held-out trace,0.9583301307069433,0.8707477333888204,1.0565533897138595,standardized rate difference: domain minus other domains,0.001510300722899148,True
qwen35_27b,Qwen3.5 27B,math,Math,cognitive,amount,backtracking,Backtracking,439,0.5177461160902889,0.45211636606660616,0.583745893233981,0.000999000999000999,bits per held-out trace,-0.646712538019651,-0.6929712178346474,-0.6026342169221007,standardized rate difference: domain minus other domains,0.001510300722899148,True
qwen35_27b,Qwen3.5 27B,math,Math,cognitive,amount,subgoal,Subgoal setting,439,0.47965951418139374,0.38123799228348937,0.577651780407575,0.000999000999000999,bits per held-out trace,0.43974215874889466,0.3256619145206983,0.5501950891472907,standardized rate difference: domain minus other domains,0.001510300722899148,True
qwen35_27b,Qwen3.5 27B,math,Math,cognitive,amount,backward_chaining,Backward chaining,439,0.009484018201704799,-0.028511171806570805,0.039397220391186365,0.27372627372627373,bits per held-out trace,-0.11398976147042264,-0.1965032519828934,-0.025103283238241778,standardized rate difference: domain minus other domains,0.30204278480140545,False
qwen35_27b,Qwen3.5 27B,code,Code,cognitive,amount,verification,Verification,159,0.1667453981604062,0.02705117490970349,0.30630581368045323,0.003996003996003996,bits per held-out trace,-0.00691524878902693,-0.12218333825529487,0.10342238594278945,standardized rate difference: domain minus other domains,0.005790435979115225,True
qwen35_27b,Qwen3.5 27B,code,Code,cognitive,amount,backtracking,Backtracking,159,0.11084639204634453,-0.1153532208051411,0.2633807777216733,0.12387612387612387,bits per held-out trace,-0.4872538232950729,-0.5412213278300129,-0.4269357675029734,standardized rate difference: domain minus other domains,0.14458489838429048,False
qwen35_27b,Qwen3.5 27B,code,Code,cognitive,amount,subgoal,Subgoal setting,159,0.11644557831839247,0.0163144832370097,0.2317464871220784,0.01898101898101898,bits per held-out trace,-0.853573954143325,-0.9002459589287699,-0.7949735554483244,standardized rate difference: domain minus other domains,0.024624024624024625,True
qwen35_27b,Qwen3.5 27B,code,Code,cognitive,amount,backward_chaining,Backward chaining,159,0.2852445450745268,0.1977256633443279,0.3517345130182004,0.000999000999000999,bits per held-out trace,-0.21736949979275527,-0.27146642915550806,-0.1620684836975776,standardized rate difference: domain minus other domains,0.001510300722899148,True
qwen35_27b,Qwen3.5 27B,gpqa,GPQA,cognitive,amount,verification,Verification,490,0.06762151005920675,0.02049194434821648,0.11658188879351211,0.001998001998001998,bits per held-out trace,0.4521898303154982,0.379739173002832,0.5286842728812745,standardized rate difference: domain minus other domains,0.002950895258587566,True
qwen35_27b,Qwen3.5 27B,gpqa,GPQA,cognitive,amount,backtracking,Backtracking,490,0.31322581155101287,0.2757030806550019,0.3482464960783705,0.000999000999000999,bits per held-out trace,-0.2846031730759827,-0.3345720939559525,-0.23586249764953512,standardized rate difference: domain minus other domains,0.001510300722899148,True
qwen35_27b,Qwen3.5 27B,gpqa,GPQA,cognitive,amount,subgoal,Subgoal setting,490,0.07523992384040118,0.04728799834844632,0.10337655438922201,0.000999000999000999,bits per held-out trace,-0.6090766649517912,-0.659932274490248,-0.5571744014454755,standardized rate difference: domain minus other domains,0.001510300722899148,True
qwen35_27b,Qwen3.5 27B,gpqa,GPQA,cognitive,amount,backward_chaining,Backward chaining,490,0.044610949787551715,0.022944404626488488,0.06444233839666332,0.000999000999000999,bits per held-out trace,0.18576167300423724,0.10572571306209337,0.27094573738968775,standardized rate difference: domain minus other domains,0.001510300722899148,True
qwen35_27b,Qwen3.5 27B,planning,Planning,cognitive,amount,verification,Verification,499,0.24702829615959254,0.19590650678505794,0.298860505097603,0.000999000999000999,bits per held-out trace,1.045757904772442,0.968837464880242,1.1396946379637118,standardized rate difference: domain minus other domains,0.001510300722899148,True
qwen35_27b,Qwen3.5 27B,planning,Planning,cognitive,amount,backtracking,Backtracking,499,0.38385055978752136,0.31877004892625316,0.44596026470736155,0.000999000999000999,bits per held-out trace,-0.7510190525472228,-0.7940840134741307,-0.7085788534511428,standardized rate difference: domain minus other domains,0.001510300722899148,True
qwen35_27b,Qwen3.5 27B,planning,Planning,cognitive,amount,subgoal,Subgoal setting,499,0.2769239822515233,0.20451568884949295,0.3400575916439643,0.000999000999000999,bits per held-out trace,-0.8169112376337728,-0.8680220420756051,-0.7648383168867736,standardized rate difference: domain minus other domains,0.001510300722899148,True
qwen35_27b,Qwen3.5 27B,planning,Planning,cognitive,amount,backward_chaining,Backward chaining,499,0.0585186777027224,0.030400702361499513,0.08595756993329962,0.000999000999000999,bits per held-out trace,0.3509806279461723,0.22542817964659034,0.48784103096647424,standardized rate difference: domain minus other domains,0.001510300722899148,True
qwen35_27b,Qwen3.5 27B,moral,Moral,cognitive,amount,verification,Verification,497,0.5935782775194485,0.5098973170061762,0.6704208250504328,0.000999000999000999,bits per held-out trace,-1.371440491256709,-1.4181291000117222,-1.3222914946070918,standardized rate difference: domain minus other domains,0.001510300722899148,True
qwen35_27b,Qwen3.5 27B,moral,Moral,cognitive,amount,backtracking,Backtracking,497,0.25075466182264683,0.2130517037254866,0.28884599631627506,0.000999000999000999,bits per held-out trace,-0.1726826047560568,-0.22725931441194974,-0.12131989609400165,standardized rate difference: domain minus other domains,0.001510300722899148,True
qwen35_27b,Qwen3.5 27B,moral,Moral,cognitive,amount,subgoal,Subgoal setting,497,0.1499751567114368,0.1213558165141759,0.17990217423015703,0.000999000999000999,bits per held-out trace,1.256825650879755,1.1846226642525313,1.3284769378231873,standardized rate difference: domain minus other domains,0.001510300722899148,True
qwen35_27b,Qwen3.5 27B,moral,Moral,cognitive,amount,backward_chaining,Backward chaining,497,0.02115045984587735,0.006143189840814362,0.033072701486944196,0.000999000999000999,bits per held-out trace,-0.34442727118208916,-0.38596250220995787,-0.301918564777378,standardized rate difference: domain minus other domains,0.001510300722899148,True
qwen35_27b,Qwen3.5 27B,idea,Idea,cognitive,amount,verification,Verification,498,0.2494968261890037,0.2320415632384862,0.26612415386857635,0.000999000999000999,bits per held-out trace,-0.300507243352766,-0.35567311719209765,-0.24569195762667545,standardized rate difference: domain minus other domains,0.001510300722899148,True
qwen35_27b,Qwen3.5 27B,idea,Idea,cognitive,amount,backtracking,Backtracking,498,1.6257863391784626,1.549583999540513,1.6919775220319795,0.000999000999000999,bits per held-out trace,2.5022700984555493,2.4415647320848772,2.5626926504663166,standardized rate difference: domain minus other domains,0.001510300722899148,True
qwen35_27b,Qwen3.5 27B,idea,Idea,cognitive,amount,subgoal,Subgoal setting,498,0.11184239206381717,0.09676604361042102,0.12701490090214074,0.000999000999000999,bits per held-out trace,-0.33275015874087643,-0.38306212716125815,-0.2818175480760997,standardized rate difference: domain minus other domains,0.001510300722899148,True
qwen35_27b,Qwen3.5 27B,idea,Idea,cognitive,amount,backward_chaining,Backward chaining,498,0.10936949108943556,0.08661839839522562,0.12577145313586593,0.000999000999000999,bits per held-out trace,-0.35467859981371014,-0.3947488897374771,-0.314811289447766,standardized rate difference: domain minus other domains,0.001510300722899148,True
qwen35_27b,Qwen3.5 27B,safety,Safety,cognitive,amount,verification,Verification,313,0.1987170155521034,0.13724083536470688,0.2547241461569842,0.000999000999000999,bits per held-out trace,-0.8484215927318225,-0.9238621324913231,-0.7701307453755586,standardized rate difference: domain minus other domains,0.001510300722899148,True
qwen35_27b,Qwen3.5 27B,safety,Safety,cognitive,amount,backtracking,Backtracking,313,0.22314240718988565,0.16116568752463575,0.28839324888178136,0.000999000999000999,bits per held-out trace,-0.27183422100324256,-0.3369503635739375,-0.21060188934232005,standardized rate difference: domain minus other domains,0.001510300722899148,True
qwen35_27b,Qwen3.5 27B,safety,Safety,cognitive,amount,subgoal,Subgoal setting,313,0.05490908355082336,0.010032066967641409,0.09961762249376895,0.005994005994005994,bits per held-out trace,1.2603594475075781,1.1526427658716265,1.3830427586929068,standardized rate difference: domain minus other domains,0.008431129310250191,True
qwen35_27b,Qwen3.5 27B,safety,Safety,cognitive,amount,backward_chaining,Backward chaining,313,0.01729992269352024,0.014716067354147114,0.019964224357930396,0.000999000999000999,bits per held-out trace,-0.34267073978161877,-0.3795779690797864,-0.30846572793156135,standardized rate difference: domain minus other domains,0.001510300722899148,True
qwen35_27b,Qwen3.5 27B,security,Security,cognitive,amount,verification,Verification,460,0.2946277886730007,0.23083098179223852,0.36247449361794504,0.000999000999000999,bits per held-out trace,-0.1239176696515373,-0.19965818658571477,-0.039762332149559494,standardized rate difference: domain minus other domains,0.001510300722899148,True
qwen35_27b,Qwen3.5 27B,security,Security,cognitive,amount,backtracking,Backtracking,460,0.6990889433554179,0.6515243426196738,0.7430781980215038,0.000999000999000999,bits per held-out trace,-0.38353877190037844,-0.440843561603205,-0.3307831120003891,standardized rate difference: domain minus other domains,0.001510300722899148,True
qwen35_27b,Qwen3.5 27B,security,Security,cognitive,amount,subgoal,Subgoal setting,460,0.18138733543331864,0.09893334743632855,0.25320224289021237,0.000999000999000999,bits per held-out trace,-0.46687863826901316,-0.5357466011574467,-0.4028674339568089,standardized rate difference: domain minus other domains,0.001510300722899148,True
qwen35_27b,Qwen3.5 27B,security,Security,cognitive,amount,backward_chaining,Backward chaining,460,0.15652021341632558,0.08986502372913636,0.21527724928195127,0.000999000999000999,bits per held-out trace,0.6124042162914166,0.4454357818547934,0.7764569331493576,standardized rate difference: domain minus other domains,0.001510300722899148,True
