gen_model,model_label,signature_family,domain_a,domain_b,domain_pair,n,n_domain_a,n_domain_b,length_auroc,amount_auroc,full_auroc,amount_gain_bits,amount_gain_ci_low,amount_gain_ci_high,amount_p_value,timing_gain_bits,timing_gain_ci_low,timing_gain_ci_high,timing_p_value,class_order,amount_q_value,timing_q_value,amount_supported,timing_supported
reasoner,DeepSeek-R1 Distill 8B,conversational,math,code,Math – Code,652,498,154,0.9162885307463621,0.9198482240650915,0.9337870964376989,0.00953888222169921,-0.008404921858149334,0.026223702920535264,0.13886113886113885,0.03693110029357681,0.007450793225223353,0.06624432541326983,0.014985014985014986,code|math,0.14859026323994476,0.05244755244755245,False,False
reasoner,DeepSeek-R1 Distill 8B,conversational,math,gpqa,Math – GPQA,982,498,484,0.7575550134421986,0.9263583258654452,0.9263292840784626,0.3067744552422217,0.26268925401115734,0.35014522661959113,0.000999000999000999,-0.00040934483064941846,-0.010671417935033933,0.01086481393732239,0.5254745254745254,gpqa|math,0.0012030979772915257,0.6563547976187382,True,False
reasoner,DeepSeek-R1 Distill 8B,conversational,math,planning,Math – Planning,956,498,458,0.8675444134617071,0.8576620894056576,0.8616606162641833,0.08756738884782218,0.054774032036518,0.12012046409335116,0.000999000999000999,0.0299798967350816,0.010393544574766477,0.049474506587055385,0.001998001998001998,math|planning,0.0012030979772915257,0.011188811188811189,True,True
reasoner,DeepSeek-R1 Distill 8B,conversational,math,moral,Math – Moral,998,498,500,0.8565763052208836,0.9825903614457832,0.9860562248995984,0.4274069109078551,0.3768941170584371,0.47846914799557194,0.000999000999000999,0.03225062612176122,0.0008246141576604307,0.06237455957562737,0.014985014985014986,math|moral,0.0012030979772915257,0.05244755244755245,True,False
reasoner,DeepSeek-R1 Distill 8B,conversational,math,idea,Math – Idea,991,498,493,0.8873750580414966,0.9886768168006712,0.9873408441066497,0.41618662159223824,0.36781578121708414,0.4636929602527622,0.000999000999000999,-7.272176505149749e-06,-0.02422846400826776,0.020459436397252284,0.5144855144855145,idea|math,0.0012030979772915257,0.6523288032721996,True,False
reasoner,DeepSeek-R1 Distill 8B,conversational,math,safety,Math – Safety,810,498,312,0.9017930697147565,0.9788191226444238,0.9800870147255689,0.31857896351459714,0.261937822690594,0.37401786999893877,0.000999000999000999,0.0131739276541824,-0.014338754948005267,0.03782667865405593,0.16383616383616384,math|safety,0.0012030979772915257,0.29281356940931413,True,False
reasoner,DeepSeek-R1 Distill 8B,conversational,math,security,Math – Security,896,498,398,0.8472836067889649,0.927917700954572,0.9282254646727613,0.2301771252869617,0.18928401306566053,0.2692049319092508,0.000999000999000999,0.021030873555205006,-0.0058289967692062945,0.046487802554375464,0.060939060939060936,math|security,0.0012030979772915257,0.14318548584282847,True,False
reasoner,DeepSeek-R1 Distill 8B,conversational,code,gpqa,Code – GPQA,638,154,484,0.8402516904583021,0.8820704089299131,0.8963856391542342,0.10214122146466317,0.05044449068121196,0.14702758657997586,0.000999000999000999,0.027583700710023792,-0.0036599362658926386,0.06199917741823615,0.04395604395604396,code|gpqa,0.0012030979772915257,0.11449016100178891,True,False
reasoner,DeepSeek-R1 Distill 8B,conversational,code,planning,Code – Planning,612,154,458,0.880536494073612,0.8835563999319458,0.9075738671808541,0.0211756475685793,-0.004684424593164438,0.04912611264897272,0.06393606393606394,0.02510633353775024,-0.015523828116110751,0.06903666577897294,0.12787212787212787,code|planning,0.06974843338479703,0.24692548830479866,False,False
reasoner,DeepSeek-R1 Distill 8B,conversational,code,moral,Code – Moral,654,154,500,0.9872467532467533,0.9932727272727273,0.9948701298701299,0.03607069947061159,0.008689567586822091,0.065364315816155,0.002997002997002997,0.0008245666183622405,-0.011123001615628363,0.010913168337673267,0.42357642357642356,code|moral,0.0035086864355157042,0.5715730053079451,True,False
reasoner,DeepSeek-R1 Distill 8B,conversational,code,idea,Code – Idea,647,154,493,0.9786623113195121,0.9949421774979584,0.9970496035404758,0.11910172442248489,0.0799524571917645,0.160398834485216,0.000999000999000999,0.0016138355383238483,-0.014894452913859707,0.01900867447624782,0.43656343656343655,code|idea,0.0012030979772915257,0.582084582084582,True,False
reasoner,DeepSeek-R1 Distill 8B,conversational,code,safety,Code – Safety,466,154,312,0.986013986013986,0.9949425574425574,0.9975441225441225,0.08621841870904956,0.03105501398830262,0.16498315598135152,0.000999000999000999,0.0016613719263609227,-0.015406321998430847,0.02110741221940322,0.4405594405594406,code|safety,0.0012030979772915257,0.5850907985295337,True,False
reasoner,DeepSeek-R1 Distill 8B,conversational,code,security,Code – Security,552,154,398,0.9175259413952881,0.9463225216994061,0.949911897148078,0.0858319044429604,0.04614237183511426,0.13027271837476112,0.000999000999000999,0.012201421011770564,-0.01617823435505417,0.03985496973753401,0.1998001998001998,code|security,0.0012030979772915257,0.34251462822891393,True,False
reasoner,DeepSeek-R1 Distill 8B,conversational,gpqa,planning,GPQA – Planning,942,484,458,0.7135768161969035,0.8007867479880183,0.8163953949980151,0.18553398177181027,0.1433229020910145,0.2291788529519923,0.000999000999000999,0.024438729314819663,0.0031033257237316966,0.04665319329515898,0.016983016983016984,gpqa|planning,0.0012030979772915257,0.0576393303666031,True,False
reasoner,DeepSeek-R1 Distill 8B,conversational,gpqa,moral,GPQA – Moral,984,484,500,0.8967954545454545,0.9485082644628099,0.9549297520661157,0.12481812149525694,0.08015169162409537,0.16879775885771436,0.000999000999000999,0.026176180119108727,0.0007266604130992801,0.05311525923108347,0.013986013986013986,gpqa|moral,0.0012030979772915257,0.0499925606308585,True,True
reasoner,DeepSeek-R1 Distill 8B,conversational,gpqa,idea,GPQA – Idea,977,484,493,0.8528783129096609,0.9737397951486094,0.9778384993210736,0.35403908945400664,0.3004122972838834,0.41061172085551273,0.000999000999000999,0.029252509659032908,0.009821987570911132,0.05039375189424299,0.004995004995004995,gpqa|idea,0.0012030979772915257,0.022377622377622378,True,True
reasoner,DeepSeek-R1 Distill 8B,conversational,gpqa,safety,GPQA – Safety,796,484,312,0.8919990993854631,0.9662534435261708,0.9725312566221657,0.2076342958716137,0.15242967959227013,0.2723613220064189,0.000999000999000999,0.03134064069871266,0.006762647005780197,0.055554133224080295,0.005994005994005994,gpqa|safety,0.0012030979772915257,0.025820333512641208,True,True
reasoner,DeepSeek-R1 Distill 8B,conversational,gpqa,security,GPQA – Security,882,484,398,0.7532912496366129,0.787584617301383,0.7926356991569418,0.045129418220169325,0.0167911776345727,0.0689055963418057,0.000999000999000999,0.010921839026163125,-0.007899486898889923,0.030738268959401335,0.13986013986013987,gpqa|security,0.0012030979772915257,0.26107226107226106,True,False
reasoner,DeepSeek-R1 Distill 8B,conversational,planning,moral,Planning – Moral,958,458,500,0.9198209606986899,0.9741091703056769,0.9755545851528384,0.2610594028089904,0.210406695901661,0.31884526303904154,0.000999000999000999,0.006570155656907922,-0.013228733818455778,0.02428665892445651,0.26973026973026976,moral|planning,0.0012030979772915257,0.4100876499066545,True,False
reasoner,DeepSeek-R1 Distill 8B,conversational,planning,idea,Planning – Idea,951,458,493,0.8547747061480819,0.9913150925179588,0.9927943169437629,0.5348707818657641,0.48189949294172685,0.5903422113377127,0.000999000999000999,0.0222678126602323,0.006878915329213662,0.03740210840251986,0.003996003996003996,idea|planning,0.0012030979772915257,0.01945880206749772,True,True
reasoner,DeepSeek-R1 Distill 8B,conversational,planning,safety,Planning – Safety,770,458,312,0.9156729369611466,0.9859618183853992,0.9876133691635876,0.3496201399719425,0.28346133287519343,0.42062813525093073,0.000999000999000999,0.014355842229582066,-0.004770169713555538,0.03488174249571601,0.07492507492507493,planning|safety,0.0012030979772915257,0.1689585582203032,True,False
reasoner,DeepSeek-R1 Distill 8B,conversational,planning,security,Planning – Security,856,458,398,0.7065293717495775,0.8006023567619758,0.8148548418950649,0.1337922020760412,0.09454657642422537,0.17117450706863901,0.000999000999000999,0.02038286669159488,-0.0002738077344433551,0.04064392416473513,0.03196803196803197,planning|security,0.0012030979772915257,0.0925970581142995,True,False
reasoner,DeepSeek-R1 Distill 8B,conversational,moral,idea,Moral – Idea,993,500,493,0.6884077079107505,0.8283651115618661,0.8966004056795132,0.18906614796694116,0.14803271782720465,0.22990367744663923,0.000999000999000999,0.14540731953393124,0.10599547365705947,0.18470137432564424,0.000999000999000999,idea|moral,0.0012030979772915257,0.006850292564578279,True,True
reasoner,DeepSeek-R1 Distill 8B,conversational,moral,safety,Moral – Safety,812,500,312,0.6843910256410256,0.7500641025641026,0.8292948717948718,0.07166415064022992,0.03936919239922058,0.10373284418941225,0.000999000999000999,0.121256815825865,0.08166729586112692,0.16114166188459922,0.000999000999000999,moral|safety,0.0012030979772915257,0.006850292564578279,True,True
reasoner,DeepSeek-R1 Distill 8B,conversational,moral,security,Moral – Security,898,500,398,0.8509396984924623,0.9317286432160804,0.9348693467336684,0.2666370399771421,0.21300427921718557,0.3228095875565073,0.000999000999000999,0.01327380540978088,-0.010411308845436758,0.03548629796666496,0.12287712287712288,moral|security,0.0012030979772915257,0.24003903073670516,True,False
reasoner,DeepSeek-R1 Distill 8B,conversational,idea,safety,Idea – Safety,805,493,312,0.5898248556717116,0.6625318562438238,0.7768372601029802,0.02280643329518452,-0.0022032066091289696,0.04708681727190977,0.054945054945054944,0.10690373520436598,0.0639148726093309,0.14648632348344143,0.000999000999000999,idea|safety,0.06072874493927125,0.006850292564578279,False,True
reasoner,DeepSeek-R1 Distill 8B,conversational,idea,security,Idea – Security,891,493,398,0.7162383927752352,0.9684171363918986,0.9814895980918793,0.58167994442672,0.5239368246214128,0.6415231427962778,0.000999000999000999,0.08364716481061352,0.052746015640613035,0.11434259428280083,0.000999000999000999,idea|security,0.0012030979772915257,0.006850292564578279,True,True
reasoner,DeepSeek-R1 Distill 8B,conversational,safety,security,Safety – Security,710,312,398,0.7425428424172142,0.9416231800025769,0.9492816647339261,0.4100518241239723,0.3473592477185751,0.46943208535593334,0.000999000999000999,0.03405954699377774,-0.003450883005966643,0.06947522356820587,0.03396603396603397,safety|security,0.0012030979772915257,0.09671684247955435,True,False
reasoner,DeepSeek-R1 Distill 8B,cognitive,math,code,Math – Code,652,498,154,0.9162885307463621,0.918583424607521,0.9229515464455224,0.005798370523619188,-0.0010546561368710676,0.01263049694030324,0.04595404595404595,0.009443742148625128,-0.009203694370247723,0.028665774418842747,0.17282717282717283,code|math,0.05095894204805096,0.3040310474865449,False,False
reasoner,DeepSeek-R1 Distill 8B,cognitive,math,gpqa,Math – GPQA,982,498,484,0.7575550134421986,0.9052905838228948,0.9048881476318497,0.19698993212877816,0.12418370940066589,0.2584795673313557,0.000999000999000999,0.003230206405057196,-0.008721221871015586,0.015603007105636243,0.2827172827172827,gpqa|math,0.0012030979772915257,0.42407592407592404,True,False
reasoner,DeepSeek-R1 Distill 8B,cognitive,math,planning,Math – Planning,956,498,458,0.8675444134617071,0.8718060012977675,0.8599551042598341,0.08538451366754823,0.0230485878312589,0.1384872974312632,0.001998001998001998,0.011559400297898561,-0.004697487058093679,0.028448696425042334,0.08191808191808192,math|planning,0.002355539197644461,0.17989853283970933,True,False
reasoner,DeepSeek-R1 Distill 8B,cognitive,math,moral,Math – Moral,998,498,500,0.8565763052208836,0.9948032128514056,0.994578313253012,0.5076548192415322,0.464047358567334,0.5469161044021433,0.000999000999000999,0.02318971544548123,0.005886451400211467,0.04173392759574646,0.01098901098901099,math|moral,0.0012030979772915257,0.04057480980557904,True,True
reasoner,DeepSeek-R1 Distill 8B,cognitive,math,idea,Math – Idea,991,498,493,0.8873750580414966,0.9718997694632485,0.9750319737367319,0.2792532129884489,0.2376887366181596,0.3191865294857157,0.000999000999000999,0.02807324567657009,0.008102968552441771,0.047290914347802575,0.004995004995004995,idea|math,0.0012030979772915257,0.022377622377622378,True,True
reasoner,DeepSeek-R1 Distill 8B,cognitive,math,safety,Math – Safety,810,498,312,0.9017930697147565,0.9838263309648851,0.9835624549479971,0.3349161489023395,0.2857061767161767,0.383151762407103,0.000999000999000999,0.002791151464435653,-0.008085504587965326,0.014289241552017837,0.33166833166833165,math|safety,0.0012030979772915257,0.48242666424484604,True,False
reasoner,DeepSeek-R1 Distill 8B,cognitive,math,security,Math – Security,896,498,398,0.8472836067889649,0.939612722245767,0.9398599422816896,0.26865199796463823,0.2053768869297091,0.3239643559286457,0.000999000999000999,0.008743089595812725,-0.007485515150919438,0.025657980865759156,0.15384615384615385,math|security,0.0012030979772915257,0.27941787941787943,True,False
reasoner,DeepSeek-R1 Distill 8B,cognitive,code,gpqa,Code – GPQA,638,154,484,0.8402516904583021,0.9251905119673715,0.9306107116024471,0.1801998719591057,0.10682081007996284,0.24196517603733556,0.000999000999000999,0.015005579819783704,-0.005616552899881018,0.03826144958977979,0.08191808191808192,code|gpqa,0.0012030979772915257,0.17989853283970933,True,False
reasoner,DeepSeek-R1 Distill 8B,cognitive,code,planning,Code – Planning,612,154,458,0.880536494073612,0.9383825781205694,0.9507882946747576,0.15814508832219518,0.09689588645657304,0.21853377458888687,0.000999000999000999,0.030440362052282878,0.0029230852993732998,0.058518993679620886,0.015984015984015984,code|planning,0.0012030979772915257,0.05536731309927186,True,False
reasoner,DeepSeek-R1 Distill 8B,cognitive,code,moral,Code – Moral,654,154,500,0.9872467532467533,0.9999480519480519,0.999974025974026,0.07356583567416707,0.04228221008688046,0.11200299866391002,0.000999000999000999,0.003628109169530485,0.0005541997025247494,0.007234944058726078,0.008991008991008992,code|moral,0.0012030979772915257,0.03554092965857672,True,True
reasoner,DeepSeek-R1 Distill 8B,cognitive,code,idea,Code – Idea,647,154,493,0.9786623113195121,0.996641289744738,0.9969705750638813,0.09505655362103779,0.05965833472576119,0.1389436641429539,0.000999000999000999,0.0032431408384510675,-0.009466084114746955,0.01679351064455893,0.3226773226773227,code|idea,0.0012030979772915257,0.4713894800851323,True,False
reasoner,DeepSeek-R1 Distill 8B,cognitive,code,safety,Code – Safety,466,154,312,0.986013986013986,0.9969821844821845,0.9996253746253746,0.09376796344816028,0.05037829125948264,0.14654665632220062,0.000999000999000999,0.025935027782703627,0.003972833278891454,0.058192416568249354,0.004995004995004995,code|safety,0.0012030979772915257,0.022377622377622378,True,True
reasoner,DeepSeek-R1 Distill 8B,cognitive,code,security,Code – Security,552,154,398,0.9175259413952881,0.9703550218625595,0.9752985707759577,0.17568239864163016,0.12487336254359137,0.23199030507822474,0.000999000999000999,0.0246857796790747,0.003692835257318945,0.04553367123002841,0.005994005994005994,code|security,0.0012030979772915257,0.025820333512641208,True,True
reasoner,DeepSeek-R1 Distill 8B,cognitive,gpqa,planning,GPQA – Planning,942,484,458,0.7135768161969035,0.8529719585694179,0.8524982857555307,0.24744466575758847,0.16034839674595502,0.31573915361668514,0.000999000999000999,0.00048239768027621993,-0.01114812002630673,0.013660472512954762,0.46153846153846156,gpqa|planning,0.0012030979772915257,0.6094611271081859,True,False
reasoner,DeepSeek-R1 Distill 8B,cognitive,gpqa,moral,GPQA – Moral,984,484,500,0.8967954545454545,0.9799834710743802,0.9800826446280991,0.2643030969581292,0.19896727732885192,0.32426596596699647,0.000999000999000999,0.030728667362831235,0.0038326691177227624,0.06227179221034695,0.023976023976023976,gpqa|moral,0.0012030979772915257,0.07323585505403687,True,False
reasoner,DeepSeek-R1 Distill 8B,cognitive,gpqa,idea,GPQA – Idea,977,484,493,0.8528783129096609,0.9495750423281311,0.9563559251001627,0.16553192009429232,0.06112387535485204,0.24541115411305198,0.000999000999000999,0.04771701428930516,0.01721886805956065,0.0780920702964874,0.001998001998001998,gpqa|idea,0.0012030979772915257,0.011188811188811189,True,True
reasoner,DeepSeek-R1 Distill 8B,cognitive,gpqa,safety,GPQA – Safety,796,484,312,0.8919990993854631,0.9673990781945327,0.9683394257257893,0.18361971755972864,0.10289082756536391,0.24820863838056947,0.000999000999000999,0.012641966807889241,-0.006673880787107228,0.031159233914441534,0.1088911088911089,gpqa|safety,0.0012030979772915257,0.22309397919154017,True,False
reasoner,DeepSeek-R1 Distill 8B,cognitive,gpqa,security,GPQA – Security,882,484,398,0.7532912496366129,0.7988496200008306,0.7974427924747706,0.06918730079081906,0.03908622164896322,0.09819640887946034,0.000999000999000999,-0.0033996861090279103,-0.01653352166906068,0.009573322163219915,0.6993006993006993,gpqa|security,0.0012030979772915257,0.7911280638553365,True,False
reasoner,DeepSeek-R1 Distill 8B,cognitive,planning,moral,Planning – Moral,958,458,500,0.9198209606986899,0.9893318777292577,0.9921091703056768,0.4060970670229165,0.3491025002324744,0.4666024684390026,0.000999000999000999,0.012861150242657568,-0.0005270578988702621,0.02686683091391175,0.03596403596403597,moral|planning,0.0012030979772915257,0.09824322019443972,True,False
reasoner,DeepSeek-R1 Distill 8B,cognitive,planning,idea,Planning – Idea,951,458,493,0.8547747061480819,0.9747956101579316,0.9794812971115264,0.40318789064241384,0.32190263390960566,0.46890275987031727,0.000999000999000999,0.04184310757899182,0.02094942538054648,0.06396372522129325,0.000999000999000999,idea|planning,0.0012030979772915257,0.006850292564578279,True,True
reasoner,DeepSeek-R1 Distill 8B,cognitive,planning,safety,Planning – Safety,770,458,312,0.9156729369611466,0.9829736311723212,0.9863187213078043,0.35467091876652157,0.2954176786652137,0.41492292338231707,0.000999000999000999,0.017489527755164817,-0.00156236680255011,0.03558944966824421,0.03396603396603397,planning|safety,0.0012030979772915257,0.09671684247955435,True,False
reasoner,DeepSeek-R1 Distill 8B,cognitive,planning,security,Planning – Security,856,458,398,0.7065293717495775,0.8894801518509579,0.8939402251431832,0.29531319891012087,0.22654508154743833,0.3620326807899654,0.000999000999000999,0.013012956318011512,-0.0016742112855147922,0.02891280683691642,0.05094905094905095,planning|security,0.0012030979772915257,0.12495533663416876,True,False
reasoner,DeepSeek-R1 Distill 8B,cognitive,moral,idea,Moral – Idea,993,500,493,0.6884077079107505,0.965261663286004,0.9767667342799189,0.5998162295919148,0.5462115820587954,0.6474849229223673,0.000999000999000999,0.06022063886667369,0.03797123510853974,0.08351681350181256,0.000999000999000999,idea|moral,0.0012030979772915257,0.006850292564578279,True,True
reasoner,DeepSeek-R1 Distill 8B,cognitive,moral,safety,Moral – Safety,812,500,312,0.6843910256410256,0.7582371794871795,0.8151474358974359,0.09912156719783702,0.06128526315078174,0.13318848878906292,0.000999000999000999,0.08458434275639698,0.04972191527502922,0.118995638545327,0.000999000999000999,moral|safety,0.0012030979772915257,0.006850292564578279,True,True
reasoner,DeepSeek-R1 Distill 8B,cognitive,moral,security,Moral – Security,898,500,398,0.8509396984924623,0.9613718592964824,0.964286432160804,0.38816759536951084,0.32415785329128355,0.45401705851441704,0.000999000999000999,0.02631267395175185,0.004432126782582759,0.04676175069389234,0.006993006993006993,moral|security,0.0012030979772915257,0.02937062937062937,True,True
reasoner,DeepSeek-R1 Distill 8B,cognitive,idea,safety,Idea – Safety,805,493,312,0.5898248556717116,0.8879570395797576,0.894815883913247,0.3424845554301056,0.2817169111258517,0.3978352550392463,0.000999000999000999,0.01936429768357413,-0.0038282199158587607,0.041769940160237135,0.06693306693306693,idea|safety,0.0012030979772915257,0.15298986727558153,True,False
reasoner,DeepSeek-R1 Distill 8B,cognitive,idea,security,Idea – Security,891,493,398,0.7162383927752352,0.9334960808097281,0.951726176521553,0.43270638306974596,0.3718766806569879,0.4946074965840917,0.000999000999000999,0.07252248532520426,0.04279892081685576,0.10036267340612022,0.000999000999000999,idea|security,0.0012030979772915257,0.006850292564578279,True,True
reasoner,DeepSeek-R1 Distill 8B,cognitive,safety,security,Safety – Security,710,312,398,0.7425428424172142,0.9119314521324572,0.9159096765880685,0.32035193300143755,0.26098362598071445,0.38070257150650394,0.000999000999000999,0.009350944585625534,-0.01705023438222866,0.03584623694109114,0.23776223776223776,safety|security,0.0012030979772915257,0.37861664401948764,True,False
gemma4_e4b,Gemma 4 E4B,conversational,math,code,Math – Code,660,485,175,0.9702385861561119,0.9771782032400589,0.9767540500736377,0.039887591033366775,0.016943791313788873,0.06230459190894902,0.000999000999000999,0.002195083236920091,-0.012377975969356164,0.01685970562468584,0.3956043956043956,code|math,0.0012030979772915257,0.5511525511525511,True,False
gemma4_e4b,Gemma 4 E4B,conversational,math,gpqa,Math – GPQA,985,485,500,0.7069690721649484,0.8013896907216495,0.7963546391752577,0.11181255343345847,0.07203169888274194,0.15005400821444811,0.000999000999000999,-0.002088629097050923,-0.01533774924144186,0.013032590628610247,0.6333666333666333,gpqa|math,0.0012030979772915257,0.7412587412587412,True,False
gemma4_e4b,Gemma 4 E4B,conversational,math,planning,Math – Planning,985,485,500,0.8214144329896907,0.8469896907216495,0.864098969072165,0.0447468728614585,0.01751196725079628,0.06811461540089327,0.000999000999000999,0.02821723740028531,0.005006988604057447,0.05219336620366331,0.012987012987012988,math|planning,0.0012030979772915257,0.04692082111436951,True,True
gemma4_e4b,Gemma 4 E4B,conversational,math,moral,Math – Moral,985,485,500,0.8140082474226804,0.9176577319587629,0.9264329896907216,0.2284484563952944,0.17977560468524398,0.27324047626241493,0.000999000999000999,0.03160188747707215,0.00890900667473374,0.05592848300577821,0.004995004995004995,math|moral,0.0012030979772915257,0.022377622377622378,True,True
gemma4_e4b,Gemma 4 E4B,conversational,math,idea,Math – Idea,985,485,500,0.7033958762886598,0.9726845360824742,0.9820371134020619,0.6236308249514937,0.5599515617911599,0.6848964963104883,0.000999000999000999,0.059476937651731177,0.03255693197985751,0.08477556204799824,0.000999000999000999,idea|math,0.0012030979772915257,0.006850292564578279,True,True
gemma4_e4b,Gemma 4 E4B,conversational,math,safety,Math – Safety,542,485,57,0.9040694519804666,0.9220473865075058,0.9390486525592331,0.04864469176275351,0.01264166074865261,0.08454557541409508,0.005994005994005994,0.026677723135735285,-0.0030527214615865004,0.05451509920047855,0.03896103896103896,math|safety,0.006944779358572462,0.10389610389610389,True,False
gemma4_e4b,Gemma 4 E4B,conversational,math,security,Math – Security,985,485,500,0.7246350515463917,0.803901030927835,0.8292329896907217,0.09493192998685325,0.05924526142343371,0.12822107754284037,0.000999000999000999,0.04465231814554879,0.015050471376929326,0.0714177195693298,0.001998001998001998,math|security,0.0012030979772915257,0.011188811188811189,True,True
gemma4_e4b,Gemma 4 E4B,conversational,code,gpqa,Code – GPQA,675,175,500,0.9847771428571429,0.9924457142857143,0.9926857142857143,0.07205450173918386,0.049051853032593795,0.09288966007839444,0.000999000999000999,0.006495054154904707,-0.006641024318652822,0.01972885284925157,0.17282717282717283,code|gpqa,0.0012030979772915257,0.3040310474865449,True,False
gemma4_e4b,Gemma 4 E4B,conversational,code,planning,Code – Planning,675,175,500,0.9144228571428571,0.9518971428571429,0.9567885714285714,0.09582345752284951,0.06264738623345258,0.12641936383399094,0.000999000999000999,0.022011471615249575,-0.002272962078799986,0.045612401444547875,0.04595404595404595,code|planning,0.0012030979772915257,0.11877353415814954,True,False
gemma4_e4b,Gemma 4 E4B,conversational,code,moral,Code – Moral,675,175,500,0.9973028571428572,0.9988457142857143,0.9988914285714285,0.027040360573764233,0.015353083320411076,0.03792540837760272,0.000999000999000999,-0.0026926196669259904,-0.0060918196410610515,0.0005333017497559814,0.9530469530469531,code|moral,0.0012030979772915257,0.97731536755927,True,False
gemma4_e4b,Gemma 4 E4B,conversational,code,idea,Code – Idea,675,175,500,0.9909942857142857,0.9998628571428572,0.9999657142857142,0.08420105764299386,0.05580875081924529,0.12181419340924134,0.000999000999000999,0.007573501573325303,0.0026060231896300797,0.013022640965821551,0.001998001998001998,code|idea,0.0012030979772915257,0.011188811188811189,True,True
gemma4_e4b,Gemma 4 E4B,conversational,code,safety,Code – Safety,232,175,57,0.9950877192982456,0.997593984962406,0.9966917293233083,0.03567435612006013,-0.005938666776334537,0.0733691413346188,0.03296703296703297,-0.009793695386059412,-0.022215609038724653,0.0013123143240866989,0.942057942057942,code|safety,0.03704656547465912,0.974975793437332,False,False
gemma4_e4b,Gemma 4 E4B,conversational,code,security,Code – Security,675,175,500,0.9426742857142857,0.96144,0.9690971428571429,0.07870512235810338,0.044483955171735756,0.11106898847577418,0.000999000999000999,0.042643930497278645,0.00902236869016647,0.07421882011956578,0.003996003996003996,code|security,0.0012030979772915257,0.01945880206749772,True,True
gemma4_e4b,Gemma 4 E4B,conversational,gpqa,planning,GPQA – Planning,1000,500,500,0.872676,0.92288,0.926992,0.13054426859536056,0.08238537589144904,0.17233300190746104,0.000999000999000999,0.016469432860259762,-0.0015859048248839597,0.034126756876853466,0.03496503496503497,gpqa|planning,0.0012030979772915257,0.09709298965497312,True,False
gemma4_e4b,Gemma 4 E4B,conversational,gpqa,moral,GPQA – Moral,1000,500,500,0.894388,0.94458,0.950808,0.138226205803207,0.1031685459133777,0.17452535002114694,0.000999000999000999,0.021371599984002447,-0.0008188040916092108,0.041825787241092885,0.027972027972027972,gpqa|moral,0.0012030979772915257,0.08467208467208467,True,False
gemma4_e4b,Gemma 4 E4B,conversational,gpqa,idea,GPQA – Idea,1000,500,500,0.933168,0.988136,0.993008,0.2274951087961441,0.17937898463553276,0.27728822397966585,0.000999000999000999,0.04606073230147523,0.019608356838055636,0.06976758493620384,0.000999000999000999,gpqa|idea,0.0012030979772915257,0.006850292564578279,True,True
gemma4_e4b,Gemma 4 E4B,conversational,gpqa,safety,GPQA – Safety,557,500,57,0.984280701754386,0.9881052631578947,0.993719298245614,0.0016446057187593183,-0.014107064568300978,0.014760281345701416,0.45354645354645357,0.01682578902979348,-0.0034998553414555254,0.04039631081111041,0.0939060939060939,gpqa|safety,0.46602938346057615,0.20225927918235612,False,False
gemma4_e4b,Gemma 4 E4B,conversational,gpqa,security,GPQA – Security,1000,500,500,0.7267,0.719536,0.738892,0.005765997777762164,-0.006823040189329326,0.018755647692321277,0.17782217782217782,0.025509057512932504,0.0017742447411024545,0.049208515275617225,0.02197802197802198,gpqa|security,0.18967698967698968,0.06966618287373005,False,False
gemma4_e4b,Gemma 4 E4B,conversational,planning,moral,Planning – Moral,1000,500,500,0.98555,0.989736,0.989784,0.03278461426366924,0.011136294486514455,0.05386155288745215,0.001998001998001998,0.0045837256457246945,-0.006710882796755129,0.016449698156754424,0.23076923076923078,moral|planning,0.002355539197644461,0.3727810650887574,True,False
gemma4_e4b,Gemma 4 E4B,conversational,planning,idea,Planning – Idea,1000,500,500,0.970918,0.992648,0.996264,0.1202347709767881,0.05640434006123462,0.17009125588352764,0.000999000999000999,0.04789399177278702,0.03077595616123287,0.06718006308590917,0.000999000999000999,idea|planning,0.0012030979772915257,0.006850292564578279,True,True
gemma4_e4b,Gemma 4 E4B,conversational,planning,safety,Planning – Safety,557,500,57,0.9954035087719298,0.9951929824561403,0.9972280701754386,-0.016466670552265354,-0.05798907552227398,0.010289864616628078,0.7212787212787213,0.012188004441028166,-0.008001805477351872,0.0415882420019642,0.23076923076923078,planning|safety,0.7255977555378753,0.3727810650887574,False,False
gemma4_e4b,Gemma 4 E4B,conversational,planning,security,Planning – Security,1000,500,500,0.655716,0.835256,0.827896,0.19685405894690433,0.14551255239225497,0.24256423457820803,0.000999000999000999,-0.011653508980284452,-0.025471177214744498,2.180123695168477e-05,0.962037962037962,planning|security,0.0012030979772915257,0.9805467260012715,True,False
gemma4_e4b,Gemma 4 E4B,conversational,moral,idea,Moral – Idea,1000,500,500,0.989496,0.99836,0.998672,0.09609360100433943,0.07327207420328119,0.12203749122832919,0.000999000999000999,0.01431881989169041,5.673829950621498e-05,0.026491773372835932,0.00999000999000999,idea|moral,0.0012030979772915257,0.03771509389486918,True,True
gemma4_e4b,Gemma 4 E4B,conversational,moral,safety,Moral – Safety,557,500,57,0.9458245614035088,0.9756842105263158,0.9851578947368421,0.01420779084310488,-0.0032020074627379046,0.0336891720859038,0.055944055944055944,-0.013615148891810923,-0.03614642132863674,0.0051196318403436605,0.8841158841158842,moral|safety,0.06163017310558294,0.9254297104764395,False,False
gemma4_e4b,Gemma 4 E4B,conversational,moral,security,Moral – Security,1000,500,500,0.938764,0.964492,0.9707,0.12111132771636808,0.09224114594806687,0.1482829250145842,0.000999000999000999,0.04056494166666076,0.016795423972328333,0.06434233874685345,0.000999000999000999,moral|security,0.0012030979772915257,0.006850292564578279,True,True
gemma4_e4b,Gemma 4 E4B,conversational,idea,safety,Idea – Safety,557,500,57,0.9516491228070175,0.9644561403508772,0.9887719298245614,0.001961257442004258,-0.013821021090143578,0.017639980889224412,0.39760239760239763,0.02419260677529894,0.0016777901713055797,0.05604262791673808,0.03196803196803197,idea|safety,0.411059709521248,0.0925970581142995,False,False
gemma4_e4b,Gemma 4 E4B,conversational,idea,security,Idea – Security,1000,500,500,0.789526,0.968532,0.985172,0.42321131740909385,0.36236448018910283,0.4801547425239633,0.000999000999000999,0.11109757162368843,0.07316780787918656,0.15384551305297356,0.000999000999000999,idea|security,0.0012030979772915257,0.006850292564578279,True,True
gemma4_e4b,Gemma 4 E4B,conversational,safety,security,Safety – Security,557,57,500,0.9614736842105264,0.9553684210526315,0.9836842105263158,-0.014125837516353061,-0.02270122639241972,-0.00740073428013601,1.0,0.057247881133334844,0.023799137032060845,0.09694267703410084,0.000999000999000999,safety|security,1.0,0.006850292564578279,False,True
gemma4_e4b,Gemma 4 E4B,cognitive,math,code,Math – Code,660,485,175,0.9702385861561119,0.9777555228276877,0.9772606774668631,0.04604359998834704,0.022461048886838194,0.069409315138739,0.000999000999000999,-0.0012528326707536375,-0.014493789768627105,0.011951864384518727,0.5564435564435565,code|math,0.0012030979772915257,0.6848536079305311,True,False
gemma4_e4b,Gemma 4 E4B,cognitive,math,gpqa,Math – GPQA,985,485,500,0.7069690721649484,0.7159711340206185,0.7496494845360825,0.04553639987999723,0.023024849056382253,0.06632033220960516,0.000999000999000999,0.02534064176264971,0.00545998148176757,0.04546511195153738,0.01098901098901099,gpqa|math,0.0012030979772915257,0.04057480980557904,True,True
gemma4_e4b,Gemma 4 E4B,cognitive,math,planning,Math – Planning,985,485,500,0.8214144329896907,0.8979752577319587,0.9132659793814433,0.17051373210058188,0.1287824913525397,0.21325433251945136,0.000999000999000999,0.042582980284688515,0.018830575114961785,0.06674408692332981,0.000999000999000999,math|planning,0.0012030979772915257,0.006850292564578279,True,True
gemma4_e4b,Gemma 4 E4B,cognitive,math,moral,Math – Moral,985,485,500,0.8140082474226804,0.8480824742268042,0.8954515463917526,0.06706693965735509,0.04308033692204708,0.09044422563772858,0.000999000999000999,0.10827049510928005,0.07223277322833596,0.14404747383788674,0.000999000999000999,math|moral,0.0012030979772915257,0.006850292564578279,True,True
gemma4_e4b,Gemma 4 E4B,cognitive,math,idea,Math – Idea,985,485,500,0.7033958762886598,0.7299546391752577,0.8413072164948454,0.044805696868593634,0.0218374332358825,0.06766623191338063,0.000999000999000999,0.16353696950679444,0.1190757990584098,0.20851528122699167,0.000999000999000999,idea|math,0.0012030979772915257,0.006850292564578279,True,True
gemma4_e4b,Gemma 4 E4B,cognitive,math,safety,Math – Safety,542,485,57,0.9040694519804666,0.9439681678422861,0.9501175619461024,0.09973420240127429,0.06276453474802245,0.13735325974291332,0.000999000999000999,0.01133611916625043,-0.01025142425698127,0.029568223316113834,0.13086913086913088,math|safety,0.0012030979772915257,0.2512687312687313,True,False
gemma4_e4b,Gemma 4 E4B,cognitive,math,security,Math – Security,985,485,500,0.7246350515463917,0.7987546391752577,0.8507381443298969,0.11649601182652554,0.07952190659464435,0.15152668402694056,0.000999000999000999,0.08226845864792068,0.05086494524788218,0.11300764859238446,0.000999000999000999,math|security,0.0012030979772915257,0.006850292564578279,True,True
gemma4_e4b,Gemma 4 E4B,cognitive,code,gpqa,Code – GPQA,675,175,500,0.9847771428571429,0.9876228571428571,0.98688,0.05097754558182244,0.024762868887476815,0.07456947813389034,0.000999000999000999,-0.0034150098423306884,-0.014109741949996523,0.00649972746952952,0.7292707292707292,code|gpqa,0.0012030979772915257,0.8222649833388088,True,False
gemma4_e4b,Gemma 4 E4B,cognitive,code,planning,Code – Planning,675,175,500,0.9144228571428571,0.9789142857142857,0.9773028571428571,0.2247941113257707,0.1733770638966352,0.27684808964832225,0.000999000999000999,-0.003848375466831984,-0.021781461064562357,0.013033778841753966,0.6643356643356644,code|planning,0.0012030979772915257,0.7618320246306595,True,False
gemma4_e4b,Gemma 4 E4B,cognitive,code,moral,Code – Moral,675,175,500,0.9973028571428572,0.9935657142857143,0.9931542857142858,0.006077064161951764,-0.023479460118855357,0.02644726799657206,0.41058941058941056,-0.003456621718612885,-0.012819917734299571,0.00591013099718306,0.7472527472527473,code|moral,0.42318417778540474,0.8341426015844621,False,False
gemma4_e4b,Gemma 4 E4B,cognitive,code,idea,Code – Idea,675,175,500,0.9909942857142857,0.9889257142857143,0.9888,0.011587840621091004,-0.041444474608411,0.04666925964751868,0.35564435564435565,-0.0009317953507352977,-0.009841978456902751,0.00865076478544903,0.5834165834165834,code|idea,0.3688163688163688,0.7009809978007858,False,False
gemma4_e4b,Gemma 4 E4B,cognitive,code,safety,Code – Safety,232,175,57,0.9950877192982456,0.9950877192982456,0.9926817042606516,0.00952037585071874,-0.0315251599612656,0.040160029267100536,0.35264735264735264,-0.004186060746867932,-0.03962057906789065,0.02327925419080289,0.6043956043956044,code|safety,0.36684058975080647,0.7150595882990248,False,False
gemma4_e4b,Gemma 4 E4B,cognitive,code,security,Code – Security,675,175,500,0.9426742857142857,0.9745714285714285,0.9694514285714285,0.13901049057223408,0.09043111162206839,0.1800824919932795,0.000999000999000999,0.0022340379256176844,-0.026042795129199523,0.02966981148938063,0.41858141858141856,code|security,0.0012030979772915257,0.568463794270246,True,False
gemma4_e4b,Gemma 4 E4B,cognitive,gpqa,planning,GPQA – Planning,1000,500,500,0.872676,0.934796,0.939516,0.17915935766226032,0.1367222938670659,0.222428978426798,0.000999000999000999,0.01621350441541779,0.0010925931818867197,0.0311930868078978,0.016983016983016984,gpqa|planning,0.0012030979772915257,0.0576393303666031,True,False
gemma4_e4b,Gemma 4 E4B,cognitive,gpqa,moral,GPQA – Moral,1000,500,500,0.894388,0.926044,0.946612,0.06907908874663389,0.03794790820591723,0.09644427267248662,0.000999000999000999,0.07254100575126213,0.046942589829580855,0.09708934527966939,0.000999000999000999,gpqa|moral,0.0012030979772915257,0.006850292564578279,True,True
gemma4_e4b,Gemma 4 E4B,cognitive,gpqa,idea,GPQA – Idea,1000,500,500,0.933168,0.959772,0.978688,0.05989529659659203,0.032499045233562084,0.08876356455273986,0.000999000999000999,0.11696695443035934,0.07764699443146825,0.15763905991352722,0.000999000999000999,gpqa|idea,0.0012030979772915257,0.006850292564578279,True,True
gemma4_e4b,Gemma 4 E4B,cognitive,gpqa,safety,GPQA – Safety,557,500,57,0.984280701754386,0.9877894736842106,0.9836491228070176,0.005298898549542423,-0.010207101411461196,0.019771783831367056,0.25874125874125875,0.003047804515054537,-0.019732213881407463,0.022154532603116162,0.37962037962037964,gpqa|safety,0.27252997785913147,0.5404764726798625,False,False
gemma4_e4b,Gemma 4 E4B,cognitive,gpqa,security,GPQA – Security,1000,500,500,0.7267,0.749596,0.7613,0.042224761643045054,0.018720426973549358,0.06305860726913667,0.000999000999000999,0.018114693377908785,-0.00399467216951586,0.0393389153646824,0.04895104895104895,gpqa|security,0.0012030979772915257,0.12366580787633419,True,False
gemma4_e4b,Gemma 4 E4B,cognitive,planning,moral,Planning – Moral,1000,500,500,0.98555,0.992912,0.995076,0.0717548831391666,0.0545261712548952,0.0912290792573664,0.000999000999000999,0.021489414495865878,0.00855317230543521,0.03430456088939764,0.000999000999000999,moral|planning,0.0012030979772915257,0.006850292564578279,True,True
gemma4_e4b,Gemma 4 E4B,cognitive,planning,idea,Planning – Idea,1000,500,500,0.970918,0.99406,0.996132,0.12987230664826094,0.10057602880519037,0.15978076925559992,0.000999000999000999,0.027451027716065366,0.013369491086992383,0.043067192366031466,0.000999000999000999,idea|planning,0.0012030979772915257,0.006850292564578279,True,True
gemma4_e4b,Gemma 4 E4B,cognitive,planning,safety,Planning – Safety,557,500,57,0.9954035087719298,0.9992280701754386,0.9989122807017544,0.02880265587778871,0.01453562111988508,0.04523822999303385,0.000999000999000999,-0.0007378508784900102,-0.007156516806405026,0.004549853933854458,0.5724275724275725,planning|safety,0.0012030979772915257,0.6968683490422621,True,False
gemma4_e4b,Gemma 4 E4B,cognitive,planning,security,Planning – Security,1000,500,500,0.655716,0.914268,0.924412,0.400416354878036,0.3490541826739777,0.4490869763102666,0.000999000999000999,0.0300918662724134,0.0067198544356017065,0.05119625364630921,0.001998001998001998,planning|security,0.0012030979772915257,0.011188811188811189,True,True
gemma4_e4b,Gemma 4 E4B,cognitive,moral,idea,Moral – Idea,1000,500,500,0.989496,0.993768,0.999112,0.042292909048447604,0.020158426958272125,0.06338533828754071,0.000999000999000999,0.07461788616311081,0.052439264038998644,0.10019327077213652,0.000999000999000999,idea|moral,0.0012030979772915257,0.006850292564578279,True,True
gemma4_e4b,Gemma 4 E4B,cognitive,moral,safety,Moral – Safety,557,500,57,0.9458245614035088,0.9564912280701754,0.9642456140350877,0.00225313679892263,-0.007005060188319445,0.010368895076905634,0.2907092907092907,-0.0006752398974776443,-0.014398078108215624,0.009461093475062103,0.5374625374625375,moral|safety,0.30429383700411733,0.6688422688422688,False,False
gemma4_e4b,Gemma 4 E4B,cognitive,moral,security,Moral – Security,1000,500,500,0.938764,0.965848,0.974716,0.12955108129127954,0.09590429906242424,0.1651833794327182,0.000999000999000999,0.055188181591354434,0.02591611592940168,0.08163079201739183,0.000999000999000999,moral|security,0.0012030979772915257,0.006850292564578279,True,True
gemma4_e4b,Gemma 4 E4B,cognitive,idea,safety,Idea – Safety,557,500,57,0.9516491228070175,0.9509824561403509,0.9776491228070175,-0.002762073351510342,-0.01701269962906138,0.009483659013105258,0.6643356643356644,0.015859236538258287,-0.005756414346757988,0.03747380989026783,0.0959040959040959,idea|safety,0.6703206703206703,0.20394795078339384,False,False
gemma4_e4b,Gemma 4 E4B,cognitive,idea,security,Idea – Security,1000,500,500,0.789526,0.902976,0.956748,0.1858626331815998,0.14598883332518092,0.2255078567692645,0.000999000999000999,0.2083103682578579,0.16577556034778806,0.2564938998750035,0.000999000999000999,idea|security,0.0012030979772915257,0.006850292564578279,True,True
gemma4_e4b,Gemma 4 E4B,cognitive,safety,security,Safety – Security,557,57,500,0.9614736842105264,0.9740350877192983,0.9790175438596491,0.027837116811275736,0.004569677988201083,0.053836955643224854,0.01898101898101898,0.0064929682847526225,-0.0064478886908213105,0.01910515706495226,0.15884115884115885,safety|security,0.0216190589071945,0.2854044351370555,True,False
gemma4_31b,Gemma 4 31B,conversational,math,code,Math – Code,674,499,175,0.9216604637847123,0.9292184368737475,0.9290008588605783,0.033940181358544014,0.00743946205020435,0.05886983103940056,0.00999000999000999,-0.0017298205041720008,-0.018515114666492884,0.014457515205900804,0.5774225774225774,code|math,0.011495353961107386,0.6978920360215324,True,False
gemma4_31b,Gemma 4 31B,conversational,math,gpqa,Math – GPQA,999,499,500,0.8816833667334669,0.9024769539078157,0.900693386773547,0.07059828508680582,0.03753828026873814,0.10292811012948766,0.000999000999000999,0.001081835000413861,-0.014157750633403668,0.017586675617148263,0.4195804195804196,gpqa|math,0.0012030979772915257,0.568463794270246,True,False
gemma4_31b,Gemma 4 31B,conversational,math,planning,Math – Planning,999,499,500,0.8946973947895791,0.914689378757515,0.9275751503006012,0.059727796173608516,0.03249943190637394,0.08477993779493477,0.000999000999000999,0.0423372384599757,0.021635686061257476,0.06278120354791038,0.000999000999000999,math|planning,0.0012030979772915257,0.006850292564578279,True,True
gemma4_31b,Gemma 4 31B,conversational,math,moral,Math – Moral,999,499,500,0.7303647294589178,0.9787174348697395,0.9854789579158316,0.6238477371040682,0.5611429402909951,0.6778185775595472,0.000999000999000999,0.055591704650375384,0.03352737842981209,0.07750833528279265,0.000999000999000999,math|moral,0.0012030979772915257,0.006850292564578279,True,True
gemma4_31b,Gemma 4 31B,conversational,math,idea,Math – Idea,999,499,500,0.912062124248497,0.9956152304609218,0.9977635270541082,0.43137069027959984,0.3810978570628245,0.48315734649105324,0.000999000999000999,0.024872245236349688,0.004670440175274252,0.044543821463710644,0.002997002997002997,idea|math,0.0012030979772915257,0.015734265734265736,True,True
gemma4_31b,Gemma 4 31B,conversational,math,safety,Math – Safety,812,499,313,0.9577365593807423,0.9751515811175065,0.9765281361444934,0.07394112893198025,0.03164874912444919,0.11126802826831708,0.000999000999000999,0.012861307644890041,-0.006084395793583333,0.03294425719609875,0.10789210789210789,math|safety,0.0012030979772915257,0.222403363507658,True,False
gemma4_31b,Gemma 4 31B,conversational,math,security,Math – Security,995,499,496,0.8329643157282307,0.8807494020298662,0.8842483353804383,0.12216749648080315,0.08435527958569618,0.15814270424822946,0.000999000999000999,0.015389837643431813,-0.001831135793025239,0.034051727638129144,0.04995004995004995,math|security,0.0012030979772915257,0.12495533663416876,True,False
gemma4_31b,Gemma 4 31B,conversational,code,gpqa,Code – GPQA,675,175,500,0.5991428571428571,0.9038628571428572,0.9078742857142857,0.32789917073087865,0.27264157937108763,0.3778347370725132,0.000999000999000999,0.006078691891565322,-0.01815010420643835,0.02589106985647037,0.3116883116883117,code|gpqa,0.0012030979772915257,0.45732433505359266,True,False
gemma4_31b,Gemma 4 31B,conversational,code,planning,Code – Planning,675,175,500,0.6951885714285714,0.8709371428571429,0.8964685714285714,0.19035283859733698,0.13034803413222357,0.2444047703263814,0.000999000999000999,0.05274305824866693,0.017313963264878548,0.09198132979587914,0.003996003996003996,code|planning,0.0012030979772915257,0.01945880206749772,True,True
gemma4_31b,Gemma 4 31B,conversational,code,moral,Code – Moral,675,175,500,0.9023885714285714,0.9942628571428571,0.9956,0.25535983264837187,0.1943106034299522,0.31784058262683546,0.000999000999000999,0.005799573090799554,-0.01363481945068626,0.026018757552145475,0.2917082917082917,code|moral,0.0012030979772915257,0.433690203601708,True,False
gemma4_31b,Gemma 4 31B,conversational,code,idea,Code – Idea,675,175,500,0.8849485714285714,0.9994742857142858,0.9998057142857143,0.34650623941716074,0.27249752480032075,0.4288339701033169,0.000999000999000999,0.013400124497864641,0.0016747825796277144,0.0309847862202848,0.008991008991008992,code|idea,0.0012030979772915257,0.03554092965857672,True,True
gemma4_31b,Gemma 4 31B,conversational,code,safety,Code – Safety,488,175,313,0.9840803286170698,0.990963030579644,0.9907622090369694,0.05466560772877624,0.030000268824896023,0.07929773350935392,0.000999000999000999,-0.0018507684389377664,-0.01141075348842788,0.007549666265367417,0.6763236763236763,code|safety,0.0012030979772915257,0.7703212042195092,True,False
gemma4_31b,Gemma 4 31B,conversational,code,security,Code – Security,671,175,496,0.7734907834101382,0.8994930875576037,0.9035138248847926,0.19712340673300666,0.1497266751598884,0.23884920839021484,0.000999000999000999,0.0036929701372890103,-0.017922964884479493,0.023851413910440964,0.3826173826173826,code|security,0.0012030979772915257,0.5424448968752766,True,False
gemma4_31b,Gemma 4 31B,conversational,gpqa,planning,GPQA – Planning,1000,500,500,0.725228,0.89016,0.890416,0.2729927144836396,0.221958032369627,0.3216020934478668,0.000999000999000999,-0.00021304660054398284,-0.016873048177250636,0.016424366407516492,0.5224775224775224,gpqa|planning,0.0012030979772915257,0.6550464460912222,True,False
gemma4_31b,Gemma 4 31B,conversational,gpqa,moral,GPQA – Moral,1000,500,500,0.891172,0.989152,0.991464,0.32467275845483196,0.27535792869849834,0.3747529454018485,0.000999000999000999,0.024526157606368556,0.00758052146270948,0.04374191826043728,0.001998001998001998,gpqa|moral,0.0012030979772915257,0.011188811188811189,True,True
gemma4_31b,Gemma 4 31B,conversational,gpqa,idea,GPQA – Idea,1000,500,500,0.946694,0.99782,0.999216,0.2640367067034257,0.2230289534925175,0.30712088361650636,0.000999000999000999,0.036031411507263245,0.020069614029171196,0.05251257168425954,0.000999000999000999,gpqa|idea,0.0012030979772915257,0.006850292564578279,True,True
gemma4_31b,Gemma 4 31B,conversational,gpqa,safety,GPQA – Safety,813,500,313,0.9979488817891374,0.9985942492012779,0.9987156549520767,0.016542988273566595,0.0028763819896461718,0.029103392030819818,0.005994005994005994,0.006513428407127814,-0.004882514920241539,0.017228192367929548,0.13886113886113885,gpqa|safety,0.006944779358572462,0.26107226107226106,True,False
gemma4_31b,Gemma 4 31B,conversational,gpqa,security,GPQA – Security,996,500,496,0.6273145161290322,0.676366935483871,0.6618266129032258,0.020440731259049147,0.0018005156028892328,0.04014430942001709,0.015984015984015984,-0.01363804012519368,-0.026350731047500582,-0.0010560182572229217,0.986013986013986,gpqa|security,0.01826744683887541,0.9948969948969949,True,False
gemma4_31b,Gemma 4 31B,conversational,planning,moral,Planning – Moral,1000,500,500,0.86686,0.988348,0.99044,0.4005683807568714,0.3472165604614224,0.447689806371172,0.000999000999000999,0.028381633011052166,0.009682890693245369,0.04655542220706011,0.001998001998001998,moral|planning,0.0012030979772915257,0.011188811188811189,True,True
gemma4_31b,Gemma 4 31B,conversational,planning,idea,Planning – Idea,1000,500,500,0.925252,0.997388,0.999252,0.3780381876684547,0.32814412094278156,0.42261757630557706,0.000999000999000999,0.03823717180407185,0.01915453478794277,0.05848821855745729,0.000999000999000999,idea|planning,0.0012030979772915257,0.006850292564578279,True,True
gemma4_31b,Gemma 4 31B,conversational,planning,safety,Planning – Safety,813,500,313,0.9964217252396166,0.9967987220447284,0.997073482428115,0.008565107883458095,-0.005447833721675011,0.023858058009462346,0.12287712287712288,0.01578839138568771,-0.0027367403149023617,0.03380883826938715,0.05094905094905095,planning|safety,0.13232920925228617,0.12495533663416876,False,False
gemma4_31b,Gemma 4 31B,conversational,planning,security,Planning – Security,996,500,496,0.7105766129032258,0.868616935483871,0.8654919354838709,0.23707584619294103,0.1884481049947917,0.28064580195719246,0.000999000999000999,-0.006514242721984187,-0.014338311152208278,0.0018724506980193568,0.9430569430569431,planning|security,0.0012030979772915257,0.974975793437332,True,False
gemma4_31b,Gemma 4 31B,conversational,moral,idea,Moral – Idea,1000,500,500,0.963798,0.993664,0.99778,0.20940853552788324,0.16941434553711576,0.2518630629339607,0.000999000999000999,0.06068935385234065,0.040777613661893614,0.08122666265652569,0.000999000999000999,idea|moral,0.0012030979772915257,0.006850292564578279,True,True
gemma4_31b,Gemma 4 31B,conversational,moral,safety,Moral – Safety,813,500,313,0.9983258785942491,0.9973993610223643,0.9991182108626198,0.006029737914576158,-0.004447890862172974,0.0165423222564955,0.13686313686313686,0.014818362476696087,-0.0012663855416653626,0.03378426488982889,0.04195804195804196,moral|safety,0.1469201724792779,0.11100710313308738,False,False
gemma4_31b,Gemma 4 31B,conversational,moral,security,Moral – Security,996,500,496,0.723899193548387,0.954508064516129,0.9650241935483871,0.40429014775664146,0.34791656038677327,0.45593326128742917,0.000999000999000999,0.05694138338213357,0.03274519823097514,0.08298270553157144,0.000999000999000999,moral|security,0.0012030979772915257,0.006850292564578279,True,True
gemma4_31b,Gemma 4 31B,conversational,idea,safety,Idea – Safety,813,500,313,0.9908594249201278,0.9952843450479233,0.9980575079872205,0.04121796442952395,0.018156549589611062,0.06427646824673883,0.000999000999000999,0.01442455477814368,-0.006472925330905704,0.03578873492550623,0.0989010989010989,idea|safety,0.0012030979772915257,0.20769230769230768,True,False
gemma4_31b,Gemma 4 31B,conversational,idea,security,Idea – Security,996,500,496,0.7082842741935483,0.9820685483870968,0.9936653225806452,0.5407303469564151,0.484881156574222,0.5916903580490349,0.000999000999000999,0.09321720975795426,0.059957782066519916,0.13157865369587615,0.000999000999000999,idea|security,0.0012030979772915257,0.006850292564578279,True,True
gemma4_31b,Gemma 4 31B,conversational,safety,security,Safety – Security,809,313,496,0.9799127847057612,0.981352416778316,0.9857389467175101,0.012744505190916548,-0.004635574856159966,0.031031701734884377,0.08091908091908091,0.022264710077002575,-0.004784989990511241,0.04691556571520556,0.04895104895104895,safety|security,0.08770584254455221,0.12366580787633419,False,False
gemma4_31b,Gemma 4 31B,cognitive,math,code,Math – Code,674,499,175,0.9216604637847123,0.9458230747208703,0.9437961637560836,0.07324862781103496,0.03760176593494856,0.11087630042648966,0.000999000999000999,-0.002758337761607206,-0.017619548655999805,0.012038162999709943,0.6353646353646354,code|math,0.0012030979772915257,0.7412587412587412,True,False
gemma4_31b,Gemma 4 31B,cognitive,math,gpqa,Math – GPQA,999,499,500,0.8816833667334669,0.8858196392785571,0.8847735470941884,0.03627293842530593,0.017978505950372984,0.05692406607867488,0.001998001998001998,0.002107487828311188,-0.012190609203478173,0.016192440596310444,0.3966033966033966,gpqa|math,0.002355539197644461,0.5511525511525511,True,False
gemma4_31b,Gemma 4 31B,cognitive,math,planning,Math – Planning,999,499,500,0.8946973947895791,0.9432064128256513,0.9455871743486974,0.16235419415881927,0.12382468330148606,0.20233170632579234,0.000999000999000999,0.008832138647494252,-0.006630969742609811,0.024563538836266236,0.13986013986013987,math|planning,0.0012030979772915257,0.26107226107226106,True,False
gemma4_31b,Gemma 4 31B,cognitive,math,moral,Math – Moral,999,499,500,0.7303647294589178,0.9876392785571142,0.9939519038076152,0.6909433996984797,0.6434893431771844,0.7319599265959408,0.000999000999000999,0.04349917944301804,0.004872228674102464,0.07399877540168799,0.002997002997002997,math|moral,0.0012030979772915257,0.015734265734265736,True,True
gemma4_31b,Gemma 4 31B,cognitive,math,idea,Math – Idea,999,499,500,0.912062124248497,0.9588176352705411,0.9798356713426853,0.14643817317451324,0.11487465508166769,0.1804819641663681,0.000999000999000999,0.13248594811293177,0.096684716977677,0.16770117496850617,0.000999000999000999,idea|math,0.0012030979772915257,0.006850292564578279,True,True
gemma4_31b,Gemma 4 31B,cognitive,math,safety,Math – Safety,812,499,313,0.9577365593807423,0.9854341270400225,0.9903897251371753,0.13095063683129393,0.10152140234972769,0.1596186077163551,0.000999000999000999,0.034229482382955,0.01707336760028775,0.05171468657737686,0.000999000999000999,math|safety,0.0012030979772915257,0.006850292564578279,True,True
gemma4_31b,Gemma 4 31B,cognitive,math,security,Math – Security,995,499,496,0.8329643157282307,0.845097452970457,0.8400591505591829,0.04805049982440314,0.025676114509691945,0.06960921038201033,0.000999000999000999,-0.0032150197040379976,-0.016910725253263842,0.010729729157001738,0.6643356643356644,math|security,0.0012030979772915257,0.7618320246306595,True,False
gemma4_31b,Gemma 4 31B,cognitive,code,gpqa,Code – GPQA,675,175,500,0.5991428571428571,0.9356457142857143,0.9305371428571428,0.40599702894837886,0.349393337152803,0.4564357582119578,0.000999000999000999,-0.014506302677897457,-0.027076877141789756,-0.0022231935959578417,0.989010989010989,code|gpqa,0.0012030979772915257,0.9949332105020728,True,False
gemma4_31b,Gemma 4 31B,cognitive,code,planning,Code – Planning,675,175,500,0.6951885714285714,0.9423885714285715,0.9382628571428572,0.38877021817234897,0.3209170823049167,0.45045055030692516,0.000999000999000999,-0.00860586144155682,-0.023661081653172725,0.005268391323403439,0.8661338661338661,code|planning,0.0012030979772915257,0.9180472524321105,True,False
gemma4_31b,Gemma 4 31B,cognitive,code,moral,Code – Moral,675,175,500,0.9023885714285714,0.9864,0.9853371428571429,0.21541982435559737,0.16065857951921853,0.2764223728849994,0.000999000999000999,-0.004829180446405355,-0.024365840787219088,0.01495179446063702,0.6993006993006993,code|moral,0.0012030979772915257,0.7911280638553365,True,False
gemma4_31b,Gemma 4 31B,cognitive,code,idea,Code – Idea,675,175,500,0.8849485714285714,0.9722971428571429,0.9888685714285714,0.15858321643295734,0.11452233181795739,0.20380038260666414,0.000999000999000999,0.07382106821651306,0.03606567826535438,0.11352977586767049,0.000999000999000999,code|idea,0.0012030979772915257,0.006850292564578279,True,True
gemma4_31b,Gemma 4 31B,cognitive,code,safety,Code – Safety,488,175,313,0.9840803286170698,0.9958557736193518,0.9964582382473757,0.07999944353371309,0.044319618391419076,0.12112966364901841,0.000999000999000999,0.005336231141528227,-0.013510560498379396,0.02287438386422834,0.27172827172827174,code|safety,0.0012030979772915257,0.41126441126441127,True,False
gemma4_31b,Gemma 4 31B,cognitive,code,security,Code – Security,671,175,496,0.7734907834101382,0.9496198156682027,0.9477649769585254,0.3373022417989513,0.2791682318213255,0.39295133058379544,0.000999000999000999,-0.008350837243442174,-0.023388635626007875,0.008995901851740566,0.8571428571428571,code|security,0.0012030979772915257,0.9171974522292994,True,False
gemma4_31b,Gemma 4 31B,cognitive,gpqa,planning,GPQA – Planning,1000,500,500,0.725228,0.8951,0.8925,0.2852939206572171,0.2411280470066491,0.3328333130887143,0.000999000999000999,-0.004277692166055425,-0.0181353492980977,0.008271196288584809,0.7692307692307693,gpqa|planning,0.0012030979772915257,0.8502024291497975,True,False
gemma4_31b,Gemma 4 31B,cognitive,gpqa,moral,GPQA – Moral,1000,500,500,0.891172,0.999128,0.999824,0.45868273266791887,0.4067605587518507,0.5146942571004549,0.000999000999000999,0.017828046034249652,0.006234909153000966,0.03132111589958403,0.000999000999000999,gpqa|moral,0.0012030979772915257,0.006850292564578279,True,True
gemma4_31b,Gemma 4 31B,cognitive,gpqa,idea,GPQA – Idea,1000,500,500,0.946694,0.99102,0.992388,0.18148626321697345,0.14862689475116073,0.21424227597711176,0.000999000999000999,0.01616018698030304,-0.0005825083836669652,0.03324545693236648,0.03196803196803197,gpqa|idea,0.0012030979772915257,0.0925970581142995,True,False
gemma4_31b,Gemma 4 31B,cognitive,gpqa,safety,GPQA – Safety,813,500,313,0.9979488817891374,0.9997635782747604,0.9999233226837061,0.05388967442974607,0.0370685017672981,0.07056661987542853,0.000999000999000999,0.010645117927818777,0.0029333473156782177,0.019400314024905968,0.007992007992007992,gpqa|safety,0.0012030979772915257,0.032747740064813236,True,True
gemma4_31b,Gemma 4 31B,cognitive,gpqa,security,GPQA – Security,996,500,496,0.6273145161290322,0.6972822580645162,0.6970564516129032,0.04612834052146761,0.02071405736121317,0.06992359046926917,0.000999000999000999,-0.00564558680353554,-0.015026781731465547,0.004055442696630103,0.8631368631368631,gpqa|security,0.0012030979772915257,0.9180472524321105,True,False
gemma4_31b,Gemma 4 31B,cognitive,planning,moral,Planning – Moral,1000,500,500,0.86686,0.999604,0.99994,0.5584542461416466,0.5071164491397572,0.6139382638064804,0.000999000999000999,0.010446078674388154,0.0020329836053272522,0.020236570513266137,0.005994005994005994,moral|planning,0.0012030979772915257,0.025820333512641208,True,True
gemma4_31b,Gemma 4 31B,cognitive,planning,idea,Planning – Idea,1000,500,500,0.925252,0.991444,0.99168,0.2905605798406023,0.252898125545389,0.32803162370287237,0.000999000999000999,0.0037149762600499374,-0.00703690076750717,0.013852151024436106,0.26673326673326675,idea|planning,0.0012030979772915257,0.40890019071837247,True,False
gemma4_31b,Gemma 4 31B,cognitive,planning,safety,Planning – Safety,813,500,313,0.9964217252396166,0.9999744408945687,0.9999936102236422,0.090630563436624,0.06630051902227148,0.11454325108188175,0.000999000999000999,0.0018809494869643044,-0.0024908623070414053,0.005759108179118516,0.20279720279720279,planning|safety,0.0012030979772915257,0.34409811294233406,True,False
gemma4_31b,Gemma 4 31B,cognitive,planning,security,Planning – Security,996,500,496,0.7105766129032258,0.9055322580645161,0.9036008064516129,0.3376628530591312,0.28527713485542966,0.38799327509918874,0.000999000999000999,-0.0066870492221694855,-0.01870240246470305,0.0052213217250764365,0.8551448551448552,planning|security,0.0012030979772915257,0.9171974522292994,True,False
gemma4_31b,Gemma 4 31B,cognitive,moral,idea,Moral – Idea,1000,500,500,0.963798,0.999928,0.999976,0.3235131319522417,0.28326265940639744,0.36848063317730295,0.000999000999000999,0.010527504579968067,0.0043439277400909955,0.016902336496104082,0.000999000999000999,idea|moral,0.0012030979772915257,0.006850292564578279,True,True
gemma4_31b,Gemma 4 31B,cognitive,moral,safety,Moral – Safety,813,500,313,0.9983258785942491,0.998185303514377,0.9972396166134185,0.006666517864401834,-0.0025475024951454157,0.01866428442754515,0.08791208791208792,-0.004637580859177462,-0.013929223070563938,0.0040193048862874545,0.8121878121878122,moral|safety,0.09497897600791493,0.8803067899842094,False,False
gemma4_31b,Gemma 4 31B,cognitive,moral,security,Moral – Security,996,500,496,0.723899193548387,0.9989879032258064,0.999625,0.7360747268519328,0.6970100565504003,0.7762332603384093,0.000999000999000999,0.022243797331543344,0.011033994780277182,0.03480364012059069,0.000999000999000999,moral|security,0.0012030979772915257,0.006850292564578279,True,True
gemma4_31b,Gemma 4 31B,cognitive,idea,safety,Idea – Safety,813,500,313,0.9908594249201278,0.9991182108626198,0.9998402555910543,0.07703850212088534,0.05241466509052941,0.10548615602169825,0.000999000999000999,0.019638936156184273,0.00854905984278497,0.035604295140855946,0.000999000999000999,idea|safety,0.0012030979772915257,0.006850292564578279,True,True
gemma4_31b,Gemma 4 31B,cognitive,idea,security,Idea – Security,996,500,496,0.7082842741935483,0.9488951612903226,0.968516129032258,0.35913942298947626,0.31113892867669773,0.4078570707907351,0.000999000999000999,0.09049196882106682,0.05739747375292599,0.12197963215374409,0.000999000999000999,idea|security,0.0012030979772915257,0.006850292564578279,True,True
gemma4_31b,Gemma 4 31B,cognitive,safety,security,Safety – Security,809,313,496,0.9799127847057612,0.9968695248892095,0.9986473255694115,0.14364480669901739,0.1123950373055822,0.17728624035496776,0.000999000999000999,0.029100692103435716,0.014069643027818038,0.04592769544910963,0.000999000999000999,safety|security,0.0012030979772915257,0.006850292564578279,True,True
qwen35_4b,Qwen3.5 4B,conversational,math,code,Math – Code,503,409,94,0.5058523643551995,0.8508297352130261,0.8719242573999896,0.14477561178427367,-0.005315409473002489,0.23669832794175155,0.000999000999000999,0.02767586358583897,-0.011027383484672804,0.06277477088369743,0.056943056943056944,code|math,0.0012030979772915257,0.13569409314090167,False,False
qwen35_4b,Qwen3.5 4B,conversational,math,gpqa,Math – GPQA,748,409,339,0.7115491413693374,0.8792940548571594,0.8797917072361541,0.24283476045998795,0.18754050151020618,0.2955154980398538,0.000999000999000999,-0.0031287013834547526,-0.02305713187669021,0.016682932933477543,0.6473526473526473,gpqa|math,0.0012030979772915257,0.7500361707258258,True,False
qwen35_4b,Qwen3.5 4B,conversational,math,planning,Math – Planning,857,409,448,0.8316887879846315,0.8711087582954943,0.8695697258120852,0.09590626289738921,0.0630434678764787,0.13239287645706876,0.000999000999000999,0.017145661502587964,-0.008206837591548919,0.04272792754076616,0.1008991008991009,math|planning,0.0012030979772915257,0.20927220927220927,True,False
qwen35_4b,Qwen3.5 4B,conversational,math,moral,Math – Moral,829,409,420,0.7612061939690301,0.9495342880428455,0.9511992082896729,0.42064425719761217,0.3508967230873822,0.48806068990353174,0.000999000999000999,0.010580238883946463,-0.011797655659612702,0.033583911112628914,0.17382617382617382,math|moral,0.0012030979772915257,0.3041958041958042,True,False
qwen35_4b,Qwen3.5 4B,conversational,math,idea,Math – Idea,570,409,161,0.5966225758933317,0.9981169038254187,0.9987243542043159,0.7773119715415553,0.7435276102263231,0.8052481077507009,0.000999000999000999,0.018662790235944547,0.0016851085234717317,0.03833375199590386,0.022977022977022976,idea|math,0.0012030979772915257,0.07148407148407149,True,False
qwen35_4b,Qwen3.5 4B,conversational,math,safety,Math – Safety,700,409,291,0.9173829388585015,0.9455969214999286,0.9425217822364497,0.07284708648666961,0.03883631127240189,0.10808969021094571,0.000999000999000999,-0.013783886564658206,-0.03636881794239386,0.008761282064754818,0.8821178821178821,math|safety,0.0012030979772915257,0.9254297104764395,True,False
qwen35_4b,Qwen3.5 4B,conversational,math,security,Math – Security,594,409,185,0.7163153373422322,0.8731646071499373,0.8678517147954801,0.21111191812832014,0.15177299216200005,0.2678797258516333,0.000999000999000999,0.012662122848838723,-0.02365232531375972,0.04366190168651276,0.21578421578421578,math|security,0.0012030979772915257,0.35892820051235896,True,False
qwen35_4b,Qwen3.5 4B,conversational,code,gpqa,Code – GPQA,433,94,339,0.7194815791125337,0.9529278855206176,0.9626247411033704,0.31350632385737526,0.1936640035462032,0.3998413080047349,0.000999000999000999,0.04139800534419966,-0.003150466002593311,0.08696999057995325,0.04895104895104895,code|gpqa,0.0012030979772915257,0.12366580787633419,True,False
qwen35_4b,Qwen3.5 4B,conversational,code,planning,Code – Planning,542,94,448,0.6841517857142857,0.9543598024316109,0.9519376899696048,0.2488867350538877,0.10280747803451339,0.3468940557841613,0.000999000999000999,-0.0004900975689357252,-0.03210858594372503,0.02811523384353866,0.5124875124875125,code|planning,0.0012030979772915257,0.6522568340750159,True,False
qwen35_4b,Qwen3.5 4B,conversational,code,moral,Code – Moral,514,94,420,0.6890324214792299,0.9544072948328267,0.9762411347517731,0.36786195919017917,0.2782372456692364,0.45065915661004335,0.000999000999000999,0.06592899508119006,0.021498867595935583,0.11126204146547078,0.003996003996003996,code|moral,0.0012030979772915257,0.01945880206749772,True,True
qwen35_4b,Qwen3.5 4B,conversational,code,idea,Code – Idea,255,94,161,0.3887934452226774,0.9990749306197965,0.9998678472313995,0.8851675106825538,0.8480707956756369,0.9140015701687009,0.000999000999000999,0.029991147299372627,0.013307520347779784,0.051759277048765394,0.000999000999000999,code|idea,0.0012030979772915257,0.006850292564578279,True,True
qwen35_4b,Qwen3.5 4B,conversational,code,safety,Code – Safety,385,94,291,0.833443006507275,0.924691087226731,0.9469912992615339,0.05619090257368398,-0.09006522018733022,0.15703163544424642,0.3006993006993007,0.03792676213855661,-0.007162311927656505,0.07776265275153776,0.03896103896103896,code|safety,0.3137731833384007,0.10389610389610389,False,False
qwen35_4b,Qwen3.5 4B,conversational,code,security,Code – Security,279,94,185,0.5893041978148361,0.8794134560092007,0.8926394479585968,0.28426308383882815,0.1406007517282706,0.403743927696279,0.000999000999000999,0.01823602934594657,-0.10436353892501532,0.11671320219456532,0.3926073926073926,code|security,0.0012030979772915257,0.5511525511525511,True,False
qwen35_4b,Qwen3.5 4B,conversational,gpqa,planning,GPQA – Planning,787,339,448,0.8317201327433629,0.93103402865571,0.9339048672566371,0.31234922340870364,0.2483003326693973,0.37279938642333477,0.000999000999000999,0.013663699999000438,-0.009259161095438003,0.036704664792810614,0.12087912087912088,gpqa|planning,0.0012030979772915257,0.23891402714932125,True,False
qwen35_4b,Qwen3.5 4B,conversational,gpqa,moral,GPQA – Moral,759,339,420,0.9740342744767524,0.9837055766259306,0.9862691389240061,0.057070192504335364,0.02259168314904998,0.09184033048579039,0.000999000999000999,0.017088896916724928,-0.008379980917837149,0.04796078457222998,0.12787212787212787,gpqa|moral,0.0012030979772915257,0.24692548830479866,True,False
qwen35_4b,Qwen3.5 4B,conversational,gpqa,idea,GPQA – Idea,500,339,161,0.9397753714798732,0.9969768592315725,0.9977830301031533,0.3795021384501598,0.30877148696373,0.45704931891608147,0.000999000999000999,0.01481445868358954,-0.012090374583753833,0.03950496137161391,0.14385614385614387,gpqa|idea,0.0012030979772915257,0.2641293133096412,True,False
qwen35_4b,Qwen3.5 4B,conversational,gpqa,safety,GPQA – Safety,630,339,291,0.9924885199039017,0.9951241269551643,0.9933602976208578,0.013202609072152822,-0.001373302939487962,0.030561276423969833,0.060939060939060936,-0.013440932272593053,-0.02927013906569373,-0.00040988799693866216,0.9660339660339661,gpqa|safety,0.06669551946424909,0.9806266241311559,False,False
qwen35_4b,Qwen3.5 4B,conversational,gpqa,security,GPQA – Security,524,339,185,0.8773977517340349,0.8790560471976401,0.8765845491509209,0.00681523205933945,-0.012302984076105432,0.024381331101526866,0.2517482517482518,-0.01389182990628631,-0.04565853136870122,0.014686512221932221,0.8111888111888111,gpqa|security,0.2659981527906057,0.8803067899842094,False,False
qwen35_4b,Qwen3.5 4B,conversational,planning,moral,Planning – Moral,868,448,420,0.9598320578231293,0.992219387755102,0.9929581207482994,0.2242772973093964,0.16541569752246357,0.2795568015762461,0.000999000999000999,0.007385511547377705,-0.01743604978507959,0.03942211377623082,0.3726273726273726,moral|planning,0.0012030979772915257,0.5327778604374349,True,False
qwen35_4b,Qwen3.5 4B,conversational,planning,idea,Planning – Idea,609,448,161,0.9295557897071872,0.999805900621118,0.9998197648624667,0.4690720809500761,0.40712188900799184,0.5409193722802762,0.000999000999000999,0.001996416640053798,-0.010743838881282617,0.013465701692031817,0.3886113886113886,idea|planning,0.0012030979772915257,0.5486278427454897,True,False
qwen35_4b,Qwen3.5 4B,conversational,planning,safety,Planning – Safety,739,448,291,0.9838687407952872,0.9911864874815906,0.991056087383407,0.04852709497796322,0.020261011360305118,0.07593808337041504,0.000999000999000999,0.0011281611573415837,-0.014290483332462998,0.015814189281056504,0.4805194805194805,planning|safety,0.0012030979772915257,0.6257928118393234,True,False
qwen35_4b,Qwen3.5 4B,conversational,planning,security,Planning – Security,633,448,185,0.827159749034749,0.9423986486486486,0.9429416023166023,0.27448437454604513,0.21158424304592918,0.3308794967840305,0.000999000999000999,0.0023525284254410183,-0.020689281590839347,0.024853208904394346,0.4275724275724276,planning|security,0.0012030979772915257,0.5723678711726521,True,False
qwen35_4b,Qwen3.5 4B,conversational,moral,idea,Moral – Idea,581,420,161,0.9027358769594794,0.998343685300207,0.9990831115054718,0.44649431332666933,0.3834243483111605,0.5083093537971476,0.000999000999000999,0.019980633787428818,0.0014717555074470136,0.036985391156545,0.004995004995004995,idea|moral,0.0012030979772915257,0.022377622377622378,True,True
qwen35_4b,Qwen3.5 4B,conversational,moral,safety,Moral – Safety,711,420,291,0.9853706431026019,0.9880870561282933,0.9869333987890689,0.03318566728506457,0.014778962882604864,0.050713744492867044,0.000999000999000999,-0.007287086126545046,-0.017916038966255425,0.002952605963679915,0.916083916083916,moral|safety,0.0012030979772915257,0.9559136515658254,True,False
qwen35_4b,Qwen3.5 4B,conversational,moral,security,Moral – Security,605,420,185,0.7557657657657658,0.8135778635778635,0.8072844272844273,0.08320907128444018,0.03910762227325533,0.12944383790697314,0.000999000999000999,-0.017170380911098286,-0.037236500979565025,0.0033949292960658017,0.9460539460539461,moral|security,0.0012030979772915257,0.9750740057488524,True,False
qwen35_4b,Qwen3.5 4B,conversational,idea,safety,Idea – Safety,452,161,291,0.994471836246825,1.0,1.0,0.09636542143481876,0.05809131811533485,0.1559052302347928,0.000999000999000999,-0.0028620425362380565,-0.009547592405074754,0.0025085153427465826,0.7892107892107892,idea|safety,0.0012030979772915257,0.8665843959961607,True,False
qwen35_4b,Qwen3.5 4B,conversational,idea,security,Idea – Security,346,161,185,0.7332549941245593,0.9931509148900454,0.9980862850428068,0.7973445393713043,0.7295646791080517,0.8635266772745759,0.000999000999000999,0.05588641477058565,0.018312145638505934,0.09878368493722989,0.001998001998001998,idea|security,0.0012030979772915257,0.011188811188811189,True,True
qwen35_4b,Qwen3.5 4B,conversational,safety,security,Safety – Security,476,291,185,0.8428717377170986,0.8645119346150274,0.863694622457509,0.01707194835059459,-0.018834558560446017,0.055910053357446886,0.2127872127872128,-0.019217749397410108,-0.05318700479538185,0.012319150449464153,0.8721278721278721,safety|security,0.2262547579003275,0.9214936007388836,False,False
qwen35_4b,Qwen3.5 4B,cognitive,math,code,Math – Code,503,409,94,0.5058523643551995,0.8937470738178224,0.9049836133798055,0.2745591973111785,0.20395253483292783,0.33795369668553915,0.000999000999000999,0.029357087846955208,-0.018697510700116236,0.07564185980397162,0.12287712287712288,code|math,0.0012030979772915257,0.24003903073670516,True,False
qwen35_4b,Qwen3.5 4B,cognitive,math,gpqa,Math – GPQA,748,409,339,0.7115491413693374,0.8315915500068517,0.8229367260243344,0.15502122411901176,0.11133959036184989,0.19528160882855303,0.000999000999000999,-0.014322564028488796,-0.02481562243910545,-0.0040300155898903385,0.995004995004995,gpqa|math,0.0012030979772915257,0.997002997002997,True,False
qwen35_4b,Qwen3.5 4B,cognitive,math,planning,Math – Planning,857,409,448,0.8316887879846315,0.9308090289905694,0.9273653073698918,0.2770898992992313,0.22825240047136655,0.32544536002052704,0.000999000999000999,-0.004260707721327298,-0.013800390939345897,0.004822272465939595,0.7962037962037962,math|planning,0.0012030979772915257,0.8714152297214186,True,False
qwen35_4b,Qwen3.5 4B,cognitive,math,moral,Math – Moral,829,409,420,0.7612061939690301,0.98920130399348,0.9916521131680056,0.6495296156710524,0.5852351421118481,0.7083369019222783,0.000999000999000999,0.02200740277406208,0.0017858526800220494,0.04149687788739208,0.017982017982017984,math|moral,0.0012030979772915257,0.059821366752059825,True,False
qwen35_4b,Qwen3.5 4B,cognitive,math,idea,Math – Idea,570,409,161,0.5966225758933317,1.0,1.0,0.8278204505430452,0.8154135748510745,0.8400044776861098,0.000999000999000999,-0.0007677702089858262,-0.003999752763874639,0.001975898974272089,0.6643356643356644,idea|math,0.0012030979772915257,0.7618320246306595,True,False
qwen35_4b,Qwen3.5 4B,cognitive,math,safety,Math – Safety,700,409,291,0.9173829388585015,0.9845654895436863,0.9843050269284737,0.2650640572963524,0.2185490360837915,0.31442546547718286,0.000999000999000999,0.00042216822530697967,-0.01679478112134709,0.014930291051270098,0.4885114885114885,math|safety,0.0012030979772915257,0.6337446337446337,True,False
qwen35_4b,Qwen3.5 4B,cognitive,math,security,Math – Security,594,409,185,0.7163153373422322,0.9263728275953215,0.9242185951232406,0.3777251689319087,0.31099567613907264,0.4434475036614533,0.000999000999000999,-0.0047208532789880546,-0.015554092129462679,0.005233228916283382,0.8081918081918081,math|security,0.0012030979772915257,0.8803067899842094,True,False
qwen35_4b,Qwen3.5 4B,cognitive,code,gpqa,Code – GPQA,433,94,339,0.7194815791125337,0.7848490554195694,0.8627690955877738,0.047207624161685655,-0.00015111305111674685,0.09293350626439138,0.025974025974025976,0.10205328379491212,0.03805470036308376,0.15983560553020998,0.001998001998001998,code|gpqa,0.029384756657483933,0.011188811188811189,False,True
qwen35_4b,Qwen3.5 4B,cognitive,code,planning,Code – Planning,542,94,448,0.6841517857142857,0.887443009118541,0.9249145136778115,0.18818657079768297,0.12897866138671787,0.2455571176503129,0.000999000999000999,0.06797542049283486,0.03135471146149692,0.10688502502473142,0.000999000999000999,code|planning,0.0012030979772915257,0.006850292564578279,True,True
qwen35_4b,Qwen3.5 4B,cognitive,code,moral,Code – Moral,514,94,420,0.6890324214792299,0.9244174265450861,0.9392857142857143,0.2878426617456038,0.1774352128600461,0.3806125427877736,0.000999000999000999,0.026477936449542553,-0.030800518490100428,0.08273473987529041,0.2037962037962038,code|moral,0.0012030979772915257,0.34409811294233406,True,False
qwen35_4b,Qwen3.5 4B,cognitive,code,idea,Code – Idea,255,94,161,0.3887934452226774,1.0,0.9996035416941985,0.8830244585268303,0.8573287604754163,0.9060257595181647,0.000999000999000999,-0.0019448396456222467,-0.02045707850885137,0.013600792153179822,0.5634365634365635,code|idea,0.0012030979772915257,0.6909295084477567,True,False
qwen35_4b,Qwen3.5 4B,cognitive,code,safety,Code – Safety,385,94,291,0.833443006507275,0.9216202383563648,0.9196095635007677,0.0901576930294188,0.00561766201019157,0.16001297410784943,0.005994005994005994,0.0029236070187737347,-0.02264873336583007,0.027835954971655898,0.41358641358641357,code|safety,0.006944779358572462,0.5672042243470815,True,False
qwen35_4b,Qwen3.5 4B,cognitive,code,security,Code – Security,279,94,185,0.5893041978148361,0.569120184013801,0.6021851638872916,-0.0065900755366489466,-0.038910834057252125,0.026713796098826566,0.6583416583416584,-0.007168812473593034,-0.0647776078126093,0.04787732914602781,0.5884115884115884,code|security,0.666273485550594,0.7009809978007858,False,False
qwen35_4b,Qwen3.5 4B,cognitive,gpqa,planning,GPQA – Planning,787,339,448,0.8317201327433629,0.921710387694901,0.9208873261694058,0.2862797079297798,0.22036348049169474,0.3548986869176154,0.000999000999000999,-0.0013147722052813688,-0.014519113423491792,0.010984522149318195,0.5864135864135864,gpqa|planning,0.0012030979772915257,0.7009809978007858,True,False
qwen35_4b,Qwen3.5 4B,cognitive,gpqa,moral,GPQA – Moral,759,339,420,0.9740342744767524,0.9974926253687315,0.9972538277848012,0.19503791130177028,0.13584178146921233,0.262774192103992,0.000999000999000999,-0.004977970409874674,-0.010046294520689102,-0.0006555646037743433,0.98001998001998,gpqa|moral,0.0012030979772915257,0.9918274496587749,True,False
qwen35_4b,Qwen3.5 4B,cognitive,gpqa,idea,GPQA – Idea,500,339,161,0.9397753714798732,1.0,1.0,0.44327406212226245,0.3583651353666935,0.5484873574193424,0.000999000999000999,-0.0003679304033644173,-0.004678023320358596,0.0033653039349910725,0.5904095904095904,gpqa|idea,0.0012030979772915257,0.7009809978007858,True,False
qwen35_4b,Qwen3.5 4B,cognitive,gpqa,safety,GPQA – Safety,630,339,291,0.9924885199039017,0.9978408296080041,0.998702470374763,0.044241765637776195,0.016354145254986983,0.0750251259225176,0.001998001998001998,0.012764694820786807,0.0005309719940479768,0.026749436700512583,0.03696303696303696,gpqa|safety,0.002355539197644461,0.1001579066095195,True,False
qwen35_4b,Qwen3.5 4B,cognitive,gpqa,security,GPQA – Security,524,339,185,0.8773977517340349,0.9163995854261341,0.917547636131707,0.11085220168213744,0.07091782213136298,0.151124583094376,0.000999000999000999,0.009608764863149917,-0.014662200543420255,0.03764521905821916,0.25074925074925075,gpqa|security,0.0012030979772915257,0.3880156540707,True,False
qwen35_4b,Qwen3.5 4B,cognitive,planning,moral,Planning – Moral,868,448,420,0.9598320578231293,0.9977572278911565,0.9978316326530612,0.3236056826208358,0.2651918297030245,0.38455679923349956,0.000999000999000999,-0.0005180376905659925,-0.0048898050507378155,0.003259742264127894,0.5884115884115884,moral|planning,0.0012030979772915257,0.7009809978007858,True,False
qwen35_4b,Qwen3.5 4B,cognitive,planning,idea,Planning – Idea,609,448,161,0.9295557897071872,1.0,1.0,0.4833951094781709,0.41918378326579,0.5506910792330278,0.000999000999000999,0.0005673974533487638,-0.0011624672833141511,0.0024085328441766224,0.2807192807192807,idea|planning,0.0012030979772915257,0.4229671673617862,True,False
qwen35_4b,Qwen3.5 4B,cognitive,planning,safety,Planning – Safety,739,448,291,0.9838687407952872,0.9992943053510064,0.9996011291114384,0.15954502383111027,0.11965909609948139,0.202937231070708,0.000999000999000999,0.002783180089781739,-0.0008444762584381803,0.007433404094926215,0.09490509490509491,planning|safety,0.0012030979772915257,0.20310899291791012,True,False
qwen35_4b,Qwen3.5 4B,cognitive,planning,security,Planning – Security,633,448,185,0.827159749034749,0.9587234555984556,0.9614140926640926,0.3467947678985073,0.2837231802663818,0.4102565110413658,0.000999000999000999,0.012034517477174312,-0.005923688462213493,0.030506431750614415,0.0999000999000999,planning|security,0.0012030979772915257,0.20848716500890413,True,False
qwen35_4b,Qwen3.5 4B,cognitive,moral,idea,Moral – Idea,581,420,161,0.9027358769594794,0.9987873410233659,0.9979739721975747,0.4708364785242927,0.4108532333853908,0.5271532735807395,0.000999000999000999,-0.0022181496288468158,-0.018974631932192874,0.011684981650365954,0.5754245754245755,idea|moral,0.0012030979772915257,0.6978920360215324,True,False
qwen35_4b,Qwen3.5 4B,cognitive,moral,safety,Moral – Safety,711,420,291,0.9853706431026019,0.9854688267059402,0.9923089510718377,0.016850425325190023,-0.0020155166065328146,0.03654678409140164,0.03996003996003996,0.047041899737980196,0.01614237864761124,0.07539604611791496,0.000999000999000999,moral|safety,0.04460655623446321,0.006850292564578279,False,True
qwen35_4b,Qwen3.5 4B,cognitive,moral,security,Moral – Security,605,420,185,0.7557657657657658,0.9901287001287001,0.991042471042471,0.5858969247991245,0.504893165213207,0.6588201026578293,0.000999000999000999,0.006733238709908363,-0.009808992118948218,0.024350192183673017,0.24675324675324675,moral|security,0.0012030979772915257,0.3838383838383838,True,False
qwen35_4b,Qwen3.5 4B,cognitive,idea,safety,Idea – Safety,452,161,291,0.994471836246825,0.999210262320975,0.9997865573840473,0.08171743163173004,0.05437022112218406,0.11557986960487926,0.000999000999000999,0.007145019673547436,0.0011641855274706276,0.01561551086899948,0.00999000999000999,idea|safety,0.0012030979772915257,0.03771509389486918,True,True
qwen35_4b,Qwen3.5 4B,cognitive,idea,security,Idea – Security,346,161,185,0.7332549941245593,1.0,1.0,0.9098779796151245,0.8652362317228338,0.9627412069343562,0.000999000999000999,0.0026535510247345222,-0.0051694687991242156,0.008881927546498932,0.24575424575424576,idea|security,0.0012030979772915257,0.3838383838383838,True,False
qwen35_4b,Qwen3.5 4B,cognitive,safety,security,Safety – Security,476,291,185,0.8428717377170986,0.9729172471440513,0.9740874895514071,0.3125531173404059,0.2420209027585106,0.38425124231662583,0.000999000999000999,0.00442756441124136,-0.028168817809574167,0.03440366276783732,0.3726273726273726,safety|security,0.0012030979772915257,0.5327778604374349,True,False
qwen35_9b,Qwen3.5 9B,conversational,math,code,Math – Code,570,439,131,0.5380896903093428,0.8653080387417622,0.8783146985689196,0.17821559109470653,0.06240112482619297,0.26701001126415763,0.000999000999000999,0.018630207684717334,-0.009109534648878637,0.04757053904349326,0.11388611388611389,code|math,0.0012030979772915257,0.22977022977022976,True,False
qwen35_9b,Qwen3.5 9B,conversational,math,gpqa,Math – GPQA,861,439,422,0.7348562545207225,0.8976616394433709,0.895605048095089,0.2737868413366461,0.22122753681556068,0.3233850284135155,0.000999000999000999,-0.008600656067829617,-0.03236397655701759,0.011119074324967775,0.7392607392607392,gpqa|math,0.0012030979772915257,0.827972027972028,True,False
qwen35_9b,Qwen3.5 9B,conversational,math,planning,Math – Planning,932,439,493,0.8280436359603931,0.8617178078520702,0.8743548633026378,0.07122956381304126,0.03694001914114279,0.10063549465260198,0.000999000999000999,0.044245701234046926,0.016543133016743785,0.07053629699983535,0.000999000999000999,math|planning,0.0012030979772915257,0.006850292564578279,True,True
qwen35_9b,Qwen3.5 9B,conversational,math,moral,Math – Moral,924,439,485,0.7507502994152596,0.9564708921400559,0.9605476363807153,0.45981758928588984,0.4000476532551307,0.517528701937981,0.000999000999000999,0.022150307817983373,-0.006484734271431443,0.04891579294265757,0.05194805194805195,math|moral,0.0012030979772915257,0.1264822134387352,True,False
qwen35_9b,Qwen3.5 9B,conversational,math,idea,Math – Idea,783,439,344,0.6179345234941993,0.9998212109975102,0.999774858293161,0.9164144135837952,0.8948933488808818,0.9380916757024028,0.000999000999000999,4.3612751780749004e-05,-0.0112828837946457,0.009139442709454632,0.5194805194805194,idea|math,0.0012030979772915257,0.6550464460912222,True,False
qwen35_9b,Qwen3.5 9B,conversational,math,safety,Math – Safety,747,439,308,0.9239046830163004,0.9566606514214715,0.9652397716179038,0.10629674033242756,0.07287820980569872,0.13717955825790096,0.000999000999000999,0.03231465494486628,0.007482672678789623,0.05980349259092659,0.003996003996003996,math|safety,0.0012030979772915257,0.01945880206749772,True,True
qwen35_9b,Qwen3.5 9B,conversational,math,security,Math – Security,742,439,303,0.6425043415503282,0.8668666411060241,0.8707834336964448,0.30068803686973755,0.24617147061497563,0.34899664498550254,0.000999000999000999,0.010644376880846892,-0.010525383416214937,0.031369512338294894,0.16483516483516483,math|security,0.0012030979772915257,0.29304029304029305,True,False
qwen35_9b,Qwen3.5 9B,conversational,code,gpqa,Code – GPQA,553,131,422,0.6728048912846858,0.8963134474150718,0.8844108389710936,0.1251021553695192,-0.06747070157233337,0.2545049147718701,0.04495504495504495,-0.016362664344115846,-0.06863562576651058,0.03303608419394885,0.7362637362637363,code|gpqa,0.0500162089566063,0.8273732956007205,False,False
qwen35_9b,Qwen3.5 9B,conversational,code,planning,Code – Planning,624,131,493,0.7776504652927241,0.9366861248316121,0.9379712927550594,0.14037433911521235,-0.0319876798165972,0.2636387191450114,0.029970029970029972,0.015467940155697737,-0.01158792739293316,0.04336402791832708,0.14185814185814186,code|planning,0.03379171164406064,0.2618919541996465,False,False
qwen35_9b,Qwen3.5 9B,conversational,code,moral,Code – Moral,616,131,485,0.6334146533406784,0.9035334854804439,0.9091052175966003,0.22389738979011245,0.04995653598494437,0.35707129016371614,0.001998001998001998,0.016862281967571557,-0.028230457260910106,0.055556768423041185,0.22677322677322678,code|moral,0.002355539197644461,0.37168684973563026,True,False
qwen35_9b,Qwen3.5 9B,conversational,code,idea,Code – Idea,475,131,344,0.6697807562577668,0.9715515710988816,0.9805387892774721,0.4864436791766087,0.29399894087434997,0.6311914477289831,0.000999000999000999,0.05570139545569005,0.009201665001757255,0.0983410032283642,0.004995004995004995,code|idea,0.0012030979772915257,0.022377622377622378,True,True
qwen35_9b,Qwen3.5 9B,conversational,code,safety,Code – Safety,439,131,308,0.8828194706057302,0.9203182313869337,0.9228462377317339,-0.02712375779540656,-0.263191729035416,0.10820925446793413,0.5104895104895105,0.0022285311443475376,-0.04378591424290165,0.04599852422124897,0.46253746253746253,code|safety,0.5197711379529562,0.6094611271081859,False,False
qwen35_9b,Qwen3.5 9B,conversational,code,security,Code – Security,434,131,303,0.6819590355982164,0.8176756606958405,0.822915879374197,0.025341147798863175,-0.18384198879906816,0.16225765527892794,0.4985014985014985,0.019009112894158138,-0.030664553883210873,0.0654820258726359,0.19880119880119881,code|security,0.5106600716356814,0.34251462822891393,False,False
qwen35_9b,Qwen3.5 9B,conversational,gpqa,planning,GPQA – Planning,915,422,493,0.8565028887842112,0.9379368024379224,0.9437720504119281,0.2575610221342422,0.20337457912657878,0.3085521222854102,0.000999000999000999,0.020081157145197176,-0.010530978923619184,0.048805568246858916,0.09290709290709291,gpqa|planning,0.0012030979772915257,0.20139860139860138,True,False
qwen35_9b,Qwen3.5 9B,conversational,gpqa,moral,GPQA – Moral,907,422,485,0.9605169296916989,0.9745688180974251,0.9762740020520838,0.05936300309844527,0.02585887767626518,0.08760008333627713,0.000999000999000999,0.016761052292932534,-0.01492101082932308,0.05180407073172451,0.2037962037962038,gpqa|moral,0.0012030979772915257,0.34409811294233406,True,False
qwen35_9b,Qwen3.5 9B,conversational,gpqa,idea,GPQA – Idea,766,422,344,0.8945290973217238,0.995308883500496,0.9966246004629119,0.49307218514438816,0.4221666238032889,0.5637252031122587,0.000999000999000999,0.025381163590922913,0.0010264399348431017,0.0515036169344076,0.023976023976023976,gpqa|idea,0.0012030979772915257,0.07323585505403687,True,False
qwen35_9b,Qwen3.5 9B,conversational,gpqa,safety,GPQA – Safety,730,422,308,0.9918908106111898,0.9924832276728012,0.9896673231981289,-0.0048387111823290675,-0.020143255584567858,0.007966915989367801,0.7572427572427572,-0.02479071921505376,-0.04229916907200853,-0.007394208613813505,0.997002997002997,gpqa|safety,0.7595031833837804,0.997002997002997,False,False
qwen35_9b,Qwen3.5 9B,conversational,gpqa,security,GPQA – Security,725,422,303,0.8250981496253891,0.844524736833873,0.8506483349756777,0.016674948290815332,-0.006156425470146266,0.03654357904333921,0.06693306693306693,0.006728480309913325,-0.020284702112684728,0.03323194913388801,0.2937062937062937,gpqa|security,0.07278158734469413,0.43473706909830256,False,False
qwen35_9b,Qwen3.5 9B,conversational,planning,moral,Planning – Moral,978,493,485,0.9420380167708747,0.98930177118839,0.9917525773195877,0.268524748660695,0.21262670399903036,0.3239076084732079,0.000999000999000999,0.022981607044509227,-0.016115102633076004,0.0647128207463928,0.11888111888111888,moral|planning,0.0012030979772915257,0.23635536061571566,True,False
qwen35_9b,Qwen3.5 9B,conversational,planning,idea,Planning – Idea,837,493,344,0.8768102268974952,0.9999646209726873,0.9998584838907496,0.7045026035375518,0.6424253788018555,0.7744429437980259,0.000999000999000999,0.0010799991971077992,-0.008191253968461702,0.008067613970741485,0.39760239760239763,idea|planning,0.0012030979772915257,0.5511525511525511,True,False
qwen35_9b,Qwen3.5 9B,conversational,planning,safety,Planning – Safety,801,493,308,0.9815534364215905,0.9940596928426543,0.994909248966044,0.07800087290033696,0.05195765930954528,0.10635080347382604,0.000999000999000999,0.014682310227433682,-0.008233730726444115,0.03292704017943432,0.08291708291708291,planning|safety,0.0012030979772915257,0.18090999909181726,True,False
qwen35_9b,Qwen3.5 9B,conversational,planning,security,Planning – Security,796,493,303,0.7784293642345979,0.9102551228753707,0.9157244324838163,0.2635364224559871,0.2114187634505483,0.31174187600655145,0.000999000999000999,0.00776087619663753,-0.01494080038730944,0.03026106731249245,0.2677322677322677,planning|security,0.0012030979772915257,0.40890019071837247,True,False
qwen35_9b,Qwen3.5 9B,conversational,moral,idea,Moral – Idea,829,485,344,0.9308439223207864,0.996961160393191,0.9976564373052026,0.3808510560214527,0.32332243989727716,0.44264418749900597,0.000999000999000999,0.013588278027029662,-0.009456897890226242,0.03674048480900735,0.13386613386613386,idea|moral,0.0012030979772915257,0.2555626191989828,True,False
qwen35_9b,Qwen3.5 9B,conversational,moral,safety,Moral – Safety,793,485,308,0.9918663810416388,0.9928504485205516,0.9932855803989825,0.011027070065239357,-0.0035251003871754442,0.026183350422864207,0.057942057942057944,0.0041561160233752085,-0.004805307619088649,0.01372453972091257,0.1838161838161838,moral|safety,0.06362265185794598,0.3183620503208132,False,False
qwen35_9b,Qwen3.5 9B,conversational,moral,security,Moral – Security,788,485,303,0.7860501514068933,0.8436664284985199,0.8495253649076248,0.0874200901526406,0.04822286730884137,0.12665021529662676,0.000999000999000999,0.0075065817521679365,-0.015491442795579286,0.030947903590789378,0.23976023976023977,moral|security,0.0012030979772915257,0.3799973611294366,True,False
qwen35_9b,Qwen3.5 9B,conversational,idea,safety,Idea – Safety,652,344,308,0.9986031410450015,0.999820673512534,0.9996507852612504,0.038026175617869716,0.01835069061314659,0.05679452472226641,0.000999000999000999,-0.005118134470771623,-0.012635515692105515,0.0010586444103741273,0.929070929070929,idea|safety,0.0012030979772915257,0.966463876680595,True,False
qwen35_9b,Qwen3.5 9B,conversational,idea,security,Idea – Security,647,344,303,0.569633126103308,0.9881994013354823,0.9920369943971141,0.7925052103378751,0.7387997764623047,0.8402329349874508,0.000999000999000999,0.03422018045849511,0.008477671104827264,0.06101090252638172,0.012987012987012988,idea|security,0.0012030979772915257,0.04692082111436951,True,True
qwen35_9b,Qwen3.5 9B,conversational,safety,security,Safety – Security,611,308,303,0.8741642021344992,0.9057798637006558,0.9202777420599203,0.03497892479383836,0.0015508650340912524,0.07069781506329868,0.02197802197802198,0.028650066339488717,-0.010107118150138362,0.0666846270060002,0.07992007992007992,safety|security,0.02494802494802495,0.1778354096234891,True,False
qwen35_9b,Qwen3.5 9B,cognitive,math,code,Math – Code,570,439,131,0.5380896903093428,0.8873741501330227,0.8784711958128293,0.2616929288099819,0.185965726636369,0.32732746663026285,0.000999000999000999,-0.004492602245751961,-0.03108537098512975,0.01949894365601362,0.6163836163836164,code|math,0.0012030979772915257,0.7241429898772556,True,False
qwen35_9b,Qwen3.5 9B,cognitive,math,gpqa,Math – GPQA,861,439,422,0.7348562545207225,0.8454047868378154,0.8508512452903518,0.1550516194840087,0.11190297820604149,0.20155097218593404,0.000999000999000999,0.005745023242765084,-0.01045827893796322,0.02084703687109227,0.24475524475524477,gpqa|math,0.0012030979772915257,0.3838383838383838,True,False
qwen35_9b,Qwen3.5 9B,cognitive,math,planning,Math – Planning,932,439,493,0.8280436359603931,0.9336589242562158,0.9312146820868006,0.2679308681813621,0.22097175708973016,0.3190864986668616,0.000999000999000999,-0.001978904569758904,-0.01118277906676706,0.006865045153897603,0.6753246753246753,math|planning,0.0012030979772915257,0.7703212042195092,True,False
qwen35_9b,Qwen3.5 9B,cognitive,math,moral,Math – Moral,924,439,485,0.7507502994152596,0.989117723035014,0.9921236174060071,0.6655662540589632,0.6121796281638521,0.7201389561350864,0.000999000999000999,0.021496489927173384,0.0019754051307240275,0.037495878419806006,0.001998001998001998,math|moral,0.0012030979772915257,0.011188811188811189,True,True
qwen35_9b,Qwen3.5 9B,cognitive,math,idea,Math – Idea,783,439,344,0.6179345234941993,0.9999536472956508,0.9999139164062086,0.9247925166058348,0.905235706957952,0.9434452613782005,0.000999000999000999,0.00019070241958488808,-0.005750610894793285,0.0052761081446536925,0.4805194805194805,idea|math,0.0012030979772915257,0.6257928118393234,True,False
qwen35_9b,Qwen3.5 9B,cognitive,math,safety,Math – Safety,747,439,308,0.9239046830163004,0.9876416294411738,0.9891355796822767,0.2640471809562123,0.21236653773008962,0.31075629504560764,0.000999000999000999,0.012837738751692447,-0.0025091496094837543,0.027978644213036044,0.05094905094905095,math|safety,0.0012030979772915257,0.12495533663416876,True,False
qwen35_9b,Qwen3.5 9B,cognitive,math,security,Math – Security,742,439,303,0.6425043415503282,0.9365269100941985,0.9374666396024568,0.4785291330309579,0.4168107172529665,0.5388108240115976,0.000999000999000999,0.004786224723217072,-0.011846634863790284,0.02187653521578621,0.2907092907092907,math|security,0.0012030979772915257,0.433690203601708,True,False
qwen35_9b,Qwen3.5 9B,cognitive,code,gpqa,Code – GPQA,553,131,422,0.6728048912846858,0.7666509894721609,0.7771426504106219,0.020389464208403835,-0.02355110052939601,0.06057869468834522,0.23476523476523475,0.011538016410908151,-0.018085308774843933,0.04150505553397129,0.23276723276723277,code|gpqa,0.24883633716441286,0.37402597402597404,False,False
qwen35_9b,Qwen3.5 9B,cognitive,code,planning,Code – Planning,624,131,493,0.7776504652927241,0.9090627564529365,0.9084433984175402,0.17720130769676223,0.11285580888360199,0.23700038817463084,0.000999000999000999,-0.0012559602514261908,-0.021171266228832506,0.016952169509609826,0.5524475524475524,code|planning,0.0012030979772915257,0.6824352118469764,True,False
qwen35_9b,Qwen3.5 9B,cognitive,code,moral,Code – Moral,616,131,485,0.6334146533406784,0.9140788541748642,0.9592035885732274,0.30717720553968786,0.2289814869652925,0.3872035869282334,0.000999000999000999,0.0761747708868176,0.02459807467890687,0.13255138241814496,0.002997002997002997,code|moral,0.0012030979772915257,0.015734265734265736,True,True
qwen35_9b,Qwen3.5 9B,cognitive,code,idea,Code – Idea,475,131,344,0.6697807562577668,0.9957837741878217,0.9963607314042251,0.6557719822299326,0.5931798459643086,0.714326366297186,0.000999000999000999,-0.009622610222173918,-0.0278428325317129,0.008044064218536054,0.8201798201798202,code|idea,0.0012030979772915257,0.8832705755782678,True,False
qwen35_9b,Qwen3.5 9B,cognitive,code,safety,Code – Safety,439,131,308,0.8828194706057302,0.9251511846931694,0.9365767819966293,0.10785828963009554,0.03433619759454132,0.17494635214111606,0.000999000999000999,0.01202159473220718,-0.01784505669130627,0.03961704330003785,0.23076923076923078,code|safety,0.0012030979772915257,0.3727810650887574,True,False
qwen35_9b,Qwen3.5 9B,cognitive,code,security,Code – Security,434,131,303,0.6819590355982164,0.6909026780540649,0.7042299649812309,-0.012354477424755587,-0.0592998436142854,0.020270355831290002,0.6193806193806194,0.014623177967625746,-0.02447159873577079,0.05216736072161228,0.21578421578421578,code|security,0.6287368220902964,0.35892820051235896,False,False
qwen35_9b,Qwen3.5 9B,cognitive,gpqa,planning,GPQA – Planning,915,422,493,0.8565028887842112,0.9388596752641243,0.9399796198917547,0.24728296764903618,0.1935033060144757,0.3008558469977776,0.000999000999000999,0.0067568386484838944,-0.006039624560512303,0.01938516089584889,0.13686313686313686,gpqa|planning,0.0012030979772915257,0.25980798862154797,True,False
qwen35_9b,Qwen3.5 9B,cognitive,gpqa,moral,GPQA – Moral,907,422,485,0.9605169296916989,0.9953046367323007,0.9952411198514682,0.22143216424303336,0.1743155318691869,0.2749211007780839,0.000999000999000999,-0.0039769311465854724,-0.014250812322656917,0.00616275618484212,0.7662337662337663,gpqa|moral,0.0012030979772915257,0.8496849684968496,True,False
qwen35_9b,Qwen3.5 9B,cognitive,gpqa,idea,GPQA – Idea,766,422,344,0.8945290973217238,0.9998415628788714,0.9993180315220985,0.5769665255329174,0.5084640956488317,0.648652557495169,0.000999000999000999,-0.003932478505724807,-0.013171517511435894,0.0029217388926223984,0.7642357642357642,gpqa|idea,0.0012030979772915257,0.8496849684968496,True,False
qwen35_9b,Qwen3.5 9B,cognitive,gpqa,safety,GPQA – Safety,730,422,308,0.9918908106111898,0.9983766233766234,0.9989228780697975,0.06581324615920235,0.040415858383303915,0.09256805382237988,0.000999000999000999,0.0074482201362586495,0.0009857283729117318,0.014483790298329248,0.01898101898101898,gpqa|safety,0.0012030979772915257,0.061918663860411435,True,False
qwen35_9b,Qwen3.5 9B,cognitive,gpqa,security,GPQA – Security,725,422,303,0.8250981496253891,0.8796083399809175,0.8753147826631005,0.09478337553056355,0.05461525339425606,0.13351664996435456,0.000999000999000999,-0.00941227482193858,-0.025722450628141994,0.006154379993132012,0.8661338661338661,gpqa|security,0.0012030979772915257,0.9180472524321105,True,False
qwen35_9b,Qwen3.5 9B,cognitive,planning,moral,Planning – Moral,978,493,485,0.9420380167708747,0.9984692917337571,0.9988415131427616,0.3953866155695783,0.3472349425487125,0.45272878372536773,0.000999000999000999,-0.00014514721346985243,-0.008445889036900274,0.006794024108901248,0.5224775224775224,moral|planning,0.0012030979772915257,0.6550464460912222,True,False
qwen35_9b,Qwen3.5 9B,cognitive,planning,idea,Planning – Idea,837,493,344,0.8768102268974952,0.9999705174772395,0.9999882069908957,0.714876380956813,0.6554467194397217,0.7789699547675382,0.000999000999000999,0.0017453453074660638,-0.0008488558529953427,0.005444046265544918,0.21178821178821178,idea|planning,0.0012030979772915257,0.3558041958041958,True,False
qwen35_9b,Qwen3.5 9B,cognitive,planning,safety,Planning – Safety,801,493,308,0.9815534364215905,0.9994994863149022,0.9996509575617081,0.17279548110485607,0.13533284225785414,0.2158227411510664,0.000999000999000999,0.002088650129188847,-0.003537658078251235,0.007346785572058471,0.23376623376623376,planning|safety,0.0012030979772915257,0.37402597402597404,True,False
qwen35_9b,Qwen3.5 9B,cognitive,planning,security,Planning – Security,796,493,303,0.7784293642345979,0.9512983752736328,0.9513519303248783,0.41025229625242077,0.35030615171481183,0.46621609119373286,0.000999000999000999,-0.00040753775591881243,-0.018910178818625674,0.015971299079196973,0.5054945054945055,planning|security,0.0012030979772915257,0.6458028663351857,True,False
qwen35_9b,Qwen3.5 9B,cognitive,moral,idea,Moral – Idea,829,485,344,0.9308439223207864,0.9994006233517142,0.9994845360824742,0.43535266984092635,0.37263220771946026,0.5055509314628569,0.000999000999000999,-0.0003611914550500437,-0.008333208099120661,0.006339187775438995,0.5004995004995005,idea|moral,0.0012030979772915257,0.644321196045334,True,False
qwen35_9b,Qwen3.5 9B,cognitive,moral,safety,Moral – Safety,793,485,308,0.9918663810416388,0.991625384924354,0.9959767037086624,0.003945185570358417,-0.007331691685298927,0.014407232978380221,0.26573426573426573,0.045294513391206714,0.0217742261103076,0.06687481042424012,0.000999000999000999,moral|safety,0.279020979020979,0.006850292564578279,False,True
qwen35_9b,Qwen3.5 9B,cognitive,moral,security,Moral – Security,788,485,303,0.7860501514068933,0.9784015514953557,0.9784695995372733,0.5234373245932006,0.4636944523710481,0.5875352289827839,0.000999000999000999,0.0018027267259981957,-0.015919156831695792,0.018320457884492516,0.4275724275724276,moral|security,0.0012030979772915257,0.5723678711726521,True,False
qwen35_9b,Qwen3.5 9B,cognitive,idea,safety,Idea – Safety,652,344,308,0.9986031410450015,0.9996224705527031,0.9998773029296285,0.04041645822525608,0.026455896987698495,0.05715306080451386,0.000999000999000999,0.005281029983749525,-0.00047754982785391445,0.01186546536843421,0.052947052947052944,idea|safety,0.0012030979772915257,0.1279871207928762,True,False
qwen35_9b,Qwen3.5 9B,cognitive,idea,security,Idea – Security,647,344,303,0.569633126103308,0.9992612633356359,0.999146135543787,0.9310139211841717,0.9014486699958757,0.9582187010691934,0.000999000999000999,0.006260103149806778,-0.002422440392439581,0.016315343136179355,0.11488511488511488,idea|security,0.0012030979772915257,0.22977022977022976,True,False
qwen35_9b,Qwen3.5 9B,cognitive,safety,security,Safety – Security,611,308,303,0.8741642021344992,0.9735866443787236,0.9775941879902276,0.29045401001759574,0.23021357263620681,0.3469504690619896,0.000999000999000999,0.02643397015969368,-0.0025401706357525934,0.053181463881555764,0.03596403596403597,safety|security,0.0012030979772915257,0.09824322019443972,True,False
qwen35_27b,Qwen3.5 27B,conversational,math,code,Math – Code,598,439,159,0.8071804128880675,0.8750017908052893,0.8946576696608931,0.11643621926487913,0.04016120011154292,0.18010412355234684,0.001998001998001998,0.04379601283678223,0.0017560914989461854,0.08156383034132901,0.017982017982017984,code|math,0.002355539197644461,0.059821366752059825,True,False
qwen35_27b,Qwen3.5 27B,conversational,math,gpqa,Math – GPQA,929,439,490,0.6886383710659663,0.8843010552740458,0.8820789363581424,0.27494839855875797,0.22554670882731515,0.31953118594344093,0.000999000999000999,-0.0054587326648208,-0.019614823097616182,0.00975896000291998,0.7732267732267732,gpqa|math,0.0012030979772915257,0.8518170354235928,True,False
qwen35_27b,Qwen3.5 27B,conversational,math,planning,Math – Planning,938,439,499,0.8852693998475311,0.9018218669685613,0.9027531144293142,0.05356534402873153,0.029229677077826293,0.08052565521440361,0.000999000999000999,0.011244670326331738,-0.0049379908055703515,0.027406655631617458,0.07592407592407592,math|planning,0.0012030979772915257,0.17006993006993007,True,False
qwen35_27b,Qwen3.5 27B,conversational,math,moral,Math – Moral,936,439,497,0.7758945472378691,0.9580489772347066,0.961555208242622,0.4229913118988063,0.361241368220512,0.4774267977720181,0.000999000999000999,0.01410880993551404,-0.010078836726967487,0.037803823872110606,0.10989010989010989,math|moral,0.0012030979772915257,0.22377622377622375,True,False
qwen35_27b,Qwen3.5 27B,conversational,math,idea,Math – Idea,937,439,498,0.678326060506262,0.999638645698969,0.99981246169187,0.8823883111987768,0.8558999003384431,0.9094989810087514,0.000999000999000999,0.005955687032818952,0.0008752544820288885,0.01145222891888288,0.022977022977022976,idea|math,0.0012030979772915257,0.07148407148407149,True,False
qwen35_27b,Qwen3.5 27B,conversational,math,safety,Math – Safety,752,439,313,0.924581717088649,0.9593688822257963,0.9581607923904896,0.11396243138817129,0.0744524015439407,0.1495680449160575,0.000999000999000999,-0.001239281658542621,-0.021084418121614157,0.01772535584795497,0.5414585414585414,math|safety,0.0012030979772915257,0.6713286713286712,True,False
qwen35_27b,Qwen3.5 27B,conversational,math,security,Math – Security,899,439,460,0.5966722788947212,0.8667921164702387,0.8759334455778944,0.3242610014599628,0.2719533014252519,0.3715950496969979,0.000999000999000999,0.02082095827960077,-5.311755328376651e-05,0.04121611645179577,0.030969030969030968,math|security,0.0012030979772915257,0.09208490624419828,True,False
qwen35_27b,Qwen3.5 27B,conversational,code,gpqa,Code – GPQA,649,159,490,0.7114876139134899,0.925798998844821,0.9283532280836863,0.3096088249863235,0.15554845320002714,0.40610541879106715,0.000999000999000999,0.022084657106772414,-0.0230276216587165,0.0638637026270853,0.15484515484515485,code|gpqa,0.0012030979772915257,0.2797202797202797,True,False
qwen35_27b,Qwen3.5 27B,conversational,code,planning,Code – Planning,658,159,499,0.8516151800456259,0.9460808409271373,0.9404721392470475,0.13692585712033584,0.04124782267768073,0.2127309548983183,0.000999000999000999,0.00035654772041604466,-0.03271256039584241,0.031160074117019675,0.47152847152847155,code|planning,0.0012030979772915257,0.618881118881119,True,False
qwen35_27b,Qwen3.5 27B,conversational,code,moral,Code – Moral,656,159,497,0.9226554294319376,0.9678954228515748,0.9739189856117839,0.10883654827291993,0.01620017388163322,0.19760031036002118,0.006993006993006993,0.0009728011287653887,-0.03354306298157585,0.03125580254436986,0.5024975024975025,code|moral,0.008074399826977146,0.6444242780120643,True,False
qwen35_27b,Qwen3.5 27B,conversational,code,idea,Code – Idea,657,159,498,0.8629107625470436,0.9829127832083049,0.9918289510242226,0.33966813688745745,0.1842617914682801,0.45962773563970866,0.000999000999000999,0.03524574715614677,0.0023236655506734525,0.07115934832319062,0.02097902097902098,code|idea,0.0012030979772915257,0.06713286713286713,True,False
qwen35_27b,Qwen3.5 27B,conversational,code,safety,Code – Safety,472,159,313,0.9606365663994213,0.973677336387566,0.9768119436574437,-0.00018169953148293333,-0.10846970060111899,0.07898101845963316,0.5014985014985015,0.0004320328898646493,-0.02365521721066917,0.022009481070478218,0.4935064935064935,code|safety,0.5121686823814483,0.6377622377622377,False,False
qwen35_27b,Qwen3.5 27B,conversational,code,security,Code – Security,619,159,460,0.7865190046486191,0.8927399507793273,0.885206453377085,0.12336619599093256,-0.0023615007812346194,0.2082642069315236,0.000999000999000999,0.002877149460971492,-0.02210746437485809,0.027699123658302256,0.4125874125874126,code|security,0.0012030979772915257,0.5672042243470815,False,False
qwen35_27b,Qwen3.5 27B,conversational,gpqa,planning,GPQA – Planning,989,490,499,0.8991820375444767,0.9552819925565417,0.9612490286695841,0.19213288329649506,0.150715958107699,0.23437913908426344,0.000999000999000999,0.027388093758414094,0.0065556256571367814,0.04757872533918757,0.008991008991008992,gpqa|planning,0.0012030979772915257,0.03554092965857672,True,True
qwen35_27b,Qwen3.5 27B,conversational,gpqa,moral,GPQA – Moral,987,490,497,0.968324231100891,0.9860797437687349,0.9858990678766476,0.09276199871379935,0.061112047537044085,0.12448721591033293,0.000999000999000999,-0.007205729695072881,-0.02085274154466539,0.004710005506777241,0.8811188811188811,gpqa|moral,0.0012030979772915257,0.9254297104764395,True,False
qwen35_27b,Qwen3.5 27B,conversational,gpqa,idea,GPQA – Idea,988,490,498,0.8869109089418901,0.9947135480698304,0.9949963117777232,0.4991058133793498,0.44849169796969995,0.550344298275083,0.000999000999000999,0.004681562807953174,-0.011984448698740704,0.0191585824974101,0.3016983016983017,gpqa|idea,0.0012030979772915257,0.444608023555392,True,False
qwen35_27b,Qwen3.5 27B,conversational,gpqa,safety,GPQA – Safety,803,490,313,0.9952337484514573,0.9958531655473691,0.9952402686314142,0.006382833951543009,-0.001174002604424547,0.013444157288631558,0.03796203796203796,-0.011151382117027516,-0.025144078117048572,0.00023951083162709321,0.9630369630369631,gpqa|safety,0.04251748251748252,0.9805467260012715,False,False
qwen35_27b,Qwen3.5 27B,conversational,gpqa,security,GPQA – Security,950,490,460,0.6786690328305235,0.7823779946761313,0.7876264418811003,0.08681454436873381,0.053156674799841284,0.11764292423625027,0.000999000999000999,-0.003845554194270572,-0.020297057071579357,0.01497356341374705,0.6403596403596403,gpqa|security,0.0012030979772915257,0.7445011735669175,True,False
qwen35_27b,Qwen3.5 27B,conversational,planning,moral,Planning – Moral,996,499,497,0.977613174034185,0.9957540836199562,0.995314572807587,0.18445456311045957,0.14924703604549694,0.21950953261331535,0.000999000999000999,0.002290828116052631,-0.00843575348653093,0.01316631896096272,0.3596403596403596,moral|planning,0.0012030979772915257,0.5208584518929346,True,False
qwen35_27b,Qwen3.5 27B,conversational,planning,idea,Planning – Idea,997,499,498,0.8873892363039332,0.9996056369767647,0.9997344085761886,0.6006554535715426,0.564543704259699,0.6371549263509448,0.000999000999000999,0.009188580323049951,-0.00034701022042650753,0.018518543173162948,0.03496503496503497,idea|planning,0.0012030979772915257,0.09709298965497312,True,False
qwen35_27b,Qwen3.5 27B,conversational,planning,safety,Planning – Safety,812,499,313,0.9711499676669633,0.9893909224199197,0.9903128941589249,0.10788344765841668,0.07588828321036666,0.1394188830712094,0.000999000999000999,0.007998780457356596,-0.006989966105018215,0.02370246289599398,0.14585414585414586,planning|safety,0.0012030979772915257,0.266342353298875,True,False
qwen35_27b,Qwen3.5 27B,conversational,planning,security,Planning – Security,959,499,460,0.7782216607127298,0.9067482791670297,0.9121155354186634,0.25863192181918304,0.20626423364088314,0.3055470963018288,0.000999000999000999,0.018426513283933497,-0.004705991210432519,0.040103936583561386,0.06293706293706294,planning|security,0.0012030979772915257,0.14584036653002172,True,False
qwen35_27b,Qwen3.5 27B,conversational,moral,idea,Moral – Idea,995,497,498,0.9354480295427181,0.9954344541142437,0.996484933698577,0.33945525424108397,0.2897942662680893,0.3927273379713315,0.000999000999000999,0.01673547421037256,-0.004743916870813346,0.03661832434358997,0.061938061938061936,idea|moral,0.0012030979772915257,0.1445221445221445,True,False
qwen35_27b,Qwen3.5 27B,conversational,moral,safety,Moral – Safety,810,497,313,0.9960851370202043,0.9969915338677432,0.9966315464673022,0.01153332401315053,0.001740965780789165,0.02204609835788886,0.011988011988011988,-0.0024489442438314123,-0.008133431276618102,0.0027810995099620817,0.8161838161838162,moral|safety,0.013747344805365285,0.8817934477098465,True,False
qwen35_27b,Qwen3.5 27B,conversational,moral,security,Moral – Security,957,497,460,0.8727101740880063,0.9230119849531975,0.9254395940862566,0.1407485818155646,0.09871355412921233,0.18255750950304733,0.000999000999000999,0.011198782974208774,-0.007764629275976779,0.02911508467388418,0.11488511488511488,moral|security,0.0012030979772915257,0.22977022977022976,True,False
qwen35_27b,Qwen3.5 27B,conversational,idea,safety,Idea – Safety,811,498,313,0.9948804803880057,0.9984089713486534,0.9990825923502316,0.06450894449526702,0.04328586862645875,0.08874318137867415,0.000999000999000999,0.005708631571401204,-0.007700836886743165,0.0178267022924407,0.22077922077922077,idea|safety,0.0012030979772915257,0.3654276757725033,True,False
qwen35_27b,Qwen3.5 27B,conversational,idea,security,Idea – Security,958,498,460,0.5767199231709447,0.9839401082591235,0.9868604854199406,0.7692281040807204,0.7212848115756105,0.8106185379873101,0.000999000999000999,0.020771055629973972,-0.005587243808477816,0.044274774219609604,0.053946053946053944,idea|security,0.0012030979772915257,0.12947052947052948,True,False
qwen35_27b,Qwen3.5 27B,conversational,safety,security,Safety – Security,773,313,460,0.9030490345881372,0.9298305320183359,0.9447770523683845,0.04375794132093494,0.011912905885879572,0.0718418540306008,0.000999000999000999,0.03529262974420352,0.0038374703616235227,0.06518207388858992,0.00999000999000999,safety|security,0.0012030979772915257,0.03771509389486918,True,True
qwen35_27b,Qwen3.5 27B,cognitive,math,code,Math – Code,598,439,159,0.8071804128880675,0.9357745591037377,0.9523215999770777,0.2647046040463292,0.2039460829659045,0.3234326993315961,0.000999000999000999,0.06663082573486497,0.025529503863739506,0.10719854011066024,0.000999000999000999,code|math,0.0012030979772915257,0.006850292564578279,True,True
qwen35_27b,Qwen3.5 27B,cognitive,math,gpqa,Math – GPQA,929,439,490,0.6886383710659663,0.8553623727395286,0.8545720794012366,0.19530159989418078,0.14748700063477332,0.24374132023569264,0.000999000999000999,-0.0014972549784616374,-0.016675769843088942,0.012609506144726206,0.5714285714285714,gpqa|math,0.0012030979772915257,0.6968683490422621,True,False
qwen35_27b,Qwen3.5 27B,cognitive,math,planning,Math – Planning,938,439,499,0.8852693998475311,0.9728888300519033,0.9723912517517952,0.315835715211168,0.26909261651920097,0.3577016312594441,0.000999000999000999,0.0003756300773319661,-0.00739116993405582,0.008215233649886236,0.4175824175824176,math|planning,0.0012030979772915257,0.568463794270246,True,False
qwen35_27b,Qwen3.5 27B,cognitive,math,moral,Math – Moral,936,439,497,0.7758945472378691,0.9906867171136157,0.9960721046094334,0.6266662926035184,0.5723862712834963,0.6755121176889901,0.000999000999000999,0.0561012436193691,0.026152953749120557,0.08369174108503935,0.000999000999000999,math|moral,0.0012030979772915257,0.006850292564578279,True,True
qwen35_27b,Qwen3.5 27B,cognitive,math,idea,Math – Idea,937,439,498,0.678326060506262,0.9988839183613726,0.999666090329427,0.8723202591912107,0.8394713787093511,0.9035180207312945,0.000999000999000999,0.01694723315322225,0.005519797709300753,0.031164452236541226,0.000999000999000999,idea|math,0.0012030979772915257,0.006850292564578279,True,True
qwen35_27b,Qwen3.5 27B,cognitive,math,safety,Math – Safety,752,439,313,0.924581717088649,0.9824608644392208,0.9853646466337231,0.22851133051542802,0.17940417675215123,0.27746457051198403,0.000999000999000999,0.02225632467301825,0.00253390518784005,0.04138115136688644,0.00999000999000999,math|safety,0.0012030979772915257,0.03771509389486918,True,True
qwen35_27b,Qwen3.5 27B,cognitive,math,security,Math – Security,899,439,460,0.5966722788947212,0.9422996929781123,0.9434634049717738,0.5212915271615975,0.45466025509273456,0.5850743317132957,0.000999000999000999,0.0051218380530168636,-0.01040557543218629,0.020293266252809326,0.24375624375624375,math|security,0.0012030979772915257,0.3838383838383838,True,False
qwen35_27b,Qwen3.5 27B,cognitive,code,gpqa,Code – GPQA,649,159,490,0.7114876139134899,0.8753305095623155,0.8839558464895392,0.2015627064669762,0.12710156167646125,0.2629887350306289,0.000999000999000999,0.03312666995097326,-0.004935845034625175,0.07247562824408615,0.04295704295704296,code|gpqa,0.0012030979772915257,0.11276223776223777,True,False
qwen35_27b,Qwen3.5 27B,cognitive,code,planning,Code – Planning,658,159,499,0.8516151800456259,0.9317881045109087,0.9557857854072925,0.13840602346857636,0.0941854413944528,0.18289707171615285,0.000999000999000999,0.05572319592446196,0.016043804808129135,0.08956629315974748,0.001998001998001998,code|planning,0.0012030979772915257,0.011188811188811189,True,True
qwen35_27b,Qwen3.5 27B,cognitive,code,moral,Code – Moral,656,159,497,0.9226554294319376,0.9948622552927628,0.9959505460435569,0.2200824277681187,0.15920488456637916,0.29505968143629097,0.000999000999000999,0.004863859716493562,-0.02245697134185553,0.03149902491512337,0.36163836163836166,code|moral,0.0012030979772915257,0.5215042468261353,True,False
qwen35_27b,Qwen3.5 27B,cognitive,code,idea,Code – Idea,657,159,498,0.8629107625470436,0.9926624737945493,0.9973226238286479,0.41279996624676524,0.3245132382700302,0.5090592586536877,0.000999000999000999,0.010513225880093494,-0.003927371310885413,0.034328578964782724,0.17582417582417584,code|idea,0.0012030979772915257,0.30609804703068955,True,False
qwen35_27b,Qwen3.5 27B,cognitive,code,safety,Code – Safety,472,159,313,0.9606365663994213,0.9937910663692808,0.9947555609138585,0.11529252526997773,0.05954359541844585,0.1732181703765069,0.000999000999000999,0.007765688885374486,-0.014298780048512755,0.030437561526252984,0.2517482517482518,code|safety,0.0012030979772915257,0.3880156540707,True,False
qwen35_27b,Qwen3.5 27B,cognitive,code,security,Code – Security,619,159,460,0.7865190046486191,0.8945310363686082,0.9177467869838666,0.18886596130324013,0.12764993912733574,0.24350021705702418,0.000999000999000999,0.04919480259833056,0.00366659195374001,0.08976179828760598,0.007992007992007992,code|security,0.0012030979772915257,0.032747740064813236,True,True
qwen35_27b,Qwen3.5 27B,cognitive,gpqa,planning,GPQA – Planning,989,490,499,0.8991820375444767,0.9608155085681567,0.9619197578831131,0.21607174965324583,0.17430467886415874,0.25418735553866245,0.000999000999000999,0.005072485592691846,-0.0046731575982207774,0.014090611738473539,0.14185814185814186,gpqa|planning,0.0012030979772915257,0.2618919541996465,True,False
qwen35_27b,Qwen3.5 27B,cognitive,gpqa,moral,GPQA – Moral,987,490,497,0.968324231100891,0.9984971050794563,0.9985504865930276,0.22564979092657206,0.18237236481705704,0.27293055456438853,0.000999000999000999,0.011841407337813135,-0.0016262821255123303,0.026914228896815547,0.07192807192807193,gpqa|moral,0.0012030979772915257,0.1632961632961633,True,False
qwen35_27b,Qwen3.5 27B,cognitive,gpqa,idea,GPQA – Idea,988,490,498,0.8869109089418901,0.9997869027128924,0.9999262355544627,0.5742977023465391,0.5222409369136884,0.6295256760745468,0.000999000999000999,0.006424957329996458,-0.00043424459467179724,0.01595718546455857,0.06693306693306693,gpqa|idea,0.0012030979772915257,0.15298986727558153,True,False
qwen35_27b,Qwen3.5 27B,cognitive,gpqa,safety,GPQA – Safety,803,490,313,0.9952337484514573,0.9986829236486927,0.9991914976853361,0.05562828760302163,0.03780764022269069,0.0749633731454004,0.000999000999000999,0.00205270598435482,-0.008667711737273525,0.012745358106442579,0.3986013986013986,gpqa|safety,0.0012030979772915257,0.5511525511525511,True,False
qwen35_27b,Qwen3.5 27B,cognitive,gpqa,security,GPQA – Security,950,490,460,0.6786690328305235,0.8444809228039042,0.8407364685004437,0.2033472617050794,0.15882132444610877,0.24755082799861713,0.000999000999000999,-0.009141247107339396,-0.020384196997061742,0.001499312281005977,0.954045954045954,gpqa|security,0.0012030979772915257,0.97731536755927,True,False
qwen35_27b,Qwen3.5 27B,cognitive,planning,moral,Planning – Moral,996,499,497,0.977613174034185,0.9999637101164098,0.9998588726749273,0.28508455544482963,0.25459801319956477,0.31888238137669245,0.000999000999000999,-0.0011478434858902397,-0.007165460351475945,0.003135887563831273,0.6103896103896104,moral|planning,0.0012030979772915257,0.7196172248803828,True,False
qwen35_27b,Qwen3.5 27B,cognitive,planning,idea,Planning – Idea,997,499,498,0.8873892363039332,0.9999678071001441,0.9999678071001441,0.6190158293793759,0.5850253178241787,0.6560492819031745,0.000999000999000999,0.003403673998256819,0.0001419972290444918,0.006811084016794438,0.02097902097902098,idea|planning,0.0012030979772915257,0.06713286713286713,True,False
qwen35_27b,Qwen3.5 27B,cognitive,planning,safety,Planning – Safety,812,499,313,0.9711499676669633,0.9999167664402288,0.9999615845108748,0.2546125711880339,0.2119601005572416,0.29643768192877795,0.000999000999000999,0.006524939188577463,0.001285915674820914,0.012782200772479864,0.006993006993006993,planning|safety,0.0012030979772915257,0.02937062937062937,True,True
qwen35_27b,Qwen3.5 27B,cognitive,planning,security,Planning – Security,959,499,460,0.7782216607127298,0.9434172693212513,0.9479393569748192,0.39654360108190034,0.34891028737295615,0.43875135219635486,0.000999000999000999,0.016554137601975112,0.0006984926094698786,0.0326512859746422,0.03496503496503497,planning|security,0.0012030979772915257,0.09709298965497312,True,False
qwen35_27b,Qwen3.5 27B,cognitive,moral,idea,Moral – Idea,995,497,498,0.9354480295427181,0.999664654594232,0.9996080903089218,0.4203534917562197,0.369930564200553,0.47655419520136927,0.000999000999000999,0.0031724308331689583,-0.004419015624384035,0.010512969768220451,0.22277722277722278,idea|moral,0.0012030979772915257,0.3669271904566022,True,False
qwen35_27b,Qwen3.5 27B,cognitive,moral,safety,Moral – Safety,810,497,313,0.9960851370202043,0.9978143622116084,0.9983543433122698,0.017487021779319538,0.00640757465844579,0.03114116247300991,0.002997002997002997,0.019631997521342873,0.006006221779462007,0.03383546193958476,0.002997002997002997,moral|safety,0.0035086864355157042,0.015734265734265736,True,True
qwen35_27b,Qwen3.5 27B,cognitive,moral,security,Moral – Security,957,497,460,0.8727101740880063,0.9892879013209693,0.9905826261919343,0.4623496125853522,0.4145522849243135,0.511282947835667,0.000999000999000999,0.019707356047046227,-0.007753262708609633,0.04442223282937433,0.060939060939060936,moral|security,0.0012030979772915257,0.14318548584282847,True,False
qwen35_27b,Qwen3.5 27B,cognitive,idea,safety,Idea – Safety,811,498,313,0.9948804803880057,0.9988516365782619,0.9992750554935397,0.06015364474693909,0.03622348705530426,0.08936704705368825,0.000999000999000999,0.013454567351948525,-0.0007226268098197657,0.027815655154053966,0.029970029970029972,idea|safety,0.0012030979772915257,0.0899100899100899,True,False
qwen35_27b,Qwen3.5 27B,cognitive,idea,security,Idea – Security,958,498,460,0.5767199231709447,0.9989697922123276,0.9993757639252663,0.9371237022537718,0.913039663286228,0.9566105606151112,0.000999000999000999,0.009422155422027496,-0.004379505449489179,0.02376488499263391,0.0989010989010989,idea|security,0.0012030979772915257,0.20769230769230768,True,False
qwen35_27b,Qwen3.5 27B,cognitive,safety,security,Safety – Security,773,313,460,0.9030490345881372,0.9820322266981525,0.9845811918321989,0.2632636741760589,0.21414822223176552,0.30714707261032614,0.000999000999000999,0.01709995493941093,0.0021305989995161214,0.03206327476464929,0.01898101898101898,safety|security,0.0012030979772915257,0.061918663860411435,True,False
