gen_model,task_type,quality_class,decile,segments,behavior,positive_segments,prevalence,signature_family,dominance_share,behavior_label,abbreviation
gemma4_31b,code,all,0,4055,subgoal,241,0.0594327990135635,cognitive,0.4358047016274864,Subgoal setting,S
gemma4_31b,code,all,1,3970,verification,391,0.09848866498740554,cognitive,0.4750911300121507,Verification,V
gemma4_31b,code,all,2,3982,verification,477,0.11978905072827725,cognitive,0.5618374558303887,Verification,V
gemma4_31b,code,all,3,3981,verification,517,0.1298668676212007,cognitive,0.5719026548672566,Verification,V
gemma4_31b,code,all,4,3952,verification,566,0.14321862348178138,cognitive,0.6192560175054704,Verification,V
gemma4_31b,code,all,5,3998,verification,596,0.14907453726863432,cognitive,0.6195426195426196,Verification,V
gemma4_31b,code,all,6,4000,verification,653,0.16325,cognitive,0.6991434689507494,Verification,V
gemma4_31b,code,all,7,3963,verification,676,0.17057784506686854,cognitive,0.7237687366167024,Verification,V
gemma4_31b,code,all,8,3989,verification,648,0.16244672850338432,cognitive,0.6893617021276596,Verification,V
gemma4_31b,code,all,9,4076,verification,859,0.21074582924435722,cognitive,0.7724820143884892,Verification,V
gemma4_31b,code,all,0,4055,Perspective_Shift,418,0.1030826140567201,conversational,0.5054413542926239,Perspective shift,P
gemma4_31b,code,all,1,3970,Perspective_Shift,457,0.11511335012594459,conversational,0.4303201506591337,Perspective shift,P
gemma4_31b,code,all,2,3982,Perspective_Shift,440,0.11049723756906077,conversational,0.46169989506820563,Perspective shift,P
gemma4_31b,code,all,3,3981,Perspective_Shift,399,0.10022607385079126,conversational,0.41091658084449023,Perspective shift,P
gemma4_31b,code,all,4,3952,Perspective_Shift,464,0.11740890688259109,conversational,0.45714285714285713,Perspective shift,P
gemma4_31b,code,all,5,3998,Perspective_Shift,466,0.11655827913956979,conversational,0.44937319189971064,Perspective shift,P
gemma4_31b,code,all,6,4000,Perspective_Shift,440,0.11,conversational,0.43349753694581283,Perspective shift,P
gemma4_31b,code,all,7,3963,Perspective_Shift,467,0.11784002018672722,conversational,0.44139886578449905,Perspective shift,P
gemma4_31b,code,all,8,3989,Perspective_Shift,469,0.11757332664828278,conversational,0.45711500974658875,Perspective shift,P
gemma4_31b,code,all,9,4076,Perspective_Shift,460,0.11285574092247301,conversational,0.4170444242973708,Perspective shift,P
gemma4_31b,code,high,0,2511,subgoal,158,0.0629231381919554,cognitive,0.4702380952380953,Subgoal setting,S
gemma4_31b,code,high,1,2445,verification,255,0.10429447852760736,cognitive,0.4885057471264368,Verification,V
gemma4_31b,code,high,2,2456,verification,324,0.13192182410423453,cognitive,0.6000000000000001,Verification,V
gemma4_31b,code,high,3,2453,verification,347,0.14145943742356298,cognitive,0.6055846422338569,Verification,V
gemma4_31b,code,high,4,2437,verification,380,0.15592942141977842,cognitive,0.6462585034013606,Verification,V
gemma4_31b,code,high,5,2468,verification,395,0.1600486223662885,cognitive,0.646481178396072,Verification,V
gemma4_31b,code,high,6,2471,verification,438,0.1772561715904492,cognitive,0.7604166666666666,Verification,V
gemma4_31b,code,high,7,2438,verification,488,0.20016406890894176,cognitive,0.7922077922077922,Verification,V
gemma4_31b,code,high,8,2463,verification,477,0.19366626065773446,cognitive,0.7559429477020603,Verification,V
gemma4_31b,code,high,9,2527,verification,594,0.23506133755441236,cognitive,0.8366197183098592,Verification,V
gemma4_31b,code,high,0,2511,Perspective_Shift,241,0.09597769812823577,conversational,0.5052410901467506,Perspective shift,P
gemma4_31b,code,high,1,2445,Perspective_Shift,278,0.11370143149284254,conversational,0.4648829431438127,Perspective shift,P
gemma4_31b,code,high,2,2456,Perspective_Shift,265,0.10789902280130294,conversational,0.4944029850746269,Perspective shift,P
gemma4_31b,code,high,3,2453,Perspective_Shift,230,0.09376273950264982,conversational,0.4144144144144144,Perspective shift,P
gemma4_31b,code,high,4,2437,Perspective_Shift,286,0.11735740664751744,conversational,0.4750830564784053,Perspective shift,P
gemma4_31b,code,high,5,2468,Perspective_Shift,275,0.11142625607779579,conversational,0.47577854671280273,Perspective shift,P
gemma4_31b,code,high,6,2471,Perspective_Shift,242,0.09793605827600162,conversational,0.42233856893542754,Perspective shift,P
gemma4_31b,code,high,7,2438,Perspective_Shift,293,0.12018047579983593,conversational,0.4535603715170279,Perspective shift,P
gemma4_31b,code,high,8,2463,Perspective_Shift,284,0.11530653674380836,conversational,0.4863013698630137,Perspective shift,P
gemma4_31b,code,high,9,2527,Perspective_Shift,265,0.10486743173723784,conversational,0.43230016313213704,Perspective shift,P
gemma4_31b,code,low,0,1505,subgoal,79,0.05249169435215947,cognitive,0.3726415094339623,Subgoal setting,S
gemma4_31b,code,low,1,1487,verification,136,0.09145931405514458,cognitive,0.4579124579124579,Verification,V
gemma4_31b,code,low,2,1488,verification,153,0.1028225806451613,cognitive,0.5,Verification,V
gemma4_31b,code,low,3,1490,verification,166,0.11140939597315436,cognitive,0.50920245398773,Verification,V
gemma4_31b,code,low,4,1477,verification,183,0.12389979688557888,cognitive,0.5700934579439252,Verification,V
gemma4_31b,code,low,5,1492,verification,200,0.13404825737265416,cognitive,0.5797101449275363,Verification,V
gemma4_31b,code,low,6,1491,verification,215,0.1441985244802146,cognitive,0.6056338028169014,Verification,V
gemma4_31b,code,low,7,1487,verification,186,0.12508406186953597,cognitive,0.5980707395498392,Verification,V
gemma4_31b,code,low,8,1488,verification,167,0.11223118279569892,cognitive,0.5566666666666666,Verification,V
gemma4_31b,code,low,9,1510,verification,261,0.1728476821192053,cognitive,0.6590909090909091,Verification,V
gemma4_31b,code,low,0,1505,Perspective_Shift,174,0.11561461794019934,conversational,0.5058139534883721,Perspective shift,P
gemma4_31b,code,low,1,1487,Perspective_Shift,174,0.11701412239408204,conversational,0.3841059602649006,Perspective shift,P
gemma4_31b,code,low,2,1488,Perspective_Shift,171,0.11491935483870967,conversational,0.4201474201474202,Perspective shift,P
gemma4_31b,code,low,3,1490,Perspective_Shift,164,0.11006711409395974,conversational,0.40897755610972575,Perspective shift,P
gemma4_31b,code,low,4,1477,Perspective_Shift,170,0.11509817197020988,conversational,0.43037974683544306,Perspective shift,P
gemma4_31b,code,low,5,1492,Perspective_Shift,185,0.1239946380697051,conversational,0.4195011337868481,Perspective shift,P
gemma4_31b,code,low,6,1491,Perspective_Shift,189,0.1267605633802817,conversational,0.44575471698113206,Perspective shift,P
gemma4_31b,code,low,7,1487,Perspective_Shift,168,0.11297915265635508,conversational,0.4221105527638191,Perspective shift,P
gemma4_31b,code,low,8,1488,Perspective_Shift,178,0.1196236559139785,conversational,0.4258373205741627,Perspective shift,P
gemma4_31b,code,low,9,1510,Perspective_Shift,193,0.12781456953642384,conversational,0.40292275574112735,Perspective shift,P
gemma4_31b,gpqa,all,0,8955,verification,837,0.09346733668341708,cognitive,0.46141124586549065,Verification,V
gemma4_31b,gpqa,all,1,8695,verification,1425,0.16388729154686602,cognitive,0.5544747081712063,Verification,V
gemma4_31b,gpqa,all,2,8751,verification,1592,0.18192206604959432,cognitive,0.5924823222925195,Verification,V
gemma4_31b,gpqa,all,3,8691,verification,1655,0.19042687837993327,cognitive,0.6240573152337858,Verification,V
gemma4_31b,gpqa,all,4,8653,verification,1847,0.21345198197157056,cognitive,0.6692028985507247,Verification,V
gemma4_31b,gpqa,all,5,8791,verification,1892,0.2152201114776476,cognitive,0.6629292221443588,Verification,V
gemma4_31b,gpqa,all,6,8739,verification,1906,0.21810275775260327,cognitive,0.6742129465864874,Verification,V
gemma4_31b,gpqa,all,7,8703,verification,1985,0.22808227048144317,cognitive,0.6969803370786516,Verification,V
gemma4_31b,gpqa,all,8,8743,verification,2114,0.24179343474779824,cognitive,0.7185588035350102,Verification,V
gemma4_31b,gpqa,all,9,9001,verification,2511,0.2789690034440618,cognitive,0.7735674676524954,Verification,V
gemma4_31b,gpqa,all,0,8955,Perspective_Shift,1189,0.1327749860413177,conversational,0.46921862667719016,Perspective shift,P
gemma4_31b,gpqa,all,1,8695,Perspective_Shift,1585,0.18228867165037377,conversational,0.44547498594716134,Perspective shift,P
gemma4_31b,gpqa,all,2,8751,Perspective_Shift,1647,0.18820706205005142,conversational,0.43884892086330934,Perspective shift,P
gemma4_31b,gpqa,all,3,8691,Perspective_Shift,1634,0.18801058566332987,conversational,0.4434192672998643,Perspective shift,P
gemma4_31b,gpqa,all,4,8653,Perspective_Shift,1624,0.18768057321160292,conversational,0.4322597817407506,Perspective shift,P
gemma4_31b,gpqa,all,5,8791,Perspective_Shift,1671,0.19008076441815494,conversational,0.4242193450114242,Perspective shift,P
gemma4_31b,gpqa,all,6,8739,Perspective_Shift,1638,0.1874356333676622,conversational,0.42823529411764705,Perspective shift,P
gemma4_31b,gpqa,all,7,8703,Perspective_Shift,1581,0.18166149603584972,conversational,0.42216288384512685,Perspective shift,P
gemma4_31b,gpqa,all,8,8743,Perspective_Shift,1618,0.18506233558275192,conversational,0.41275510204081634,Perspective shift,P
gemma4_31b,gpqa,all,9,9001,Perspective_Shift,1443,0.16031552049772246,conversational,0.37824377457404973,Perspective shift,P
gemma4_31b,gpqa,high,0,5697,verification,510,0.08952080042127436,cognitive,0.4517271922054916,Verification,V
gemma4_31b,gpqa,high,1,5501,verification,921,0.16742410470823488,cognitive,0.5671182266009852,Verification,V
gemma4_31b,gpqa,high,2,5539,verification,1053,0.1901065174219173,cognitive,0.6227084565345948,Verification,V
gemma4_31b,gpqa,high,3,5495,verification,1113,0.20254777070063695,cognitive,0.6531690140845071,Verification,V
gemma4_31b,gpqa,high,4,5463,verification,1265,0.23155775215083288,cognitive,0.705521472392638,Verification,V
gemma4_31b,gpqa,high,5,5573,verification,1289,0.23129373766373587,cognitive,0.6997828447339848,Verification,V
gemma4_31b,gpqa,high,6,5531,verification,1301,0.23521967094557947,cognitive,0.7097654118930715,Verification,V
gemma4_31b,gpqa,high,7,5503,verification,1372,0.24931855351626386,cognitive,0.7293992557150453,Verification,V
gemma4_31b,gpqa,high,8,5537,verification,1426,0.257540184215279,cognitive,0.7505263157894736,Verification,V
gemma4_31b,gpqa,high,9,5731,verification,1731,0.3020415285290525,cognitive,0.7980636237897649,Verification,V
gemma4_31b,gpqa,high,0,5697,Perspective_Shift,724,0.12708443040196596,conversational,0.473202614379085,Perspective shift,P
gemma4_31b,gpqa,high,1,5501,Perspective_Shift,1009,0.18342119614615524,conversational,0.44745011086474495,Perspective shift,P
gemma4_31b,gpqa,high,2,5539,Perspective_Shift,1025,0.18505145333092615,conversational,0.44219154443485764,Perspective shift,P
gemma4_31b,gpqa,high,3,5495,Perspective_Shift,1011,0.18398544131028208,conversational,0.43728373702422146,Perspective shift,P
gemma4_31b,gpqa,high,4,5463,Perspective_Shift,1001,0.1832326560497895,conversational,0.4265019173412868,Perspective shift,P
gemma4_31b,gpqa,high,5,5573,Perspective_Shift,1046,0.1876906513547461,conversational,0.4084342053885201,Perspective shift,P
gemma4_31b,gpqa,high,6,5531,Perspective_Shift,1028,0.18586150786476224,conversational,0.4220032840722496,Perspective shift,P
gemma4_31b,gpqa,high,7,5503,Perspective_Shift,992,0.18026530983100128,conversational,0.4116182572614108,Perspective shift,P
gemma4_31b,gpqa,high,8,5537,Perspective_Shift,1042,0.18818854975618565,conversational,0.41332804442681476,Perspective shift,P
gemma4_31b,gpqa,high,9,5731,Perspective_Shift,903,0.1575641249345664,conversational,0.36993035641130684,Perspective shift,P
gemma4_31b,gpqa,low,0,3099,verification,309,0.09970958373668926,cognitive,0.4710365853658537,Verification,V
gemma4_31b,gpqa,low,1,3039,verification,475,0.15630141493912472,cognitive,0.5319148936170213,Verification,V
gemma4_31b,gpqa,low,2,3056,verification,520,0.17015706806282724,cognitive,0.5405405405405406,Verification,V
gemma4_31b,gpqa,low,3,3040,verification,510,0.16776315789473684,cognitive,0.5629139072847682,Verification,V
gemma4_31b,gpqa,low,4,3035,verification,550,0.1812191103789127,cognitive,0.5958829902491874,Verification,V
gemma4_31b,gpqa,low,5,3063,verification,575,0.18772445315050604,cognitive,0.594622543950362,Verification,V
gemma4_31b,gpqa,low,6,3050,verification,577,0.18918032786885247,cognitive,0.6054564533053515,Verification,V
gemma4_31b,gpqa,low,7,3046,verification,587,0.1927117531188444,cognitive,0.6298283261802575,Verification,V
gemma4_31b,gpqa,low,8,3049,verification,653,0.2141685798622499,cognitive,0.6576032225579054,Verification,V
gemma4_31b,gpqa,low,9,3111,verification,739,0.2375441980070717,cognitive,0.7223851417399805,Verification,V
gemma4_31b,gpqa,low,0,3099,Perspective_Shift,449,0.14488544691836075,conversational,0.4696652719665272,Perspective shift,P
gemma4_31b,gpqa,low,1,3039,Perspective_Shift,551,0.18130964132938468,conversational,0.4461538461538462,Perspective shift,P
gemma4_31b,gpqa,low,2,3056,Perspective_Shift,603,0.19731675392670156,conversational,0.4363241678726483,Perspective shift,P
gemma4_31b,gpqa,low,3,3040,Perspective_Shift,602,0.1980263157894737,conversational,0.45606060606060606,Perspective shift,P
gemma4_31b,gpqa,low,4,3035,Perspective_Shift,607,0.2,conversational,0.447310243183493,Perspective shift,P
gemma4_31b,gpqa,low,5,3063,Perspective_Shift,606,0.197845249755142,conversational,0.4563253012048193,Perspective shift,P
gemma4_31b,gpqa,low,6,3050,Perspective_Shift,587,0.19245901639344262,conversational,0.4423511680482291,Perspective shift,P
gemma4_31b,gpqa,low,7,3046,Perspective_Shift,567,0.1861457649376231,conversational,0.4471608832807571,Perspective shift,P
gemma4_31b,gpqa,low,8,3049,Perspective_Shift,549,0.18005903574942606,conversational,0.4134036144578313,Perspective shift,P
gemma4_31b,gpqa,low,9,3111,Perspective_Shift,512,0.164577306332369,conversational,0.38876233864844345,Perspective shift,P
gemma4_31b,idea,all,0,2111,subgoal,250,0.11842728564661298,cognitive,0.984251968503937,Subgoal setting,S
gemma4_31b,idea,all,1,1865,subgoal,566,0.303485254691689,cognitive,0.8191027496382055,Subgoal setting,S
gemma4_31b,idea,all,2,1918,verification,528,0.27528675703858185,cognitive,0.5432098765432098,Verification,V
gemma4_31b,idea,all,3,1860,verification,740,0.3978494623655914,cognitive,0.6630824372759857,Verification,V
gemma4_31b,idea,all,4,1801,verification,564,0.31315935591338145,cognitive,0.5743380855397149,Verification,V
gemma4_31b,idea,all,5,1981,backtracking,428,0.2160524987380111,cognitive,0.4597207303974221,Backtracking,B
gemma4_31b,idea,all,6,1904,backtracking,330,0.17331932773109243,cognitive,0.5221518987341772,Backtracking,B
gemma4_31b,idea,all,7,1874,verification,155,0.08271077908217717,cognitive,0.4223433242506812,Verification,V
gemma4_31b,idea,all,8,1909,verification,719,0.3766369827134625,cognitive,0.9101265822784811,Verification,V
gemma4_31b,idea,all,9,2162,verification,1008,0.4662349676225717,cognitive,0.8161943319838056,Verification,V
gemma4_31b,idea,all,0,2111,Perspective_Shift,151,0.07153008053055424,conversational,0.5968379446640317,Perspective shift,P
gemma4_31b,idea,all,1,1865,Perspective_Shift,1083,0.5806970509383378,conversational,0.7387448840381993,Perspective shift,P
gemma4_31b,idea,all,2,1918,Perspective_Shift,1079,0.5625651720542232,conversational,0.6496086694762191,Perspective shift,P
gemma4_31b,idea,all,3,1860,Perspective_Shift,907,0.4876344086021505,conversational,0.5700817096165933,Perspective shift,P
gemma4_31b,idea,all,4,1801,Perspective_Shift,890,0.49416990560799556,conversational,0.5917553191489362,Perspective shift,P
gemma4_31b,idea,all,5,1981,Perspective_Shift,945,0.47703180212014135,conversational,0.6124432922877511,Perspective shift,P
gemma4_31b,idea,all,6,1904,Perspective_Shift,643,0.33771008403361347,conversational,0.577717879604672,Perspective shift,P
gemma4_31b,idea,all,7,1874,Perspective_Shift,269,0.14354322305229456,conversational,0.4094368340943683,Perspective shift,P
gemma4_31b,idea,all,8,1909,Question_and_Answering,816,0.42744892613934,conversational,0.7771428571428572,Question–answer,Q
gemma4_31b,idea,all,9,2162,Question_and_Answering,1104,0.5106382978723404,conversational,0.8123620309050772,Question–answer,Q
gemma4_31b,idea,high,0,1686,subgoal,186,0.1103202846975089,cognitive,0.9893617021276596,Subgoal setting,S
gemma4_31b,idea,high,1,1491,subgoal,467,0.3132126089872569,cognitive,0.8250883392226148,Subgoal setting,S
gemma4_31b,idea,high,2,1535,verification,411,0.26775244299674267,cognitive,0.5472703062583223,Verification,V
gemma4_31b,idea,high,3,1486,verification,588,0.39569313593539707,cognitive,0.6674233825198639,Verification,V
gemma4_31b,idea,high,4,1440,verification,447,0.3104166666666667,cognitive,0.5730769230769232,Verification,V
gemma4_31b,idea,high,5,1581,backtracking,329,0.20809614168247945,cognitive,0.4482288828337875,Backtracking,B
gemma4_31b,idea,high,6,1525,backtracking,256,0.1678688524590164,cognitive,0.5150905432595573,Backtracking,B
gemma4_31b,idea,high,7,1496,verification,127,0.08489304812834225,cognitive,0.4471830985915493,Verification,V
gemma4_31b,idea,high,8,1530,verification,600,0.39215686274509803,cognitive,0.9146341463414634,Verification,V
gemma4_31b,idea,high,9,1727,verification,821,0.4753908511870295,cognitive,0.8185443668993021,Verification,V
gemma4_31b,idea,high,0,1686,Perspective_Shift,105,0.06227758007117438,conversational,0.5614973262032086,Perspective shift,P
gemma4_31b,idea,high,1,1491,Perspective_Shift,842,0.5647216633132126,conversational,0.7252368647717484,Perspective shift,P
gemma4_31b,idea,high,2,1535,Perspective_Shift,867,0.5648208469055375,conversational,0.654833836858006,Perspective shift,P
gemma4_31b,idea,high,3,1486,Perspective_Shift,718,0.4831763122476447,conversational,0.5671406003159558,Perspective shift,P
gemma4_31b,idea,high,4,1440,Perspective_Shift,711,0.49375,conversational,0.5920066611157369,Perspective shift,P
gemma4_31b,idea,high,5,1581,Perspective_Shift,744,0.47058823529411764,conversational,0.6108374384236454,Perspective shift,P
gemma4_31b,idea,high,6,1525,Perspective_Shift,503,0.3298360655737705,conversational,0.5696489241223104,Perspective shift,P
gemma4_31b,idea,high,7,1496,Perspective_Shift,202,0.13502673796791445,conversational,0.40480961923847697,Perspective shift,P
gemma4_31b,idea,high,8,1530,Question_and_Answering,678,0.44313725490196076,conversational,0.7811059907834101,Question–answer,Q
gemma4_31b,idea,high,9,1727,Question_and_Answering,912,0.5280833815865663,conversational,0.8268359020852221,Question–answer,Q
gemma4_31b,idea,low,0,425,subgoal,64,0.15058823529411763,cognitive,0.9696969696969697,Subgoal setting,S
gemma4_31b,idea,low,1,374,subgoal,99,0.2647058823529412,cognitive,0.792,Subgoal setting,S
gemma4_31b,idea,low,2,383,verification,117,0.30548302872062666,cognitive,0.5294117647058824,Verification,V
gemma4_31b,idea,low,3,374,verification,152,0.40641711229946526,cognitive,0.6468085106382978,Verification,V
gemma4_31b,idea,low,4,361,verification,117,0.32409972299168976,cognitive,0.5792079207920793,Verification,V
gemma4_31b,idea,low,5,400,backtracking,99,0.2475,cognitive,0.5025380710659898,Backtracking,B
gemma4_31b,idea,low,6,379,backtracking,74,0.19525065963060687,cognitive,0.5481481481481482,Backtracking,B
gemma4_31b,idea,low,7,378,backtracking,38,0.10052910052910052,cognitive,0.4578313253012048,Backtracking,B
gemma4_31b,idea,low,8,379,verification,119,0.31398416886543534,cognitive,0.8880597014925373,Verification,V
gemma4_31b,idea,low,9,435,verification,187,0.4298850574712644,cognitive,0.8060344827586207,Verification,V
gemma4_31b,idea,low,0,425,Perspective_Shift,46,0.10823529411764705,conversational,0.696969696969697,Perspective shift,P
gemma4_31b,idea,low,1,374,Perspective_Shift,241,0.6443850267379679,conversational,0.7901639344262295,Perspective shift,P
gemma4_31b,idea,low,2,383,Perspective_Shift,212,0.5535248041775457,conversational,0.629080118694362,Perspective shift,P
gemma4_31b,idea,low,3,374,Perspective_Shift,189,0.5053475935828877,conversational,0.5815384615384616,Perspective shift,P
gemma4_31b,idea,low,4,361,Perspective_Shift,179,0.49584487534626037,conversational,0.5907590759075908,Perspective shift,P
gemma4_31b,idea,low,5,400,Perspective_Shift,201,0.5025,conversational,0.6184615384615384,Perspective shift,P
gemma4_31b,idea,low,6,379,Perspective_Shift,140,0.36939313984168864,conversational,0.608695652173913,Perspective shift,P
gemma4_31b,idea,low,7,378,Perspective_Shift,67,0.17724867724867724,conversational,0.4240506329113924,Perspective shift,P
gemma4_31b,idea,low,8,379,Question_and_Answering,138,0.3641160949868074,conversational,0.7582417582417583,Question–answer,Q
gemma4_31b,idea,low,9,435,Question_and_Answering,192,0.4413793103448276,conversational,0.75,Question–answer,Q
gemma4_31b,math,all,0,2472,subgoal,162,0.06553398058252427,cognitive,0.5294117647058824,Subgoal setting,S
gemma4_31b,math,all,1,2216,subgoal,182,0.08212996389891697,cognitive,0.42129629629629634,Subgoal setting,S
gemma4_31b,math,all,2,2267,verification,250,0.11027790030877813,cognitive,0.5050505050505051,Verification,V
gemma4_31b,math,all,3,2207,verification,323,0.1463525147258722,cognitive,0.5757575757575757,Verification,V
gemma4_31b,math,all,4,2175,verification,344,0.15816091954022987,cognitive,0.6552380952380952,Verification,V
gemma4_31b,math,all,5,2324,verification,418,0.17986230636833048,cognitive,0.7133105802047782,Verification,V
gemma4_31b,math,all,6,2255,verification,478,0.21197339246119734,cognitive,0.7433903576982892,Verification,V
gemma4_31b,math,all,7,2219,verification,555,0.2501126633618747,cognitive,0.7894736842105263,Verification,V
gemma4_31b,math,all,8,2264,verification,661,0.2919611307420495,cognitive,0.8231631382316313,Verification,V
gemma4_31b,math,all,9,2527,verification,831,0.32884843688167786,cognitive,0.8638253638253638,Verification,V
gemma4_31b,math,all,0,2472,Perspective_Shift,172,0.06957928802588997,conversational,0.46612466124661245,Perspective shift,P
gemma4_31b,math,all,1,2216,Perspective_Shift,230,0.10379061371841156,conversational,0.48625792811839325,Perspective shift,P
gemma4_31b,math,all,2,2267,Perspective_Shift,252,0.11116012351124835,conversational,0.45901639344262296,Perspective shift,P
gemma4_31b,math,all,3,2207,Perspective_Shift,241,0.10919800634345266,conversational,0.41056218057921634,Perspective shift,P
gemma4_31b,math,all,4,2175,Perspective_Shift,248,0.11402298850574713,conversational,0.3980738362760835,Perspective shift,P
gemma4_31b,math,all,5,2324,Perspective_Shift,284,0.12220309810671257,conversational,0.42011834319526625,Perspective shift,P
gemma4_31b,math,all,6,2255,Perspective_Shift,285,0.12638580931263857,conversational,0.4222222222222222,Perspective shift,P
gemma4_31b,math,all,7,2219,Perspective_Shift,321,0.14465975664713834,conversational,0.45531914893617015,Perspective shift,P
gemma4_31b,math,all,8,2264,Perspective_Shift,326,0.1439929328621908,conversational,0.4399460188933873,Perspective shift,P
gemma4_31b,math,all,9,2527,Perspective_Shift,279,0.11040759794222398,conversational,0.35861182519280205,Perspective shift,P
gemma4_31b,math,high,0,1320,subgoal,76,0.05757575757575758,cognitive,0.5205479452054794,Subgoal setting,S
gemma4_31b,math,high,1,1197,verification,96,0.08020050125313283,cognitive,0.44036697247706424,Verification,V
gemma4_31b,math,high,2,1219,verification,129,0.10582444626743231,cognitive,0.5222672064777328,Verification,V
gemma4_31b,math,high,3,1206,verification,175,0.1451077943615257,cognitive,0.5833333333333334,Verification,V
gemma4_31b,math,high,4,1172,verification,187,0.15955631399317405,cognitive,0.6977611940298507,Verification,V
gemma4_31b,math,high,5,1247,verification,231,0.18524458700882118,cognitive,0.7403846153846154,Verification,V
gemma4_31b,math,high,6,1224,verification,250,0.2042483660130719,cognitive,0.7836990595611285,Verification,V
gemma4_31b,math,high,7,1201,verification,316,0.2631140716069942,cognitive,0.8426666666666667,Verification,V
gemma4_31b,math,high,8,1215,verification,374,0.30781893004115224,cognitive,0.8657407407407408,Verification,V
gemma4_31b,math,high,9,1350,verification,428,0.31703703703703706,cognitive,0.884297520661157,Verification,V
gemma4_31b,math,high,0,1320,Perspective_Shift,91,0.06893939393939394,conversational,0.47150259067357514,Perspective shift,P
gemma4_31b,math,high,1,1197,Perspective_Shift,116,0.09690893901420217,conversational,0.46774193548387094,Perspective shift,P
gemma4_31b,math,high,2,1219,Perspective_Shift,129,0.10582444626743231,conversational,0.4640287769784172,Perspective shift,P
gemma4_31b,math,high,3,1206,Perspective_Shift,133,0.11028192371475953,conversational,0.42765273311897106,Perspective shift,P
gemma4_31b,math,high,4,1172,Perspective_Shift,137,0.11689419795221843,conversational,0.4151515151515151,Perspective shift,P
gemma4_31b,math,high,5,1247,Perspective_Shift,157,0.12590216519647154,conversational,0.4422535211267606,Perspective shift,P
gemma4_31b,math,high,6,1224,Perspective_Shift,156,0.12745098039215685,conversational,0.43697478991596633,Perspective shift,P
gemma4_31b,math,high,7,1201,Perspective_Shift,167,0.13905079100749376,conversational,0.4575342465753425,Perspective shift,P
gemma4_31b,math,high,8,1215,Perspective_Shift,165,0.13580246913580246,conversational,0.4263565891472868,Perspective shift,P
gemma4_31b,math,high,9,1350,Perspective_Shift,138,0.10222222222222223,conversational,0.3660477453580902,Perspective shift,P
gemma4_31b,math,low,0,1152,subgoal,86,0.07465277777777778,cognitive,0.5375,Subgoal setting,S
gemma4_31b,math,low,1,1019,subgoal,91,0.08930323846908735,cognitive,0.42523364485981313,Subgoal setting,S
gemma4_31b,math,low,2,1048,verification,121,0.11545801526717557,cognitive,0.48790322580645157,Verification,V
gemma4_31b,math,low,3,1001,verification,148,0.14785214785214784,cognitive,0.5670498084291188,Verification,V
gemma4_31b,math,low,4,1003,verification,157,0.15653040877367896,cognitive,0.6108949416342412,Verification,V
gemma4_31b,math,low,5,1077,verification,187,0.17363045496750232,cognitive,0.6824817518248176,Verification,V
gemma4_31b,math,low,6,1031,verification,228,0.22114451988360814,cognitive,0.7037037037037037,Verification,V
gemma4_31b,math,low,7,1018,verification,239,0.23477406679764243,cognitive,0.7286585365853658,Verification,V
gemma4_31b,math,low,8,1049,verification,287,0.27359389895138225,cognitive,0.7735849056603773,Verification,V
gemma4_31b,math,low,9,1177,verification,403,0.34239592183517414,cognitive,0.8430962343096234,Verification,V
gemma4_31b,math,low,0,1152,Perspective_Shift,81,0.0703125,conversational,0.4602272727272727,Perspective shift,P
gemma4_31b,math,low,1,1019,Perspective_Shift,114,0.11187438665358194,conversational,0.5066666666666666,Perspective shift,P
gemma4_31b,math,low,2,1048,Perspective_Shift,123,0.11736641221374046,conversational,0.45387453874538747,Perspective shift,P
gemma4_31b,math,low,3,1001,Perspective_Shift,108,0.10789210789210789,conversational,0.391304347826087,Perspective shift,P
gemma4_31b,math,low,4,1003,Perspective_Shift,111,0.1106679960119641,conversational,0.37883959044368604,Perspective shift,P
gemma4_31b,math,low,5,1077,Perspective_Shift,127,0.11792014856081709,conversational,0.39563862928348914,Perspective shift,P
gemma4_31b,math,low,6,1031,Perspective_Shift,129,0.1251212415130941,conversational,0.4056603773584906,Perspective shift,P
gemma4_31b,math,low,7,1018,Perspective_Shift,154,0.1512770137524558,conversational,0.45294117647058824,Perspective shift,P
gemma4_31b,math,low,8,1049,Perspective_Shift,161,0.1534795042897998,conversational,0.4548022598870056,Perspective shift,P
gemma4_31b,math,low,9,1177,Perspective_Shift,141,0.11979609175870858,conversational,0.3516209476309227,Perspective shift,P
gemma4_31b,moral,all,0,2097,subgoal,225,0.1072961373390558,cognitive,0.986842105263158,Subgoal setting,S
gemma4_31b,moral,all,1,1861,subgoal,319,0.17141321869962386,cognitive,0.9845679012345678,Subgoal setting,S
gemma4_31b,moral,all,2,1918,subgoal,405,0.21115745568300312,cognitive,0.9830097087378641,Subgoal setting,S
gemma4_31b,moral,all,3,1841,subgoal,385,0.20912547528517111,cognitive,0.9697732997481108,Subgoal setting,S
gemma4_31b,moral,all,4,1821,subgoal,323,0.17737506864360242,cognitive,0.9228571428571428,Subgoal setting,S
gemma4_31b,moral,all,5,1953,subgoal,423,0.21658986175115208,cognitive,0.9420935412026726,Subgoal setting,S
gemma4_31b,moral,all,6,1893,subgoal,489,0.2583201267828843,cognitive,0.9385796545105566,Subgoal setting,S
gemma4_31b,moral,all,7,1866,subgoal,574,0.30760986066452306,cognitive,0.9487603305785125,Subgoal setting,S
gemma4_31b,moral,all,8,1913,subgoal,733,0.3831677992681652,cognitive,0.8971848225214197,Subgoal setting,S
gemma4_31b,moral,all,9,2147,subgoal,934,0.4350256171401956,cognitive,0.8696461824953445,Subgoal setting,S
gemma4_31b,moral,all,0,2097,Perspective_Shift,140,0.06676204101096805,conversational,0.7909604519774012,Perspective shift,P
gemma4_31b,moral,all,1,1861,Perspective_Shift,669,0.35948414830736164,conversational,0.7935943060498221,Perspective shift,P
gemma4_31b,moral,all,2,1918,Perspective_Shift,880,0.45881126173096975,conversational,0.7290803645401823,Perspective shift,P
gemma4_31b,moral,all,3,1841,Perspective_Shift,748,0.40630092341118956,conversational,0.6476190476190476,Perspective shift,P
gemma4_31b,moral,all,4,1821,Perspective_Shift,664,0.3646348160351455,conversational,0.578397212543554,Perspective shift,P
gemma4_31b,moral,all,5,1953,Perspective_Shift,762,0.3901689708141321,conversational,0.627677100494234,Perspective shift,P
gemma4_31b,moral,all,6,1893,Perspective_Shift,669,0.35340729001584786,conversational,0.5878734622144113,Perspective shift,P
gemma4_31b,moral,all,7,1866,Perspective_Shift,654,0.3504823151125402,conversational,0.6282420749279539,Perspective shift,P
gemma4_31b,moral,all,8,1913,Perspective_Shift,632,0.3303711447987454,conversational,0.5990521327014219,Perspective shift,P
gemma4_31b,moral,all,9,2147,Perspective_Shift,539,0.2510479739170936,conversational,0.43397745571658614,Perspective shift,P
gemma4_31b,moral,high,0,1074,subgoal,126,0.11731843575418995,cognitive,0.9767441860465117,Subgoal setting,S
gemma4_31b,moral,high,1,948,subgoal,151,0.15928270042194093,cognitive,0.967948717948718,Subgoal setting,S
gemma4_31b,moral,high,2,980,subgoal,205,0.20918367346938777,cognitive,0.9761904761904762,Subgoal setting,S
gemma4_31b,moral,high,3,938,subgoal,201,0.21428571428571427,cognitive,0.9571428571428572,Subgoal setting,S
gemma4_31b,moral,high,4,937,subgoal,168,0.17929562433297758,cognitive,0.8983957219251337,Subgoal setting,S
gemma4_31b,moral,high,5,997,subgoal,218,0.21865596790371114,cognitive,0.9519650655021834,Subgoal setting,S
gemma4_31b,moral,high,6,965,subgoal,254,0.2632124352331606,cognitive,0.9407407407407408,Subgoal setting,S
gemma4_31b,moral,high,7,953,subgoal,284,0.29800629590766003,cognitive,0.9498327759197324,Subgoal setting,S
gemma4_31b,moral,high,8,975,subgoal,369,0.37846153846153846,cognitive,0.9225,Subgoal setting,S
gemma4_31b,moral,high,9,1104,subgoal,492,0.44565217391304346,cognitive,0.917910447761194,Subgoal setting,S
gemma4_31b,moral,high,0,1074,Perspective_Shift,81,0.07541899441340782,conversational,0.7941176470588236,Perspective shift,P
gemma4_31b,moral,high,1,948,Perspective_Shift,325,0.34282700421940926,conversational,0.7756563245823389,Perspective shift,P
gemma4_31b,moral,high,2,980,Perspective_Shift,449,0.45816326530612245,conversational,0.7059748427672956,Perspective shift,P
gemma4_31b,moral,high,3,938,Perspective_Shift,378,0.40298507462686567,conversational,0.6186579378068741,Perspective shift,P
gemma4_31b,moral,high,4,937,Perspective_Shift,351,0.37459978655282816,conversational,0.5889261744966443,Perspective shift,P
gemma4_31b,moral,high,5,997,Perspective_Shift,401,0.40220661985957873,conversational,0.6617161716171618,Perspective shift,P
gemma4_31b,moral,high,6,965,Perspective_Shift,342,0.3544041450777202,conversational,0.6107142857142858,Perspective shift,P
gemma4_31b,moral,high,7,953,Perspective_Shift,320,0.3357817418677859,conversational,0.6142034548944338,Perspective shift,P
gemma4_31b,moral,high,8,975,Perspective_Shift,304,0.3117948717948718,conversational,0.6104417670682731,Perspective shift,P
gemma4_31b,moral,high,9,1104,Perspective_Shift,263,0.23822463768115942,conversational,0.4472789115646259,Perspective shift,P
gemma4_31b,moral,low,0,1023,subgoal,99,0.0967741935483871,cognitive,1.0,Subgoal setting,S
gemma4_31b,moral,low,1,913,subgoal,168,0.18400876232201532,cognitive,1.0,Subgoal setting,S
gemma4_31b,moral,low,2,938,subgoal,200,0.21321961620469082,cognitive,0.9900990099009901,Subgoal setting,S
gemma4_31b,moral,low,3,903,subgoal,184,0.20376522702104097,cognitive,0.983957219251337,Subgoal setting,S
gemma4_31b,moral,low,4,884,subgoal,155,0.1753393665158371,cognitive,0.9509202453987731,Subgoal setting,S
gemma4_31b,moral,low,5,956,subgoal,205,0.21443514644351463,cognitive,0.9318181818181818,Subgoal setting,S
gemma4_31b,moral,low,6,928,subgoal,235,0.25323275862068967,cognitive,0.9362549800796813,Subgoal setting,S
gemma4_31b,moral,low,7,913,subgoal,290,0.3176341730558598,cognitive,0.9477124183006537,Subgoal setting,S
gemma4_31b,moral,low,8,938,subgoal,364,0.3880597014925373,cognitive,0.8729016786570744,Subgoal setting,S
gemma4_31b,moral,low,9,1043,subgoal,442,0.42377756471716205,cognitive,0.8215613382899628,Subgoal setting,S
gemma4_31b,moral,low,0,1023,Perspective_Shift,59,0.05767350928641251,conversational,0.7866666666666666,Perspective shift,P
gemma4_31b,moral,low,1,913,Perspective_Shift,344,0.37677984665936476,conversational,0.8113207547169812,Perspective shift,P
gemma4_31b,moral,low,2,938,Perspective_Shift,431,0.4594882729211087,conversational,0.7548161120840631,Perspective shift,P
gemma4_31b,moral,low,3,903,Perspective_Shift,370,0.4097452934662237,conversational,0.6801470588235293,Perspective shift,P
gemma4_31b,moral,low,4,884,Perspective_Shift,313,0.35407239819004527,conversational,0.5670289855072465,Perspective shift,P
gemma4_31b,moral,low,5,956,Perspective_Shift,361,0.3776150627615063,conversational,0.59375,Perspective shift,P
gemma4_31b,moral,low,6,928,Perspective_Shift,327,0.35237068965517243,conversational,0.5657439446366783,Perspective shift,P
gemma4_31b,moral,low,7,913,Perspective_Shift,334,0.3658269441401972,conversational,0.6423076923076924,Perspective shift,P
gemma4_31b,moral,low,8,938,Perspective_Shift,328,0.34968017057569295,conversational,0.5888689407540394,Perspective shift,P
gemma4_31b,moral,low,9,1043,Perspective_Shift,276,0.26462128475551294,conversational,0.4220183486238533,Perspective shift,P
gemma4_31b,planning,all,0,7619,verification,874,0.11471321695760599,cognitive,0.6278735632183908,Verification,V
gemma4_31b,planning,all,1,7357,verification,1534,0.2085089030854968,cognitive,0.7020594965675057,Verification,V
gemma4_31b,planning,all,2,7423,verification,1712,0.23063451434729892,cognitive,0.755849889624724,Verification,V
gemma4_31b,planning,all,3,7334,verification,1815,0.2474775020452686,cognitive,0.795006570302234,Verification,V
gemma4_31b,planning,all,4,7318,verification,1902,0.25990707843673133,cognitive,0.8464619492656875,Verification,V
gemma4_31b,planning,all,5,7464,verification,2047,0.2742497320471597,cognitive,0.8564853556485356,Verification,V
gemma4_31b,planning,all,6,7409,verification,2088,0.28181940882710216,cognitive,0.8710888610763454,Verification,V
gemma4_31b,planning,all,7,7368,verification,2242,0.30428881650380024,cognitive,0.8925159235668789,Verification,V
gemma4_31b,planning,all,8,7412,verification,2408,0.3248785752833243,cognitive,0.8839941262848752,Verification,V
gemma4_31b,planning,all,9,7657,verification,2963,0.38696617474206607,cognitive,0.9279674287503915,Verification,V
gemma4_31b,planning,all,0,7619,Perspective_Shift,580,0.07612547578422366,conversational,0.3874415497661991,Perspective shift,P
gemma4_31b,planning,all,1,7357,Question_and_Answering,1034,0.14054641837705587,conversational,0.45570736007051565,Question–answer,Q
gemma4_31b,planning,all,2,7423,Question_and_Answering,1208,0.16273743769365487,conversational,0.4833933573429372,Question–answer,Q
gemma4_31b,planning,all,3,7334,Question_and_Answering,1194,0.16280338151077176,conversational,0.4877450980392157,Question–answer,Q
gemma4_31b,planning,all,4,7318,Question_and_Answering,1152,0.1574200601257174,conversational,0.45569620253164556,Question–answer,Q
gemma4_31b,planning,all,5,7464,Question_and_Answering,1181,0.15822615219721328,conversational,0.44001490312965724,Question–answer,Q
gemma4_31b,planning,all,6,7409,Question_and_Answering,1097,0.14806316641921988,conversational,0.41934250764525993,Question–answer,Q
gemma4_31b,planning,all,7,7368,Question_and_Answering,1048,0.14223669923995658,conversational,0.4052590873936581,Question–answer,Q
gemma4_31b,planning,all,8,7412,Perspective_Shift,1042,0.14058283864004317,conversational,0.41797031688728437,Perspective shift,P
gemma4_31b,planning,all,9,7657,Question_and_Answering,937,0.12237168603891864,conversational,0.35411942554799697,Question–answer,Q
gemma4_31b,planning,high,0,6694,verification,734,0.1096504332237825,cognitive,0.6041152263374485,Verification,V
gemma4_31b,planning,high,1,6445,verification,1279,0.19844840961986035,cognitive,0.6763617133791644,Verification,V
gemma4_31b,planning,high,2,6507,verification,1451,0.22299062548025203,cognitive,0.7380467955239064,Verification,V
gemma4_31b,planning,high,3,6443,verification,1597,0.24786590097780536,cognitive,0.788641975308642,Verification,V
gemma4_31b,planning,high,4,6413,verification,1629,0.25401528145953534,cognitive,0.838394235717962,Verification,V
gemma4_31b,planning,high,5,6544,verification,1769,0.2703239608801956,cognitive,0.8537644787644788,Verification,V
gemma4_31b,planning,high,6,6496,verification,1818,0.27986453201970446,cognitive,0.8653022370299858,Verification,V
gemma4_31b,planning,high,7,6454,verification,1982,0.30709637434149367,cognitive,0.8923908149482216,Verification,V
gemma4_31b,planning,high,8,6498,verification,2181,0.33564173591874424,cognitive,0.884787018255578,Verification,V
gemma4_31b,planning,high,9,6729,verification,2648,0.3935205825531283,cognitive,0.9249039469088369,Verification,V
gemma4_31b,planning,high,0,6694,Perspective_Shift,515,0.07693456827009262,conversational,0.4051927616050354,Perspective shift,P
gemma4_31b,planning,high,1,6445,Question_and_Answering,887,0.13762606671838634,conversational,0.45116988809766023,Question–answer,Q
gemma4_31b,planning,high,2,6507,Question_and_Answering,1104,0.16966343937298295,conversational,0.49707339036470055,Question–answer,Q
gemma4_31b,planning,high,3,6443,Question_and_Answering,1113,0.1727456153965544,conversational,0.4997754827121688,Question–answer,Q
gemma4_31b,planning,high,4,6413,Question_and_Answering,1069,0.1666926555434274,conversational,0.4778721502011623,Question–answer,Q
gemma4_31b,planning,high,5,6544,Question_and_Answering,1084,0.1656479217603912,conversational,0.4577702702702703,Question–answer,Q
gemma4_31b,planning,high,6,6496,Question_and_Answering,1014,0.1560960591133005,conversational,0.4372574385510996,Question–answer,Q
gemma4_31b,planning,high,7,6454,Question_and_Answering,938,0.14533622559652928,conversational,0.4161490683229814,Question–answer,Q
gemma4_31b,planning,high,8,6498,Perspective_Shift,913,0.1405047706986765,conversational,0.4118177717636446,Perspective shift,P
gemma4_31b,planning,high,9,6729,Question_and_Answering,854,0.12691336008322188,conversational,0.3669961323592608,Question–answer,Q
gemma4_31b,planning,low,0,925,verification,140,0.15135135135135136,cognitive,0.7909604519774011,Verification,V
gemma4_31b,planning,low,1,912,verification,255,0.27960526315789475,cognitive,0.8673469387755103,Verification,V
gemma4_31b,planning,low,2,916,verification,261,0.2849344978165939,cognitive,0.8729096989966556,Verification,V
gemma4_31b,planning,low,3,891,verification,218,0.244668911335578,cognitive,0.8449612403100775,Verification,V
gemma4_31b,planning,low,4,905,verification,273,0.30165745856353593,cognitive,0.8980263157894737,Verification,V
gemma4_31b,planning,low,5,920,verification,278,0.30217391304347824,cognitive,0.8742138364779873,Verification,V
gemma4_31b,planning,low,6,913,verification,270,0.29572836801752467,cognitive,0.9121621621621622,Verification,V
gemma4_31b,planning,low,7,914,verification,260,0.2844638949671772,cognitive,0.8934707903780069,Verification,V
gemma4_31b,planning,low,8,914,verification,227,0.24835886214442013,cognitive,0.8764478764478765,Verification,V
gemma4_31b,planning,low,9,928,verification,315,0.3394396551724138,cognitive,0.9545454545454545,Verification,V
gemma4_31b,planning,low,0,925,Question_and_Answering,107,0.11567567567567567,conversational,0.47345132743362833,Question–answer,Q
gemma4_31b,planning,low,1,912,Question_and_Answering,147,0.1611842105263158,conversational,0.48514851485148514,Question–answer,Q
gemma4_31b,planning,low,2,916,Perspective_Shift,113,0.12336244541484716,conversational,0.4064748201438849,Perspective shift,P
gemma4_31b,planning,low,3,891,Perspective_Shift,95,0.10662177328843996,conversational,0.42986425339366513,Perspective shift,P
gemma4_31b,planning,low,4,905,Perspective_Shift,130,0.143646408839779,conversational,0.44673539518900346,Perspective shift,P
gemma4_31b,planning,low,5,920,Perspective_Shift,144,0.1565217391304348,conversational,0.4556962025316456,Perspective shift,P
gemma4_31b,planning,low,6,913,Perspective_Shift,129,0.14129244249726178,conversational,0.43434343434343436,Perspective shift,P
gemma4_31b,planning,low,7,914,Perspective_Shift,148,0.16192560175054704,conversational,0.4457831325301205,Perspective shift,P
gemma4_31b,planning,low,8,914,Perspective_Shift,129,0.14113785557986872,conversational,0.4673913043478261,Perspective shift,P
gemma4_31b,planning,low,9,928,Perspective_Shift,137,0.1476293103448276,conversational,0.4294670846394984,Perspective shift,P
gemma4_31b,safety,all,0,496,subgoal,22,0.04435483870967742,cognitive,1.0,Subgoal setting,S
gemma4_31b,safety,all,1,376,subgoal,5,0.013297872340425532,cognitive,0.625,Subgoal setting,S
gemma4_31b,safety,all,2,406,subgoal,6,0.014778325123152709,cognitive,0.75,Subgoal setting,S
gemma4_31b,safety,all,3,362,subgoal,21,0.058011049723756904,cognitive,0.875,Subgoal setting,S
gemma4_31b,safety,all,4,336,subgoal,27,0.08035714285714286,cognitive,0.9,Subgoal setting,S
gemma4_31b,safety,all,5,412,subgoal,43,0.10436893203883495,cognitive,0.8269230769230769,Subgoal setting,S
gemma4_31b,safety,all,6,401,subgoal,43,0.10723192019950124,cognitive,0.7288135593220338,Subgoal setting,S
gemma4_31b,safety,all,7,367,subgoal,40,0.10899182561307902,cognitive,0.634920634920635,Subgoal setting,S
gemma4_31b,safety,all,8,415,subgoal,45,0.10843373493975904,cognitive,0.6,Subgoal setting,S
gemma4_31b,safety,all,9,534,subgoal,66,0.12359550561797752,cognitive,0.7951807228915663,Subgoal setting,S
gemma4_31b,safety,all,0,496,Perspective_Shift,11,0.02217741935483871,conversational,0.6875,Perspective shift,P
gemma4_31b,safety,all,1,376,Perspective_Shift,50,0.13297872340425532,conversational,0.5434782608695652,Perspective shift,P
gemma4_31b,safety,all,2,406,Perspective_Shift,93,0.229064039408867,conversational,0.6992481203007519,Perspective shift,P
gemma4_31b,safety,all,3,362,Perspective_Shift,94,0.2596685082872928,conversational,0.7642276422764227,Perspective shift,P
gemma4_31b,safety,all,4,336,Perspective_Shift,75,0.22321428571428573,conversational,0.8241758241758241,Perspective shift,P
gemma4_31b,safety,all,5,412,Perspective_Shift,100,0.24271844660194175,conversational,0.7874015748031497,Perspective shift,P
gemma4_31b,safety,all,6,401,Perspective_Shift,125,0.3117206982543641,conversational,0.8445945945945945,Perspective shift,P
gemma4_31b,safety,all,7,367,Perspective_Shift,110,0.2997275204359673,conversational,0.7913669064748201,Perspective shift,P
gemma4_31b,safety,all,8,415,Perspective_Shift,99,0.2385542168674699,conversational,0.7443609022556391,Perspective shift,P
gemma4_31b,safety,all,9,534,Perspective_Shift,114,0.21348314606741572,conversational,0.7862068965517242,Perspective shift,P
gemma4_31b,safety,high,0,483,subgoal,22,0.045548654244306416,cognitive,1.0,Subgoal setting,S
gemma4_31b,safety,high,1,365,subgoal,5,0.0136986301369863,cognitive,0.625,Subgoal setting,S
gemma4_31b,safety,high,2,394,subgoal,5,0.012690355329949238,cognitive,0.7142857142857144,Subgoal setting,S
gemma4_31b,safety,high,3,351,subgoal,18,0.05128205128205128,cognitive,0.8571428571428572,Subgoal setting,S
gemma4_31b,safety,high,4,326,subgoal,24,0.0736196319018405,cognitive,0.8888888888888888,Subgoal setting,S
gemma4_31b,safety,high,5,399,subgoal,36,0.09022556390977443,cognitive,0.8,Subgoal setting,S
gemma4_31b,safety,high,6,390,subgoal,39,0.1,cognitive,0.7090909090909091,Subgoal setting,S
gemma4_31b,safety,high,7,355,subgoal,37,0.10422535211267606,cognitive,0.6271186440677966,Subgoal setting,S
gemma4_31b,safety,high,8,404,subgoal,41,0.10148514851485149,cognitive,0.6029411764705882,Subgoal setting,S
gemma4_31b,safety,high,9,521,subgoal,62,0.11900191938579655,cognitive,0.8051948051948052,Subgoal setting,S
gemma4_31b,safety,high,0,483,Perspective_Shift,9,0.018633540372670808,conversational,0.6428571428571429,Perspective shift,P
gemma4_31b,safety,high,1,365,Perspective_Shift,46,0.12602739726027398,conversational,0.5348837209302325,Perspective shift,P
gemma4_31b,safety,high,2,394,Perspective_Shift,87,0.22081218274111675,conversational,0.7073170731707317,Perspective shift,P
gemma4_31b,safety,high,3,351,Perspective_Shift,89,0.2535612535612536,conversational,0.7876106194690264,Perspective shift,P
gemma4_31b,safety,high,4,326,Perspective_Shift,67,0.20552147239263804,conversational,0.8170731707317074,Perspective shift,P
gemma4_31b,safety,high,5,399,Perspective_Shift,94,0.23558897243107768,conversational,0.8034188034188035,Perspective shift,P
gemma4_31b,safety,high,6,390,Perspective_Shift,120,0.3076923076923077,conversational,0.8391608391608392,Perspective shift,P
gemma4_31b,safety,high,7,355,Perspective_Shift,106,0.29859154929577464,conversational,0.8091603053435116,Perspective shift,P
gemma4_31b,safety,high,8,404,Perspective_Shift,95,0.23514851485148514,conversational,0.7480314960629921,Perspective shift,P
gemma4_31b,safety,high,9,521,Perspective_Shift,109,0.2092130518234165,conversational,0.7841726618705036,Perspective shift,P
gemma4_31b,safety,low,0,13,backtracking,0,0.0,cognitive,0.0,Backtracking,B
gemma4_31b,safety,low,1,11,backtracking,0,0.0,cognitive,0.0,Backtracking,B
gemma4_31b,safety,low,2,12,subgoal,1,0.08333333333333333,cognitive,1.0,Subgoal setting,S
gemma4_31b,safety,low,3,11,subgoal,3,0.2727272727272727,cognitive,1.0,Subgoal setting,S
gemma4_31b,safety,low,4,10,subgoal,3,0.3,cognitive,1.0,Subgoal setting,S
gemma4_31b,safety,low,5,13,subgoal,7,0.5384615384615384,cognitive,1.0,Subgoal setting,S
gemma4_31b,safety,low,6,11,subgoal,4,0.36363636363636365,cognitive,1.0,Subgoal setting,S
gemma4_31b,safety,low,7,12,subgoal,3,0.25,cognitive,0.75,Subgoal setting,S
gemma4_31b,safety,low,8,11,subgoal,4,0.36363636363636365,cognitive,0.5714285714285715,Subgoal setting,S
gemma4_31b,safety,low,9,13,subgoal,4,0.3076923076923077,cognitive,0.6666666666666666,Subgoal setting,S
gemma4_31b,safety,low,0,13,Perspective_Shift,2,0.15384615384615385,conversational,1.0,Perspective shift,P
gemma4_31b,safety,low,1,11,Perspective_Shift,4,0.36363636363636365,conversational,0.6666666666666667,Perspective shift,P
gemma4_31b,safety,low,2,12,Perspective_Shift,6,0.5,conversational,0.6,Perspective shift,P
gemma4_31b,safety,low,3,11,Perspective_Shift,5,0.45454545454545453,conversational,0.49999999999999994,Perspective shift,P
gemma4_31b,safety,low,4,10,Perspective_Shift,8,0.8,conversational,0.888888888888889,Perspective shift,P
gemma4_31b,safety,low,5,13,Perspective_Shift,6,0.46153846153846156,conversational,0.6,Perspective shift,P
gemma4_31b,safety,low,6,11,Perspective_Shift,5,0.45454545454545453,conversational,1.0,Perspective shift,P
gemma4_31b,safety,low,7,12,Perspective_Shift,4,0.3333333333333333,conversational,0.5,Perspective shift,P
gemma4_31b,safety,low,8,11,Perspective_Shift,4,0.36363636363636365,conversational,0.6666666666666667,Perspective shift,P
gemma4_31b,safety,low,9,13,Perspective_Shift,5,0.38461538461538464,conversational,0.8333333333333334,Perspective shift,P
gemma4_31b,security,all,0,6153,verification,450,0.07313505607020965,cognitive,0.4151291512915129,Verification,V
gemma4_31b,security,all,1,5893,verification,674,0.11437298489733583,cognitive,0.5277995301487862,Verification,V
gemma4_31b,security,all,2,5959,verification,796,0.13357945964087933,cognitive,0.5229960578186597,Verification,V
gemma4_31b,security,all,3,5904,verification,956,0.1619241192411924,cognitive,0.6151866151866152,Verification,V
gemma4_31b,security,all,4,5857,verification,983,0.16783336178931194,cognitive,0.601223241590214,Verification,V
gemma4_31b,security,all,5,5987,verification,1133,0.1892433606146651,cognitive,0.6534025374855824,Verification,V
gemma4_31b,security,all,6,5958,verification,1141,0.1915072171869755,cognitive,0.6751479289940828,Verification,V
gemma4_31b,security,all,7,5905,verification,1218,0.2062658763759526,cognitive,0.6916524701873936,Verification,V
gemma4_31b,security,all,8,5947,verification,1285,0.2160753321002186,cognitive,0.7146829810901002,Verification,V
gemma4_31b,security,all,9,6200,verification,1559,0.2514516129032258,cognitive,0.7466475095785441,Verification,V
gemma4_31b,security,all,0,6153,Perspective_Shift,582,0.09458800585080449,conversational,0.405857740585774,Perspective shift,P
gemma4_31b,security,all,1,5893,Perspective_Shift,878,0.14899032750721194,conversational,0.45752996352266806,Perspective shift,P
gemma4_31b,security,all,2,5959,Perspective_Shift,1010,0.1694915254237288,conversational,0.4665127020785219,Perspective shift,P
gemma4_31b,security,all,3,5904,Perspective_Shift,1014,0.1717479674796748,conversational,0.4606996819627442,Perspective shift,P
gemma4_31b,security,all,4,5857,Perspective_Shift,1022,0.1744920607819703,conversational,0.4518125552608311,Perspective shift,P
gemma4_31b,security,all,5,5987,Perspective_Shift,1093,0.18256221813930182,conversational,0.47708424268878213,Perspective shift,P
gemma4_31b,security,all,6,5958,Perspective_Shift,1049,0.1760657938905673,conversational,0.4568815331010453,Perspective shift,P
gemma4_31b,security,all,7,5905,Perspective_Shift,1052,0.1781541066892464,conversational,0.4628244610646723,Perspective shift,P
gemma4_31b,security,all,8,5947,Perspective_Shift,1078,0.18126786615100052,conversational,0.4589186888037463,Perspective shift,P
gemma4_31b,security,all,9,6200,Perspective_Shift,982,0.15838709677419355,conversational,0.41225860621326615,Perspective shift,P
gemma4_31b,security,high,0,4937,verification,364,0.07372898521369252,cognitive,0.4108352144469526,Verification,V
gemma4_31b,security,high,1,4717,verification,545,0.11553953784184863,cognitive,0.5322265625,Verification,V
gemma4_31b,security,high,2,4773,verification,645,0.13513513513513514,cognitive,0.5273916598528209,Verification,V
gemma4_31b,security,high,3,4727,verification,777,0.16437486778083352,cognitive,0.622097678142514,Verification,V
gemma4_31b,security,high,4,4691,verification,796,0.16968663397996162,cognitive,0.6053231939163497,Verification,V
gemma4_31b,security,high,5,4800,verification,934,0.19458333333333333,cognitive,0.6685755189692199,Verification,V
gemma4_31b,security,high,6,4770,verification,932,0.19538784067085954,cognitive,0.6878228782287823,Verification,V
gemma4_31b,security,high,7,4730,verification,1025,0.2167019027484144,cognitive,0.7068965517241379,Verification,V
gemma4_31b,security,high,8,4760,verification,1043,0.21911764705882353,cognitive,0.7263231197771588,Verification,V
gemma4_31b,security,high,9,4979,verification,1323,0.26571600723036753,cognitive,0.7625360230547551,Verification,V
gemma4_31b,security,high,0,4937,Perspective_Shift,442,0.08952805347376949,conversational,0.4003623188405797,Perspective shift,P
gemma4_31b,security,high,1,4717,Perspective_Shift,685,0.1452194191223235,conversational,0.4527428949107733,Perspective shift,P
gemma4_31b,security,high,2,4773,Perspective_Shift,792,0.16593337523570081,conversational,0.4703087885985748,Perspective shift,P
gemma4_31b,security,high,3,4727,Perspective_Shift,813,0.17199069177067908,conversational,0.46724137931034476,Perspective shift,P
gemma4_31b,security,high,4,4691,Perspective_Shift,812,0.17309742059262417,conversational,0.4506104328523862,Perspective shift,P
gemma4_31b,security,high,5,4800,Perspective_Shift,867,0.180625,conversational,0.47794928335170894,Perspective shift,P
gemma4_31b,security,high,6,4770,Perspective_Shift,829,0.17379454926624738,conversational,0.4567493112947658,Perspective shift,P
gemma4_31b,security,high,7,4730,Perspective_Shift,837,0.17695560253699788,conversational,0.4611570247933884,Perspective shift,P
gemma4_31b,security,high,8,4760,Perspective_Shift,854,0.17941176470588235,conversational,0.4613722312263641,Perspective shift,P
gemma4_31b,security,high,9,4979,Perspective_Shift,769,0.15444868447479412,conversational,0.401356993736952,Perspective shift,P
gemma4_31b,security,low,0,1170,verification,86,0.0735042735042735,cognitive,0.4343434343434343,Verification,V
gemma4_31b,security,low,1,1132,verification,129,0.11395759717314488,cognitive,0.5201612903225806,Verification,V
gemma4_31b,security,low,2,1142,verification,145,0.12697022767075306,cognitive,0.506993006993007,Verification,V
gemma4_31b,security,low,3,1133,verification,164,0.14474845542806708,cognitive,0.5734265734265734,Verification,V
gemma4_31b,security,low,4,1123,verification,181,0.1611754229741763,cognitive,0.5876623376623376,Verification,V
gemma4_31b,security,low,5,1143,verification,194,0.16972878390201224,cognitive,0.5932721712538226,Verification,V
gemma4_31b,security,low,6,1144,verification,198,0.17307692307692307,cognitive,0.6149068322981367,Verification,V
gemma4_31b,security,low,7,1131,verification,182,0.16091954022988506,cognitive,0.6066666666666666,Verification,V
gemma4_31b,security,low,8,1143,verification,234,0.2047244094488189,cognitive,0.6647727272727273,Verification,V
gemma4_31b,security,low,9,1175,verification,223,0.18978723404255318,cognitive,0.6597633136094675,Verification,V
gemma4_31b,security,low,0,1170,Perspective_Shift,137,0.1170940170940171,conversational,0.42153846153846153,Perspective shift,P
gemma4_31b,security,low,1,1132,Perspective_Shift,188,0.16607773851590105,conversational,0.47355163727959704,Perspective shift,P
gemma4_31b,security,low,2,1142,Perspective_Shift,210,0.18388791593695272,conversational,0.4516129032258065,Perspective shift,P
gemma4_31b,security,low,3,1133,Perspective_Shift,190,0.1676963812886143,conversational,0.4337899543378995,Perspective shift,P
gemma4_31b,security,low,4,1123,Perspective_Shift,203,0.18076580587711488,conversational,0.4572072072072072,Perspective shift,P
gemma4_31b,security,low,5,1143,Perspective_Shift,221,0.19335083114610674,conversational,0.4752688172043011,Perspective shift,P
gemma4_31b,security,low,6,1144,Perspective_Shift,214,0.18706293706293706,conversational,0.4632034632034632,Perspective shift,P
gemma4_31b,security,low,7,1131,Perspective_Shift,209,0.1847922192749779,conversational,0.4739229024943311,Perspective shift,P
gemma4_31b,security,low,8,1143,Perspective_Shift,218,0.19072615923009623,conversational,0.4448979591836734,Perspective shift,P
gemma4_31b,security,low,9,1175,Perspective_Shift,206,0.1753191489361702,conversational,0.4547461368653421,Perspective shift,P
gemma4_e4b,code,all,0,5765,subgoal,481,0.08343451864700781,cognitive,0.6971014492753623,Subgoal setting,S
gemma4_e4b,code,all,1,5679,subgoal,457,0.08047191406937841,cognitive,0.5016465422612514,Subgoal setting,S
gemma4_e4b,code,all,2,5702,subgoal,441,0.07734128376008419,cognitive,0.46666666666666673,Subgoal setting,S
gemma4_e4b,code,all,3,5670,subgoal,414,0.07301587301587302,cognitive,0.4836448598130841,Subgoal setting,S
gemma4_e4b,code,all,4,5671,subgoal,407,0.07176864750484924,cognitive,0.4362272240085745,Subgoal setting,S
gemma4_e4b,code,all,5,5703,verification,400,0.07013852358407856,cognitive,0.4608294930875576,Verification,V
gemma4_e4b,code,all,6,5698,verification,492,0.08634608634608634,cognitive,0.5093167701863355,Verification,V
gemma4_e4b,code,all,7,5674,verification,470,0.08283397955586888,cognitive,0.48205128205128206,Verification,V
gemma4_e4b,code,all,8,5707,verification,544,0.09532153495707027,cognitive,0.5235803657362849,Verification,V
gemma4_e4b,code,all,9,5777,verification,612,0.10593733771853904,cognitive,0.5134228187919463,Verification,V
gemma4_e4b,code,all,0,5765,Perspective_Shift,657,0.1139635732870772,conversational,0.7251655629139073,Perspective shift,P
gemma4_e4b,code,all,1,5679,Perspective_Shift,594,0.1045958795562599,conversational,0.5904572564612326,Perspective shift,P
gemma4_e4b,code,all,2,5702,Perspective_Shift,560,0.09821115398105927,conversational,0.6100217864923747,Perspective shift,P
gemma4_e4b,code,all,3,5670,Perspective_Shift,496,0.08747795414462081,conversational,0.5821596244131455,Perspective shift,P
gemma4_e4b,code,all,4,5671,Perspective_Shift,510,0.08993122906013049,conversational,0.584862385321101,Perspective shift,P
gemma4_e4b,code,all,5,5703,Perspective_Shift,518,0.09082938804138173,conversational,0.5853107344632769,Perspective shift,P
gemma4_e4b,code,all,6,5698,Perspective_Shift,470,0.08248508248508249,conversational,0.5522914218566392,Perspective shift,P
gemma4_e4b,code,all,7,5674,Perspective_Shift,471,0.08301022206556222,conversational,0.5814814814814815,Perspective shift,P
gemma4_e4b,code,all,8,5707,Perspective_Shift,471,0.0825302260381987,conversational,0.5470383275261324,Perspective shift,P
gemma4_e4b,code,all,9,5777,Perspective_Shift,485,0.08395360913969188,conversational,0.5600461893764433,Perspective shift,P
gemma4_e4b,code,high,0,1891,subgoal,170,0.0898995240613432,cognitive,0.7488986784140969,Subgoal setting,S
gemma4_e4b,code,high,1,1840,subgoal,166,0.09021739130434783,cognitive,0.5533333333333333,Subgoal setting,S
gemma4_e4b,code,high,2,1856,subgoal,144,0.07758620689655173,cognitive,0.4832214765100671,Subgoal setting,S
gemma4_e4b,code,high,3,1841,subgoal,139,0.0755024443237371,cognitive,0.5186567164179104,Subgoal setting,S
gemma4_e4b,code,high,4,1838,verification,134,0.07290533188248095,cognitive,0.4668989547038327,Verification,V
gemma4_e4b,code,high,5,1854,verification,178,0.09600862998921252,cognitive,0.5816993464052287,Verification,V
gemma4_e4b,code,high,6,1857,verification,192,0.10339256865912763,cognitive,0.6597938144329897,Verification,V
gemma4_e4b,code,high,7,1840,verification,191,0.10380434782608695,cognitive,0.6409395973154363,Verification,V
gemma4_e4b,code,high,8,1856,verification,222,0.11961206896551724,cognitive,0.6235955056179776,Verification,V
gemma4_e4b,code,high,9,1895,verification,224,0.11820580474934037,cognitive,0.6292134831460674,Verification,V
gemma4_e4b,code,high,0,1891,Perspective_Shift,208,0.10999471179270227,conversational,0.7703703703703704,Perspective shift,P
gemma4_e4b,code,high,1,1840,Perspective_Shift,179,0.09728260869565217,conversational,0.5986622073578596,Perspective shift,P
gemma4_e4b,code,high,2,1856,Perspective_Shift,158,0.08512931034482758,conversational,0.6196078431372549,Perspective shift,P
gemma4_e4b,code,high,3,1841,Perspective_Shift,141,0.07658881042911461,conversational,0.6714285714285714,Perspective shift,P
gemma4_e4b,code,high,4,1838,Perspective_Shift,147,0.07997823721436344,conversational,0.6504424778761062,Perspective shift,P
gemma4_e4b,code,high,5,1854,Perspective_Shift,138,0.0744336569579288,conversational,0.6540284360189573,Perspective shift,P
gemma4_e4b,code,high,6,1857,Perspective_Shift,122,0.06569736133548734,conversational,0.6630434782608696,Perspective shift,P
gemma4_e4b,code,high,7,1840,Perspective_Shift,139,0.07554347826086956,conversational,0.6205357142857143,Perspective shift,P
gemma4_e4b,code,high,8,1856,Perspective_Shift,147,0.07920258620689655,conversational,0.6176470588235293,Perspective shift,P
gemma4_e4b,code,high,9,1895,Perspective_Shift,163,0.08601583113456464,conversational,0.7086956521739131,Perspective shift,P
gemma4_e4b,code,low,0,3742,subgoal,301,0.08043826830571886,cognitive,0.671875,Subgoal setting,S
gemma4_e4b,code,low,1,3709,subgoal,276,0.07441358856834726,cognitive,0.46779661016949153,Subgoal setting,S
gemma4_e4b,code,low,2,3715,subgoal,284,0.07644683714670256,cognitive,0.45439999999999997,Subgoal setting,S
gemma4_e4b,code,low,3,3699,subgoal,268,0.07245201405785347,cognitive,0.4693520140105079,Subgoal setting,S
gemma4_e4b,code,low,4,3703,verification,258,0.06967323791520388,cognitive,0.4195121951219512,Verification,V
gemma4_e4b,code,low,5,3718,subgoal,231,0.0621301775147929,cognitive,0.4375,Subgoal setting,S
gemma4_e4b,code,low,6,3711,verification,290,0.07814605227701428,cognitive,0.4414003044140031,Verification,V
gemma4_e4b,code,low,7,3703,subgoal,277,0.07480421280043208,cognitive,0.42879256965944273,Subgoal setting,S
gemma4_e4b,code,low,8,3721,verification,317,0.08519215264713786,cognitive,0.47957639939485625,Verification,V
gemma4_e4b,code,low,9,3750,verification,378,0.1008,cognitive,0.4666666666666667,Verification,V
gemma4_e4b,code,low,0,3742,Perspective_Shift,433,0.11571352218065206,conversational,0.707516339869281,Perspective shift,P
gemma4_e4b,code,low,1,3709,Perspective_Shift,400,0.10784578053383662,conversational,0.5873715124816447,Perspective shift,P
gemma4_e4b,code,low,2,3715,Perspective_Shift,393,0.10578734858681023,conversational,0.608359133126935,Perspective shift,P
gemma4_e4b,code,low,3,3699,Perspective_Shift,342,0.09245742092457421,conversational,0.5480769230769231,Perspective shift,P
gemma4_e4b,code,low,4,3703,Perspective_Shift,354,0.0955981636510937,conversational,0.5619047619047618,Perspective shift,P
gemma4_e4b,code,low,5,3718,Perspective_Shift,369,0.09924690693921463,conversational,0.5668202764976958,Perspective shift,P
gemma4_e4b,code,low,6,3711,Perspective_Shift,341,0.09188897871193748,conversational,0.5262345679012346,Perspective shift,P
gemma4_e4b,code,low,7,3703,Perspective_Shift,319,0.08614636780988388,conversational,0.5616197183098592,Perspective shift,P
gemma4_e4b,code,low,8,3721,Perspective_Shift,312,0.08384842784197796,conversational,0.5165562913907285,Perspective shift,P
gemma4_e4b,code,low,9,3750,Perspective_Shift,310,0.08266666666666667,conversational,0.5073649754500819,Perspective shift,P
gemma4_e4b,gpqa,all,0,3396,subgoal,1076,0.3168433451118963,cognitive,0.9011725293132328,Subgoal setting,S
gemma4_e4b,gpqa,all,1,3136,subgoal,481,0.1533801020408163,cognitive,0.5990037359900373,Subgoal setting,S
gemma4_e4b,gpqa,all,2,3182,subgoal,451,0.1417347580138278,cognitive,0.49075081610446136,Subgoal setting,S
gemma4_e4b,gpqa,all,3,3151,subgoal,368,0.11678832116788321,cognitive,0.4107142857142857,Subgoal setting,S
gemma4_e4b,gpqa,all,4,3076,verification,396,0.12873862158647595,cognitive,0.4337349397590362,Verification,V
gemma4_e4b,gpqa,all,5,3228,verification,494,0.15303593556381662,cognitive,0.47868217054263573,Verification,V
gemma4_e4b,gpqa,all,6,3201,verification,508,0.15870040612308653,cognitive,0.48197343453510433,Verification,V
gemma4_e4b,gpqa,all,7,3132,verification,568,0.18135376756066413,cognitive,0.5191956124314443,Verification,V
gemma4_e4b,gpqa,all,8,3186,verification,708,0.2222222222222222,cognitive,0.631578947368421,Verification,V
gemma4_e4b,gpqa,all,9,3449,verification,1028,0.29805740794433166,cognitive,0.763744427934621,Verification,V
gemma4_e4b,gpqa,all,0,3396,Perspective_Shift,312,0.09187279151943463,conversational,0.7446300715990454,Perspective shift,P
gemma4_e4b,gpqa,all,1,3136,Perspective_Shift,489,0.15593112244897958,conversational,0.675414364640884,Perspective shift,P
gemma4_e4b,gpqa,all,2,3182,Perspective_Shift,565,0.177561282212445,conversational,0.669431279620853,Perspective shift,P
gemma4_e4b,gpqa,all,3,3151,Perspective_Shift,529,0.1678832116788321,conversational,0.6129779837775202,Perspective shift,P
gemma4_e4b,gpqa,all,4,3076,Perspective_Shift,502,0.16319895968790638,conversational,0.5954922894424675,Perspective shift,P
gemma4_e4b,gpqa,all,5,3228,Perspective_Shift,591,0.18308550185873607,conversational,0.5799803729146222,Perspective shift,P
gemma4_e4b,gpqa,all,6,3201,Perspective_Shift,564,0.17619493908153702,conversational,0.5790554414784395,Perspective shift,P
gemma4_e4b,gpqa,all,7,3132,Perspective_Shift,628,0.20051085568326948,conversational,0.5698729582577132,Perspective shift,P
gemma4_e4b,gpqa,all,8,3186,Perspective_Shift,529,0.16603892027620842,conversational,0.5,Perspective shift,P
gemma4_e4b,gpqa,all,9,3449,Reconciliation,456,0.13221223543055957,conversational,0.40282685512367483,Reconciliation,R
gemma4_e4b,gpqa,high,0,1595,subgoal,528,0.3310344827586207,cognitive,0.9214659685863875,Subgoal setting,S
gemma4_e4b,gpqa,high,1,1476,subgoal,232,0.15718157181571815,cognitive,0.660968660968661,Subgoal setting,S
gemma4_e4b,gpqa,high,2,1499,subgoal,230,0.1534356237491661,cognitive,0.5542168674698795,Subgoal setting,S
gemma4_e4b,gpqa,high,3,1480,subgoal,192,0.12972972972972974,cognitive,0.45933014354066987,Subgoal setting,S
gemma4_e4b,gpqa,high,4,1438,verification,172,0.11961057023643949,cognitive,0.42260442260442255,Verification,V
gemma4_e4b,gpqa,high,5,1522,verification,221,0.145203679369251,cognitive,0.4702127659574468,Verification,V
gemma4_e4b,gpqa,high,6,1503,verification,234,0.15568862275449102,cognitive,0.4727272727272728,Verification,V
gemma4_e4b,gpqa,high,7,1476,verification,269,0.18224932249322492,cognitive,0.5,Verification,V
gemma4_e4b,gpqa,high,8,1499,verification,341,0.2274849899933289,cognitive,0.6583011583011583,Verification,V
gemma4_e4b,gpqa,high,9,1628,verification,512,0.3144963144963145,cognitive,0.7828746177370031,Verification,V
gemma4_e4b,gpqa,high,0,1595,Perspective_Shift,142,0.0890282131661442,conversational,0.7977528089887641,Perspective shift,P
gemma4_e4b,gpqa,high,1,1476,Perspective_Shift,225,0.1524390243902439,conversational,0.6880733944954128,Perspective shift,P
gemma4_e4b,gpqa,high,2,1499,Perspective_Shift,282,0.18812541694462975,conversational,0.6878048780487804,Perspective shift,P
gemma4_e4b,gpqa,high,3,1480,Perspective_Shift,253,0.17094594594594595,conversational,0.6170731707317073,Perspective shift,P
gemma4_e4b,gpqa,high,4,1438,Perspective_Shift,213,0.14812239221140472,conversational,0.6103151862464183,Perspective shift,P
gemma4_e4b,gpqa,high,5,1522,Perspective_Shift,253,0.1662286465177398,conversational,0.5499999999999999,Perspective shift,P
gemma4_e4b,gpqa,high,6,1503,Perspective_Shift,268,0.17831004657351962,conversational,0.5702127659574469,Perspective shift,P
gemma4_e4b,gpqa,high,7,1476,Perspective_Shift,297,0.20121951219512196,conversational,0.5823529411764706,Perspective shift,P
gemma4_e4b,gpqa,high,8,1499,Perspective_Shift,230,0.1534356237491661,conversational,0.49891540130151846,Perspective shift,P
gemma4_e4b,gpqa,high,9,1628,Perspective_Shift,200,0.12285012285012285,conversational,0.38095238095238093,Perspective shift,P
gemma4_e4b,gpqa,low,0,1667,subgoal,499,0.29934013197360526,cognitive,0.875438596491228,Subgoal setting,S
gemma4_e4b,gpqa,low,1,1541,subgoal,230,0.14925373134328357,cognitive,0.548926014319809,Subgoal setting,S
gemma4_e4b,gpqa,low,2,1561,subgoal,204,0.13068545803971812,cognitive,0.4340425531914893,Subgoal setting,S
gemma4_e4b,gpqa,low,3,1548,verification,183,0.1182170542635659,cognitive,0.4187643020594966,Verification,V
gemma4_e4b,gpqa,low,4,1519,verification,213,0.1402238314680711,cognitive,0.45031712473572943,Verification,V
gemma4_e4b,gpqa,low,5,1583,verification,260,0.16424510423247,cognitive,0.4933586337760911,Verification,V
gemma4_e4b,gpqa,low,6,1573,verification,261,0.1659249841068023,cognitive,0.49431818181818177,Verification,V
gemma4_e4b,gpqa,low,7,1536,verification,282,0.18359375,cognitive,0.5465116279069767,Verification,V
gemma4_e4b,gpqa,low,8,1566,verification,341,0.2177522349936143,cognitive,0.6089285714285714,Verification,V
gemma4_e4b,gpqa,low,9,1684,verification,480,0.2850356294536817,cognitive,0.7430340557275542,Verification,V
gemma4_e4b,gpqa,low,0,1667,Perspective_Shift,163,0.09778044391121776,conversational,0.7025862068965517,Perspective shift,P
gemma4_e4b,gpqa,low,1,1541,Perspective_Shift,253,0.16417910447761194,conversational,0.6710875331564986,Perspective shift,P
gemma4_e4b,gpqa,low,2,1561,Perspective_Shift,266,0.17040358744394618,conversational,0.6519607843137255,Perspective shift,P
gemma4_e4b,gpqa,low,3,1548,Perspective_Shift,248,0.16020671834625322,conversational,0.6048780487804878,Perspective shift,P
gemma4_e4b,gpqa,low,4,1519,Perspective_Shift,269,0.17709019091507572,conversational,0.5835140997830802,Perspective shift,P
gemma4_e4b,gpqa,low,5,1583,Perspective_Shift,314,0.1983575489576753,conversational,0.598095238095238,Perspective shift,P
gemma4_e4b,gpqa,low,6,1573,Perspective_Shift,277,0.1760966306420852,conversational,0.5843881856540084,Perspective shift,P
gemma4_e4b,gpqa,low,7,1536,Perspective_Shift,300,0.1953125,conversational,0.5586592178770949,Perspective shift,P
gemma4_e4b,gpqa,low,8,1566,Perspective_Shift,281,0.17943805874840357,conversational,0.5072202166064982,Perspective shift,P
gemma4_e4b,gpqa,low,9,1684,Reconciliation,240,0.14251781472684086,conversational,0.421792618629174,Reconciliation,R
gemma4_e4b,idea,all,0,1650,subgoal,503,0.30484848484848487,cognitive,1.0,Subgoal setting,S
gemma4_e4b,idea,all,1,1418,subgoal,363,0.2559943582510578,cognitive,0.9945205479452055,Subgoal setting,S
gemma4_e4b,idea,all,2,1458,subgoal,320,0.2194787379972565,cognitive,0.8421052631578947,Subgoal setting,S
gemma4_e4b,idea,all,3,1406,subgoal,306,0.21763869132290184,cognitive,0.5294117647058824,Subgoal setting,S
gemma4_e4b,idea,all,4,1366,verification,392,0.2869692532942899,cognitive,0.6153846153846154,Verification,V
gemma4_e4b,idea,all,5,1499,subgoal,372,0.24816544362908605,cognitive,0.5980707395498391,Subgoal setting,S
gemma4_e4b,idea,all,6,1460,subgoal,440,0.3013698630136986,cognitive,0.8997955010224948,Subgoal setting,S
gemma4_e4b,idea,all,7,1404,subgoal,388,0.27635327635327633,cognitive,0.7185185185185186,Subgoal setting,S
gemma4_e4b,idea,all,8,1472,verification,313,0.21263586956521738,cognitive,0.4867807153965785,Verification,V
gemma4_e4b,idea,all,9,1702,verification,528,0.3102232667450059,cognitive,0.5563751317175976,Verification,V
gemma4_e4b,idea,all,0,1650,Perspective_Shift,2,0.0012121212121212121,conversational,0.6666666666666666,Perspective shift,P
gemma4_e4b,idea,all,1,1418,Question_and_Answering,415,0.2926657263751763,conversational,0.7699443413729128,Question–answer,Q
gemma4_e4b,idea,all,2,1458,Question_and_Answering,557,0.3820301783264746,conversational,0.6094091903719913,Question–answer,Q
gemma4_e4b,idea,all,3,1406,Perspective_Shift,510,0.3627311522048364,conversational,0.4871060171919771,Perspective shift,P
gemma4_e4b,idea,all,4,1366,Perspective_Shift,553,0.40483162518301613,conversational,0.5642857142857143,Perspective shift,P
gemma4_e4b,idea,all,5,1499,Perspective_Shift,587,0.39159439626417614,conversational,0.6739380022962113,Perspective shift,P
gemma4_e4b,idea,all,6,1460,Perspective_Shift,388,0.26575342465753427,conversational,0.5598845598845599,Perspective shift,P
gemma4_e4b,idea,all,7,1404,Question_and_Answering,358,0.254985754985755,conversational,0.5524691358024691,Question–answer,Q
gemma4_e4b,idea,all,8,1472,Question_and_Answering,535,0.36345108695652173,conversational,0.6763590391908976,Question–answer,Q
gemma4_e4b,idea,all,9,1702,Perspective_Shift,346,0.20329024676850763,conversational,0.44358974358974357,Perspective shift,P
gemma4_e4b,idea,high,0,1202,subgoal,365,0.3036605657237937,cognitive,1.0,Subgoal setting,S
gemma4_e4b,idea,high,1,1029,subgoal,266,0.2585034013605442,cognitive,0.9925373134328358,Subgoal setting,S
gemma4_e4b,idea,high,2,1056,subgoal,242,0.22916666666666666,cognitive,0.8491228070175438,Subgoal setting,S
gemma4_e4b,idea,high,3,1015,subgoal,227,0.22364532019704433,cognitive,0.5417661097852029,Subgoal setting,S
gemma4_e4b,idea,high,4,999,verification,283,0.2832832832832833,cognitive,0.6112311015118791,Verification,V
gemma4_e4b,idea,high,5,1091,subgoal,280,0.2566452795600367,cognitive,0.6140350877192983,Subgoal setting,S
gemma4_e4b,idea,high,6,1056,subgoal,319,0.3020833333333333,cognitive,0.9036827195467422,Subgoal setting,S
gemma4_e4b,idea,high,7,1015,subgoal,284,0.2798029556650246,cognitive,0.7357512953367875,Subgoal setting,S
gemma4_e4b,idea,high,8,1070,verification,222,0.20747663551401868,cognitive,0.4663865546218487,Verification,V
gemma4_e4b,idea,high,9,1240,verification,385,0.31048387096774194,cognitive,0.5547550432276657,Verification,V
gemma4_e4b,idea,high,0,1202,Conflict_of_Perspectives,0,0.0,conversational,0.0,Perspective conflict,C
gemma4_e4b,idea,high,1,1029,Question_and_Answering,282,0.27405247813411077,conversational,0.75,Question–answer,Q
gemma4_e4b,idea,high,2,1056,Question_and_Answering,384,0.36363636363636365,conversational,0.5953488372093023,Question–answer,Q
gemma4_e4b,idea,high,3,1015,Perspective_Shift,371,0.36551724137931035,conversational,0.4913907284768212,Perspective shift,P
gemma4_e4b,idea,high,4,999,Perspective_Shift,405,0.40540540540540543,conversational,0.5720338983050848,Perspective shift,P
gemma4_e4b,idea,high,5,1091,Perspective_Shift,413,0.3785517873510541,conversational,0.6629213483146067,Perspective shift,P
gemma4_e4b,idea,high,6,1056,Perspective_Shift,263,0.2490530303030303,conversational,0.5302419354838709,Perspective shift,P
gemma4_e4b,idea,high,7,1015,Question_and_Answering,271,0.26699507389162563,conversational,0.5827956989247313,Question–answer,Q
gemma4_e4b,idea,high,8,1070,Question_and_Answering,388,0.36261682242990656,conversational,0.6724436741767764,Question–answer,Q
gemma4_e4b,idea,high,9,1240,Perspective_Shift,249,0.20080645161290323,conversational,0.4486486486486487,Perspective shift,P
gemma4_e4b,idea,low,0,448,subgoal,138,0.3080357142857143,cognitive,1.0,Subgoal setting,S
gemma4_e4b,idea,low,1,389,subgoal,97,0.2493573264781491,cognitive,1.0,Subgoal setting,S
gemma4_e4b,idea,low,2,402,subgoal,78,0.19402985074626866,cognitive,0.8210526315789474,Subgoal setting,S
gemma4_e4b,idea,low,3,391,subgoal,79,0.2020460358056266,cognitive,0.4968553459119497,Subgoal setting,S
gemma4_e4b,idea,low,4,367,verification,109,0.2970027247956403,cognitive,0.6264367816091954,Verification,V
gemma4_e4b,idea,low,5,408,subgoal,92,0.22549019607843138,cognitive,0.5542168674698795,Subgoal setting,S
gemma4_e4b,idea,low,6,404,subgoal,121,0.2995049504950495,cognitive,0.8897058823529412,Subgoal setting,S
gemma4_e4b,idea,low,7,389,subgoal,104,0.26735218508997427,cognitive,0.6753246753246753,Subgoal setting,S
gemma4_e4b,idea,low,8,402,verification,91,0.2263681592039801,cognitive,0.5449101796407185,Verification,V
gemma4_e4b,idea,low,9,462,verification,143,0.30952380952380953,cognitive,0.5607843137254902,Verification,V
gemma4_e4b,idea,low,0,448,Perspective_Shift,2,0.004464285714285714,conversational,0.6666666666666666,Perspective shift,P
gemma4_e4b,idea,low,1,389,Question_and_Answering,133,0.34190231362467866,conversational,0.8159509202453988,Question–answer,Q
gemma4_e4b,idea,low,2,402,Question_and_Answering,173,0.43034825870646765,conversational,0.6431226765799256,Question–answer,Q
gemma4_e4b,idea,low,3,391,Perspective_Shift,139,0.3554987212276215,conversational,0.476027397260274,Perspective shift,P
gemma4_e4b,idea,low,4,367,Perspective_Shift,148,0.4032697547683924,conversational,0.5441176470588235,Perspective shift,P
gemma4_e4b,idea,low,5,408,Perspective_Shift,174,0.4264705882352941,conversational,0.7016129032258065,Perspective shift,P
gemma4_e4b,idea,low,6,404,Perspective_Shift,125,0.3094059405940594,conversational,0.6345177664974619,Perspective shift,P
gemma4_e4b,idea,low,7,389,Question_and_Answering,87,0.2236503856041131,conversational,0.47540983606557374,Question–answer,Q
gemma4_e4b,idea,low,8,402,Question_and_Answering,147,0.3656716417910448,conversational,0.6869158878504673,Question–answer,Q
gemma4_e4b,idea,low,9,462,Perspective_Shift,97,0.20995670995670995,conversational,0.4311111111111111,Perspective shift,P
gemma4_e4b,math,all,0,2646,subgoal,769,0.2906273620559335,cognitive,0.9015240328253223,Subgoal setting,S
gemma4_e4b,math,all,1,2410,subgoal,441,0.1829875518672199,cognitive,0.6826625386996904,Subgoal setting,S
gemma4_e4b,math,all,2,2444,subgoal,418,0.17103109656301146,cognitive,0.6720257234726689,Subgoal setting,S
gemma4_e4b,math,all,3,2405,subgoal,333,0.13846153846153847,cognitive,0.5336538461538461,Subgoal setting,S
gemma4_e4b,math,all,4,2353,subgoal,331,0.14067148321291967,cognitive,0.521259842519685,Subgoal setting,S
gemma4_e4b,math,all,5,2514,subgoal,360,0.1431980906921241,cognitive,0.46936114732724904,Subgoal setting,S
gemma4_e4b,math,all,6,2447,verification,372,0.1520228851655088,cognitive,0.5116918844566714,Verification,V
gemma4_e4b,math,all,7,2402,verification,470,0.19567027477102414,cognitive,0.6368563685636857,Verification,V
gemma4_e4b,math,all,8,2452,verification,559,0.22797716150081565,cognitive,0.6678614097968936,Verification,V
gemma4_e4b,math,all,9,2696,verification,826,0.306379821958457,cognitive,0.7777777777777778,Verification,V
gemma4_e4b,math,all,0,2646,Perspective_Shift,318,0.12018140589569161,conversational,0.8195876288659794,Perspective shift,P
gemma4_e4b,math,all,1,2410,Perspective_Shift,350,0.14522821576763487,conversational,0.7276507276507277,Perspective shift,P
gemma4_e4b,math,all,2,2444,Perspective_Shift,330,0.13502454991816695,conversational,0.6976744186046512,Perspective shift,P
gemma4_e4b,math,all,3,2405,Perspective_Shift,307,0.12765072765072766,conversational,0.6573875802997858,Perspective shift,P
gemma4_e4b,math,all,4,2353,Perspective_Shift,316,0.1342966425839354,conversational,0.6795698924731183,Perspective shift,P
gemma4_e4b,math,all,5,2514,Perspective_Shift,302,0.12012728719172633,conversational,0.593320235756385,Perspective shift,P
gemma4_e4b,math,all,6,2447,Perspective_Shift,324,0.13240702901512055,conversational,0.627906976744186,Perspective shift,P
gemma4_e4b,math,all,7,2402,Perspective_Shift,289,0.12031640299750208,conversational,0.6033402922755741,Perspective shift,P
gemma4_e4b,math,all,8,2452,Perspective_Shift,314,0.12805872756933115,conversational,0.5688405797101449,Perspective shift,P
gemma4_e4b,math,all,9,2696,Perspective_Shift,312,0.11572700296735905,conversational,0.4763358778625954,Perspective shift,P
gemma4_e4b,math,high,0,1256,subgoal,370,0.2945859872611465,cognitive,0.9273182957393483,Subgoal setting,S
gemma4_e4b,math,high,1,1126,subgoal,226,0.20071047957371227,cognitive,0.7220447284345048,Subgoal setting,S
gemma4_e4b,math,high,2,1149,subgoal,206,0.17928633594429938,cognitive,0.7030716723549488,Subgoal setting,S
gemma4_e4b,math,high,3,1113,subgoal,177,0.15902964959568733,cognitive,0.580327868852459,Subgoal setting,S
gemma4_e4b,math,high,4,1101,subgoal,175,0.1589464123524069,cognitive,0.5537974683544303,Subgoal setting,S
gemma4_e4b,math,high,5,1182,subgoal,202,0.17089678510998307,cognitive,0.5206185567010309,Subgoal setting,S
gemma4_e4b,math,high,6,1138,verification,176,0.1546572934973638,cognitive,0.49162011173184356,Verification,V
gemma4_e4b,math,high,7,1124,verification,220,0.19572953736654805,cognitive,0.6395348837209303,Verification,V
gemma4_e4b,math,high,8,1151,verification,276,0.23979148566463945,cognitive,0.6814814814814815,Verification,V
gemma4_e4b,math,high,9,1288,verification,448,0.34782608695652173,cognitive,0.8190127970749543,Verification,V
gemma4_e4b,math,high,0,1256,Perspective_Shift,136,0.10828025477707007,conversational,0.8662420382165605,Perspective shift,P
gemma4_e4b,math,high,1,1126,Perspective_Shift,156,0.13854351687388988,conversational,0.7536231884057972,Perspective shift,P
gemma4_e4b,math,high,2,1149,Perspective_Shift,162,0.1409921671018277,conversational,0.7330316742081447,Perspective shift,P
gemma4_e4b,math,high,3,1113,Perspective_Shift,147,0.1320754716981132,conversational,0.6901408450704225,Perspective shift,P
gemma4_e4b,math,high,4,1101,Perspective_Shift,154,0.13987284287011809,conversational,0.7031963470319635,Perspective shift,P
gemma4_e4b,math,high,5,1182,Perspective_Shift,135,0.11421319796954314,conversational,0.6338028169014085,Perspective shift,P
gemma4_e4b,math,high,6,1138,Perspective_Shift,149,0.13093145869947276,conversational,0.6563876651982379,Perspective shift,P
gemma4_e4b,math,high,7,1124,Perspective_Shift,127,0.11298932384341637,conversational,0.668421052631579,Perspective shift,P
gemma4_e4b,math,high,8,1151,Perspective_Shift,148,0.12858384013900956,conversational,0.6324786324786325,Perspective shift,P
gemma4_e4b,math,high,9,1288,Perspective_Shift,141,0.10947204968944099,conversational,0.49300699300699297,Perspective shift,P
gemma4_e4b,math,low,0,1390,subgoal,399,0.2870503597122302,cognitive,0.8788546255506609,Subgoal setting,S
gemma4_e4b,math,low,1,1284,subgoal,215,0.1674454828660436,cognitive,0.6456456456456457,Subgoal setting,S
gemma4_e4b,math,low,2,1295,subgoal,212,0.1637065637065637,cognitive,0.6443768996960487,Subgoal setting,S
gemma4_e4b,math,low,3,1292,subgoal,156,0.12074303405572756,cognitive,0.4890282131661442,Subgoal setting,S
gemma4_e4b,math,low,4,1252,subgoal,156,0.12460063897763578,cognitive,0.48902821316614414,Subgoal setting,S
gemma4_e4b,math,low,5,1332,verification,165,0.12387387387387387,cognitive,0.43535620052770446,Verification,V
gemma4_e4b,math,low,6,1309,verification,196,0.1497326203208556,cognitive,0.5311653116531165,Verification,V
gemma4_e4b,math,low,7,1278,verification,250,0.19561815336463223,cognitive,0.6345177664974618,Verification,V
gemma4_e4b,math,low,8,1301,verification,283,0.2175249807840123,cognitive,0.6550925925925926,Verification,V
gemma4_e4b,math,low,9,1408,verification,378,0.2684659090909091,cognitive,0.7339805825242719,Verification,V
gemma4_e4b,math,low,0,1390,Perspective_Shift,182,0.13093525179856116,conversational,0.7878787878787878,Perspective shift,P
gemma4_e4b,math,low,1,1284,Perspective_Shift,194,0.15109034267912771,conversational,0.7080291970802919,Perspective shift,P
gemma4_e4b,math,low,2,1295,Perspective_Shift,168,0.12972972972972974,conversational,0.6666666666666666,Perspective shift,P
gemma4_e4b,math,low,3,1292,Perspective_Shift,160,0.1238390092879257,conversational,0.6299212598425197,Perspective shift,P
gemma4_e4b,math,low,4,1252,Perspective_Shift,162,0.12939297124600638,conversational,0.6585365853658536,Perspective shift,P
gemma4_e4b,math,low,5,1332,Perspective_Shift,167,0.12537537537537538,conversational,0.5641891891891893,Perspective shift,P
gemma4_e4b,math,low,6,1309,Perspective_Shift,175,0.13368983957219252,conversational,0.6055363321799307,Perspective shift,P
gemma4_e4b,math,low,7,1278,Perspective_Shift,162,0.1267605633802817,conversational,0.5605536332179931,Perspective shift,P
gemma4_e4b,math,low,8,1301,Perspective_Shift,166,0.12759415833973867,conversational,0.5220125786163522,Perspective shift,P
gemma4_e4b,math,low,9,1408,Perspective_Shift,171,0.12144886363636363,conversational,0.46341463414634143,Perspective shift,P
gemma4_e4b,moral,all,0,1401,subgoal,895,0.6388294075660242,cognitive,1.0,Subgoal setting,S
gemma4_e4b,moral,all,1,1193,subgoal,454,0.38055322715842416,cognitive,0.9956140350877193,Subgoal setting,S
gemma4_e4b,moral,all,2,1198,subgoal,405,0.3380634390651085,cognitive,0.8709677419354838,Subgoal setting,S
gemma4_e4b,moral,all,3,1185,subgoal,346,0.2919831223628692,cognitive,0.7440860215053763,Subgoal setting,S
gemma4_e4b,moral,all,4,1117,subgoal,282,0.25246195165622204,cognitive,0.618421052631579,Subgoal setting,S
gemma4_e4b,moral,all,5,1274,subgoal,318,0.24960753532182103,cognitive,0.5408163265306122,Subgoal setting,S
gemma4_e4b,moral,all,6,1220,verification,333,0.27295081967213114,cognitive,0.5842105263157895,Verification,V
gemma4_e4b,moral,all,7,1163,verification,315,0.2708512467755804,cognitive,0.5921052631578947,Verification,V
gemma4_e4b,moral,all,8,1228,verification,322,0.26221498371335505,cognitive,0.5886654478976234,Verification,V
gemma4_e4b,moral,all,9,1458,verification,460,0.31550068587105623,cognitive,0.6068601583113455,Verification,V
gemma4_e4b,moral,all,0,1401,Perspective_Shift,74,0.05281941470378301,conversational,0.7872340425531915,Perspective shift,P
gemma4_e4b,moral,all,1,1193,Perspective_Shift,187,0.1567476948868399,conversational,0.7540322580645161,Perspective shift,P
gemma4_e4b,moral,all,2,1198,Perspective_Shift,195,0.16277128547579298,conversational,0.6112852664576802,Perspective shift,P
gemma4_e4b,moral,all,3,1185,Perspective_Shift,165,0.13924050632911392,conversational,0.47008547008547014,Perspective shift,P
gemma4_e4b,moral,all,4,1117,Perspective_Shift,163,0.1459265890778872,conversational,0.43582887700534756,Perspective shift,P
gemma4_e4b,moral,all,5,1274,Perspective_Shift,178,0.13971742543171115,conversational,0.41588785046728977,Perspective shift,P
gemma4_e4b,moral,all,6,1220,Question_and_Answering,181,0.1483606557377049,conversational,0.4652956298200514,Question–answer,Q
gemma4_e4b,moral,all,7,1163,Question_and_Answering,194,0.16680997420464316,conversational,0.5105263157894737,Question–answer,Q
gemma4_e4b,moral,all,8,1228,Question_and_Answering,189,0.15390879478827363,conversational,0.4436619718309859,Question–answer,Q
gemma4_e4b,moral,all,9,1458,Question_and_Answering,233,0.1598079561042524,conversational,0.333810888252149,Question–answer,Q
gemma4_e4b,moral,high,0,708,subgoal,478,0.6751412429378532,cognitive,1.0,Subgoal setting,S
gemma4_e4b,moral,high,1,609,subgoal,227,0.3727422003284072,cognitive,0.9912663755458515,Subgoal setting,S
gemma4_e4b,moral,high,2,600,subgoal,208,0.3466666666666667,cognitive,0.8253968253968254,Subgoal setting,S
gemma4_e4b,moral,high,3,606,subgoal,174,0.2871287128712871,cognitive,0.6641221374045801,Subgoal setting,S
gemma4_e4b,moral,high,4,562,subgoal,131,0.23309608540925267,cognitive,0.5527426160337552,Subgoal setting,S
gemma4_e4b,moral,high,5,650,subgoal,164,0.2523076923076923,cognitive,0.5141065830721003,Subgoal setting,S
gemma4_e4b,moral,high,6,620,verification,186,0.3,cognitive,0.6526315789473685,Verification,V
gemma4_e4b,moral,high,7,586,verification,174,0.29692832764505117,cognitive,0.6666666666666666,Verification,V
gemma4_e4b,moral,high,8,623,verification,167,0.2680577849117175,cognitive,0.6325757575757577,Verification,V
gemma4_e4b,moral,high,9,735,verification,225,0.30612244897959184,cognitive,0.6032171581769437,Verification,V
gemma4_e4b,moral,high,0,708,Perspective_Shift,32,0.04519774011299435,conversational,0.744186046511628,Perspective shift,P
gemma4_e4b,moral,high,1,609,Perspective_Shift,77,0.12643678160919541,conversational,0.7264150943396227,Perspective shift,P
gemma4_e4b,moral,high,2,600,Perspective_Shift,85,0.14166666666666666,conversational,0.5902777777777778,Perspective shift,P
gemma4_e4b,moral,high,3,606,Perspective_Shift,71,0.11716171617161716,conversational,0.4355828220858896,Perspective shift,P
gemma4_e4b,moral,high,4,562,Question_and_Answering,75,0.13345195729537365,conversational,0.4032258064516129,Question–answer,Q
gemma4_e4b,moral,high,5,650,Question_and_Answering,97,0.14923076923076922,conversational,0.42543859649122806,Question–answer,Q
gemma4_e4b,moral,high,6,620,Question_and_Answering,104,0.16774193548387098,conversational,0.5591397849462366,Question–answer,Q
gemma4_e4b,moral,high,7,586,Question_and_Answering,108,0.18430034129692832,conversational,0.5934065934065934,Question–answer,Q
gemma4_e4b,moral,high,8,623,Question_and_Answering,97,0.15569823434991975,conversational,0.47087378640776706,Question–answer,Q
gemma4_e4b,moral,high,9,735,Question_and_Answering,113,0.15374149659863945,conversational,0.3343195266272189,Question–answer,Q
gemma4_e4b,moral,low,0,693,subgoal,417,0.6017316017316018,cognitive,1.0,Subgoal setting,S
gemma4_e4b,moral,low,1,584,subgoal,227,0.3886986301369863,cognitive,1.0,Subgoal setting,S
gemma4_e4b,moral,low,2,598,subgoal,197,0.3294314381270903,cognitive,0.9248826291079812,Subgoal setting,S
gemma4_e4b,moral,low,3,579,subgoal,172,0.2970639032815199,cognitive,0.8472906403940887,Subgoal setting,S
gemma4_e4b,moral,low,4,555,subgoal,151,0.27207207207207207,cognitive,0.6894977168949772,Subgoal setting,S
gemma4_e4b,moral,low,5,624,subgoal,154,0.2467948717948718,cognitive,0.5724907063197026,Subgoal setting,S
gemma4_e4b,moral,low,6,600,verification,147,0.245,cognitive,0.5157894736842106,Verification,V
gemma4_e4b,moral,low,7,577,verification,141,0.24436741767764297,cognitive,0.5202952029520295,Verification,V
gemma4_e4b,moral,low,8,605,verification,155,0.256198347107438,cognitive,0.5477031802120141,Verification,V
gemma4_e4b,moral,low,9,723,verification,235,0.32503457814661135,cognitive,0.6103896103896104,Verification,V
gemma4_e4b,moral,low,0,693,Perspective_Shift,42,0.06060606060606061,conversational,0.8235294117647058,Perspective shift,P
gemma4_e4b,moral,low,1,584,Perspective_Shift,110,0.18835616438356165,conversational,0.7746478873239436,Perspective shift,P
gemma4_e4b,moral,low,2,598,Perspective_Shift,110,0.18394648829431437,conversational,0.6285714285714286,Perspective shift,P
gemma4_e4b,moral,low,3,579,Perspective_Shift,94,0.16234887737478412,conversational,0.5000000000000001,Perspective shift,P
gemma4_e4b,moral,low,4,555,Perspective_Shift,92,0.16576576576576577,conversational,0.4893617021276596,Perspective shift,P
gemma4_e4b,moral,low,5,624,Perspective_Shift,98,0.15705128205128205,conversational,0.49000000000000005,Perspective shift,P
gemma4_e4b,moral,low,6,600,Perspective_Shift,88,0.14666666666666667,conversational,0.43349753694581283,Perspective shift,P
gemma4_e4b,moral,low,7,577,Question_and_Answering,86,0.14904679376083188,conversational,0.4343434343434343,Question–answer,Q
gemma4_e4b,moral,low,8,605,Question_and_Answering,92,0.15206611570247933,conversational,0.41818181818181815,Question–answer,Q
gemma4_e4b,moral,low,9,723,Question_and_Answering,120,0.16597510373443983,conversational,0.33333333333333337,Question–answer,Q
gemma4_e4b,planning,all,0,4226,subgoal,783,0.18528159015617604,cognitive,0.8276955602536997,Subgoal setting,S
gemma4_e4b,planning,all,1,3975,verification,434,0.10918238993710692,cognitive,0.4876404494382023,Verification,V
gemma4_e4b,planning,all,2,4017,verification,751,0.18695543938262385,cognitive,0.61106590724166,Verification,V
gemma4_e4b,planning,all,3,3965,verification,878,0.221437578814628,cognitive,0.7161500815660685,Verification,V
gemma4_e4b,planning,all,4,3922,verification,922,0.2350841407445181,cognitive,0.7441485068603713,Verification,V
gemma4_e4b,planning,all,5,4086,verification,1044,0.2555066079295154,cognitive,0.8012279355333844,Verification,V
gemma4_e4b,planning,all,6,4014,verification,1046,0.260587942202292,cognitive,0.8159126365054603,Verification,V
gemma4_e4b,planning,all,7,3968,verification,1114,0.2807459677419355,cognitive,0.8270230141054195,Verification,V
gemma4_e4b,planning,all,8,4024,verification,1220,0.30318091451292245,cognitive,0.8609738884968243,Verification,V
gemma4_e4b,planning,all,9,4269,verification,1617,0.3787772312016866,cognitive,0.8869994514536478,Verification,V
gemma4_e4b,planning,all,0,4226,Perspective_Shift,193,0.045669663984855655,conversational,0.6369636963696369,Perspective shift,P
gemma4_e4b,planning,all,1,3975,Perspective_Shift,307,0.07723270440251573,conversational,0.5571687840290381,Perspective shift,P
gemma4_e4b,planning,all,2,4017,Perspective_Shift,362,0.09011700273836196,conversational,0.49386084583901774,Perspective shift,P
gemma4_e4b,planning,all,3,3965,Perspective_Shift,381,0.09609079445145019,conversational,0.4612590799031477,Perspective shift,P
gemma4_e4b,planning,all,4,3922,Perspective_Shift,371,0.0945945945945946,conversational,0.45465686274509803,Perspective shift,P
gemma4_e4b,planning,all,5,4086,Perspective_Shift,366,0.08957415565345081,conversational,0.4250871080139373,Perspective shift,P
gemma4_e4b,planning,all,6,4014,Perspective_Shift,381,0.09491778774289986,conversational,0.4290540540540541,Perspective shift,P
gemma4_e4b,planning,all,7,3968,Perspective_Shift,449,0.11315524193548387,conversational,0.4619341563786008,Perspective shift,P
gemma4_e4b,planning,all,8,4024,Perspective_Shift,551,0.13692842942345926,conversational,0.49108734402852056,Perspective shift,P
gemma4_e4b,planning,all,9,4269,Perspective_Shift,577,0.1351604591239166,conversational,0.44248466257668717,Perspective shift,P
gemma4_e4b,planning,high,0,3164,subgoal,616,0.19469026548672566,cognitive,0.8426812585499316,Subgoal setting,S
gemma4_e4b,planning,high,1,2963,subgoal,315,0.10631117111036112,cognitive,0.4801829268292683,Subgoal setting,S
gemma4_e4b,planning,high,2,3000,verification,531,0.177,cognitive,0.572198275862069,Verification,V
gemma4_e4b,planning,high,3,2946,verification,627,0.21283095723014256,cognitive,0.6822633297062024,Verification,V
gemma4_e4b,planning,high,4,2925,verification,654,0.2235897435897436,cognitive,0.7124183006535948,Verification,V
gemma4_e4b,planning,high,5,3051,verification,748,0.24516551950180268,cognitive,0.7890295358649788,Verification,V
gemma4_e4b,planning,high,6,2989,verification,746,0.249581799933088,cognitive,0.8135223555070883,Verification,V
gemma4_e4b,planning,high,7,2957,verification,822,0.277984443692932,cognitive,0.8269617706237425,Verification,V
gemma4_e4b,planning,high,8,3006,verification,920,0.3060545575515635,cognitive,0.8671065032987747,Verification,V
gemma4_e4b,planning,high,9,3199,verification,1242,0.38824632697718037,cognitive,0.8909612625538019,Verification,V
gemma4_e4b,planning,high,0,3164,Perspective_Shift,143,0.04519595448798989,conversational,0.6271929824561404,Perspective shift,P
gemma4_e4b,planning,high,1,2963,Perspective_Shift,234,0.07897401282483969,conversational,0.5379310344827586,Perspective shift,P
gemma4_e4b,planning,high,2,3000,Perspective_Shift,279,0.093,conversational,0.4877622377622378,Perspective shift,P
gemma4_e4b,planning,high,3,2946,Perspective_Shift,288,0.09775967413441955,conversational,0.45714285714285713,Perspective shift,P
gemma4_e4b,planning,high,4,2925,Perspective_Shift,303,0.10358974358974359,conversational,0.4683153013910355,Perspective shift,P
gemma4_e4b,planning,high,5,3051,Question_and_Answering,298,0.09767289413307112,conversational,0.43001443001442996,Question–answer,Q
gemma4_e4b,planning,high,6,2989,Perspective_Shift,296,0.09902977584476413,conversational,0.4222539229671897,Perspective shift,P
gemma4_e4b,planning,high,7,2957,Perspective_Shift,322,0.10889414947582009,conversational,0.4548022598870057,Perspective shift,P
gemma4_e4b,planning,high,8,3006,Perspective_Shift,409,0.1360612109115103,conversational,0.47283236994219646,Perspective shift,P
gemma4_e4b,planning,high,9,3199,Perspective_Shift,412,0.12879024695217256,conversational,0.4355179704016913,Perspective shift,P
gemma4_e4b,planning,low,0,938,subgoal,146,0.15565031982942432,cognitive,0.7849462365591399,Subgoal setting,S
gemma4_e4b,planning,low,1,895,verification,125,0.13966480446927373,cognitive,0.5896226415094339,Verification,V
gemma4_e4b,planning,low,2,901,verification,198,0.21975582685904552,cognitive,0.7360594795539034,Verification,V
gemma4_e4b,planning,low,3,901,verification,232,0.25749167591564925,cognitive,0.8345323741007195,Verification,V
gemma4_e4b,planning,low,4,883,verification,239,0.2706681766704417,cognitive,0.8327526132404182,Verification,V
gemma4_e4b,planning,low,5,915,verification,249,0.2721311475409836,cognitive,0.83,Verification,V
gemma4_e4b,planning,low,6,907,verification,260,0.2866593164277839,cognitive,0.8306709265175719,Verification,V
gemma4_e4b,planning,low,7,895,verification,254,0.2837988826815642,cognitive,0.8410596026490066,Verification,V
gemma4_e4b,planning,low,8,901,verification,261,0.28967813540510545,cognitive,0.8474025974025974,Verification,V
gemma4_e4b,planning,low,9,946,verification,327,0.3456659619450317,cognitive,0.874331550802139,Verification,V
gemma4_e4b,planning,low,0,938,Perspective_Shift,41,0.04371002132196162,conversational,0.7192982456140351,Perspective shift,P
gemma4_e4b,planning,low,1,895,Perspective_Shift,63,0.07039106145251396,conversational,0.6428571428571428,Perspective shift,P
gemma4_e4b,planning,low,2,901,Perspective_Shift,71,0.07880133185349611,conversational,0.5,Perspective shift,P
gemma4_e4b,planning,low,3,901,Perspective_Shift,81,0.08990011098779134,conversational,0.46551724137931033,Perspective shift,P
gemma4_e4b,planning,low,4,883,Perspective_Shift,63,0.07134767836919592,conversational,0.42857142857142855,Perspective shift,P
gemma4_e4b,planning,low,5,915,Perspective_Shift,68,0.07431693989071038,conversational,0.46896551724137925,Perspective shift,P
gemma4_e4b,planning,low,6,907,Perspective_Shift,70,0.07717750826901874,conversational,0.43478260869565216,Perspective shift,P
gemma4_e4b,planning,low,7,895,Perspective_Shift,107,0.11955307262569832,conversational,0.46120689655172414,Perspective shift,P
gemma4_e4b,planning,low,8,901,Perspective_Shift,126,0.13984461709211987,conversational,0.5550660792951542,Perspective shift,P
gemma4_e4b,planning,low,9,946,Perspective_Shift,141,0.14904862579281183,conversational,0.44339622641509435,Perspective shift,P
gemma4_e4b,safety,all,0,115,subgoal,77,0.6695652173913044,cognitive,1.0,Subgoal setting,S
gemma4_e4b,safety,all,1,68,subgoal,27,0.39705882352941174,cognitive,0.9642857142857143,Subgoal setting,S
gemma4_e4b,safety,all,2,75,subgoal,27,0.36,cognitive,1.0,Subgoal setting,S
gemma4_e4b,safety,all,3,82,subgoal,24,0.2926829268292683,cognitive,1.0,Subgoal setting,S
gemma4_e4b,safety,all,4,68,subgoal,25,0.36764705882352944,cognitive,1.0,Subgoal setting,S
gemma4_e4b,safety,all,5,84,subgoal,25,0.2976190476190476,cognitive,0.9615384615384615,Subgoal setting,S
gemma4_e4b,safety,all,6,84,subgoal,29,0.34523809523809523,cognitive,0.8787878787878788,Subgoal setting,S
gemma4_e4b,safety,all,7,73,subgoal,20,0.273972602739726,cognitive,0.8,Subgoal setting,S
gemma4_e4b,safety,all,8,70,backtracking,13,0.18571428571428572,cognitive,0.41935483870967744,Backtracking,B
gemma4_e4b,safety,all,9,121,subgoal,20,0.1652892561983471,cognitive,0.38461538461538464,Subgoal setting,S
gemma4_e4b,safety,all,0,115,Perspective_Shift,2,0.017391304347826087,conversational,1.0,Perspective shift,P
gemma4_e4b,safety,all,1,68,Perspective_Shift,11,0.16176470588235295,conversational,0.7333333333333333,Perspective shift,P
gemma4_e4b,safety,all,2,75,Perspective_Shift,11,0.14666666666666667,conversational,1.0,Perspective shift,P
gemma4_e4b,safety,all,3,82,Perspective_Shift,13,0.15853658536585366,conversational,1.0,Perspective shift,P
gemma4_e4b,safety,all,4,68,Perspective_Shift,10,0.14705882352941177,conversational,1.0,Perspective shift,P
gemma4_e4b,safety,all,5,84,Perspective_Shift,12,0.14285714285714285,conversational,0.8571428571428571,Perspective shift,P
gemma4_e4b,safety,all,6,84,Perspective_Shift,13,0.15476190476190477,conversational,0.6842105263157896,Perspective shift,P
gemma4_e4b,safety,all,7,73,Perspective_Shift,19,0.2602739726027397,conversational,0.7037037037037037,Perspective shift,P
gemma4_e4b,safety,all,8,70,Perspective_Shift,15,0.21428571428571427,conversational,0.4411764705882353,Perspective shift,P
gemma4_e4b,safety,all,9,121,Conflict_of_Perspectives,22,0.18181818181818182,conversational,0.30985915492957744,Perspective conflict,C
gemma4_e4b,safety,high,0,108,subgoal,72,0.6666666666666666,cognitive,1.0,Subgoal setting,S
gemma4_e4b,safety,high,1,62,subgoal,25,0.4032258064516129,cognitive,0.9615384615384616,Subgoal setting,S
gemma4_e4b,safety,high,2,69,subgoal,25,0.36231884057971014,cognitive,1.0,Subgoal setting,S
gemma4_e4b,safety,high,3,76,subgoal,23,0.3026315789473684,cognitive,1.0,Subgoal setting,S
gemma4_e4b,safety,high,4,62,subgoal,22,0.3548387096774194,cognitive,1.0,Subgoal setting,S
gemma4_e4b,safety,high,5,77,subgoal,24,0.3116883116883117,cognitive,0.96,Subgoal setting,S
gemma4_e4b,safety,high,6,78,subgoal,25,0.32051282051282054,cognitive,0.8620689655172414,Subgoal setting,S
gemma4_e4b,safety,high,7,67,subgoal,15,0.22388059701492538,cognitive,0.7894736842105262,Subgoal setting,S
gemma4_e4b,safety,high,8,64,backtracking,12,0.1875,cognitive,0.41379310344827586,Backtracking,B
gemma4_e4b,safety,high,9,112,subgoal,19,0.16964285714285715,cognitive,0.4042553191489362,Subgoal setting,S
gemma4_e4b,safety,high,0,108,Perspective_Shift,2,0.018518518518518517,conversational,1.0,Perspective shift,P
gemma4_e4b,safety,high,1,62,Perspective_Shift,11,0.1774193548387097,conversational,0.7857142857142857,Perspective shift,P
gemma4_e4b,safety,high,2,69,Perspective_Shift,11,0.15942028985507245,conversational,1.0,Perspective shift,P
gemma4_e4b,safety,high,3,76,Perspective_Shift,11,0.14473684210526316,conversational,1.0,Perspective shift,P
gemma4_e4b,safety,high,4,62,Perspective_Shift,9,0.14516129032258066,conversational,1.0,Perspective shift,P
gemma4_e4b,safety,high,5,77,Perspective_Shift,11,0.14285714285714285,conversational,0.8461538461538461,Perspective shift,P
gemma4_e4b,safety,high,6,78,Perspective_Shift,12,0.15384615384615385,conversational,0.6666666666666666,Perspective shift,P
gemma4_e4b,safety,high,7,67,Perspective_Shift,16,0.23880597014925373,conversational,0.6956521739130435,Perspective shift,P
gemma4_e4b,safety,high,8,64,Perspective_Shift,13,0.203125,conversational,0.43333333333333335,Perspective shift,P
gemma4_e4b,safety,high,9,112,Perspective_Shift,22,0.19642857142857142,conversational,0.32352941176470584,Perspective shift,P
gemma4_e4b,safety,low,0,7,subgoal,5,0.7142857142857143,cognitive,1.0,Subgoal setting,S
gemma4_e4b,safety,low,1,6,subgoal,2,0.3333333333333333,cognitive,1.0,Subgoal setting,S
gemma4_e4b,safety,low,2,6,subgoal,2,0.3333333333333333,cognitive,1.0,Subgoal setting,S
gemma4_e4b,safety,low,3,6,subgoal,1,0.16666666666666666,cognitive,1.0,Subgoal setting,S
gemma4_e4b,safety,low,4,6,subgoal,3,0.5,cognitive,1.0,Subgoal setting,S
gemma4_e4b,safety,low,5,7,subgoal,1,0.14285714285714285,cognitive,1.0,Subgoal setting,S
gemma4_e4b,safety,low,6,6,subgoal,4,0.6666666666666666,cognitive,1.0,Subgoal setting,S
gemma4_e4b,safety,low,7,6,subgoal,5,0.8333333333333334,cognitive,0.8333333333333334,Subgoal setting,S
gemma4_e4b,safety,low,8,6,backtracking,1,0.16666666666666666,cognitive,0.5,Backtracking,B
gemma4_e4b,safety,low,9,9,verification,4,0.4444444444444444,cognitive,0.7999999999999999,Verification,V
gemma4_e4b,safety,low,0,7,Conflict_of_Perspectives,0,0.0,conversational,0.0,Perspective conflict,C
gemma4_e4b,safety,low,1,6,Question_and_Answering,1,0.16666666666666666,conversational,1.0,Question–answer,Q
gemma4_e4b,safety,low,2,6,Conflict_of_Perspectives,0,0.0,conversational,0.0,Perspective conflict,C
gemma4_e4b,safety,low,3,6,Perspective_Shift,2,0.3333333333333333,conversational,1.0,Perspective shift,P
gemma4_e4b,safety,low,4,6,Perspective_Shift,1,0.16666666666666666,conversational,1.0,Perspective shift,P
gemma4_e4b,safety,low,5,7,Perspective_Shift,1,0.14285714285714285,conversational,1.0,Perspective shift,P
gemma4_e4b,safety,low,6,6,Perspective_Shift,1,0.16666666666666666,conversational,1.0,Perspective shift,P
gemma4_e4b,safety,low,7,6,Perspective_Shift,3,0.5,conversational,0.75,Perspective shift,P
gemma4_e4b,safety,low,8,6,Perspective_Shift,2,0.3333333333333333,conversational,0.5,Perspective shift,P
gemma4_e4b,safety,low,9,9,Question_and_Answering,2,0.2222222222222222,conversational,0.6666666666666666,Question–answer,Q
gemma4_e4b,security,all,0,5417,subgoal,1080,0.1993723463171497,cognitive,0.875912408759124,Subgoal setting,S
gemma4_e4b,security,all,1,5171,subgoal,474,0.09166505511506479,cognitive,0.5780487804878048,Subgoal setting,S
gemma4_e4b,security,all,2,5233,subgoal,389,0.07433594496464743,cognitive,0.43174250832408434,Subgoal setting,S
gemma4_e4b,security,all,3,5162,verification,431,0.08349476946919798,cognitive,0.3979686057248384,Verification,V
gemma4_e4b,security,all,4,5118,verification,483,0.09437280187573271,cognitive,0.4035087719298246,Verification,V
gemma4_e4b,security,all,5,5285,verification,638,0.1207190160832545,cognitive,0.47119645494830137,Verification,V
gemma4_e4b,security,all,6,5200,verification,670,0.12884615384615383,cognitive,0.4387688277668631,Verification,V
gemma4_e4b,security,all,7,5195,verification,687,0.13224254090471607,cognitive,0.4420849420849421,Verification,V
gemma4_e4b,security,all,8,5209,verification,842,0.16164330965636398,cognitive,0.4651933701657458,Verification,V
gemma4_e4b,security,all,9,5470,verification,1050,0.19195612431444242,cognitive,0.5365355135411344,Verification,V
gemma4_e4b,security,all,0,5417,Perspective_Shift,346,0.063872992431235,conversational,0.6038394415357766,Perspective shift,P
gemma4_e4b,security,all,1,5171,Perspective_Shift,516,0.09978727518855154,conversational,0.6120996441281139,Perspective shift,P
gemma4_e4b,security,all,2,5233,Perspective_Shift,554,0.10586661570800687,conversational,0.5995670995670996,Perspective shift,P
gemma4_e4b,security,all,3,5162,Perspective_Shift,549,0.1063541263076327,conversational,0.5778947368421052,Perspective shift,P
gemma4_e4b,security,all,4,5118,Perspective_Shift,614,0.11996873778819851,conversational,0.5990243902439024,Perspective shift,P
gemma4_e4b,security,all,5,5285,Perspective_Shift,670,0.12677388836329234,conversational,0.5955555555555556,Perspective shift,P
gemma4_e4b,security,all,6,5200,Perspective_Shift,763,0.14673076923076922,conversational,0.61186848436247,Perspective shift,P
gemma4_e4b,security,all,7,5195,Perspective_Shift,848,0.16323387872954764,conversational,0.6022727272727273,Perspective shift,P
gemma4_e4b,security,all,8,5209,Perspective_Shift,973,0.18679209061240162,conversational,0.5893397940642036,Perspective shift,P
gemma4_e4b,security,all,9,5470,Perspective_Shift,1034,0.18903107861060328,conversational,0.489120151371807,Perspective shift,P
gemma4_e4b,security,high,0,2499,subgoal,570,0.22809123649459784,cognitive,0.8976377952755905,Subgoal setting,S
gemma4_e4b,security,high,1,2357,subgoal,246,0.10436996181586763,cognitive,0.6196473551637279,Subgoal setting,S
gemma4_e4b,security,high,2,2396,subgoal,193,0.08055091819699499,cognitive,0.4519906323185011,Subgoal setting,S
gemma4_e4b,security,high,3,2355,verification,209,0.08874734607218683,cognitive,0.38919925512104286,Verification,V
gemma4_e4b,security,high,4,2325,verification,216,0.09290322580645162,cognitive,0.4161849710982659,Verification,V
gemma4_e4b,security,high,5,2428,verification,289,0.11902800658978584,cognitive,0.5151515151515151,Verification,V
gemma4_e4b,security,high,6,2376,verification,318,0.13383838383838384,cognitive,0.4555873925501433,Verification,V
gemma4_e4b,security,high,7,2375,verification,347,0.14610526315789474,cognitive,0.4915014164305949,Verification,V
gemma4_e4b,security,high,8,2378,verification,400,0.16820857863751051,cognitive,0.48602673147023084,Verification,V
gemma4_e4b,security,high,9,2521,verification,482,0.19119397064656882,cognitive,0.5483503981797497,Verification,V
gemma4_e4b,security,high,0,2499,Perspective_Shift,148,0.05922368947579031,conversational,0.6297872340425532,Perspective shift,P
gemma4_e4b,security,high,1,2357,Perspective_Shift,235,0.09970301230377598,conversational,0.6200527704485488,Perspective shift,P
gemma4_e4b,security,high,2,2396,Perspective_Shift,258,0.10767946577629382,conversational,0.5682819383259912,Perspective shift,P
gemma4_e4b,security,high,3,2355,Perspective_Shift,253,0.10743099787685775,conversational,0.5440860215053763,Perspective shift,P
gemma4_e4b,security,high,4,2325,Perspective_Shift,265,0.11397849462365592,conversational,0.5875831485587584,Perspective shift,P
gemma4_e4b,security,high,5,2428,Perspective_Shift,284,0.11696869851729819,conversational,0.5784114052953157,Perspective shift,P
gemma4_e4b,security,high,6,2376,Perspective_Shift,357,0.15025252525252525,conversational,0.6102564102564103,Perspective shift,P
gemma4_e4b,security,high,7,2375,Perspective_Shift,363,0.1528421052631579,conversational,0.5663026521060842,Perspective shift,P
gemma4_e4b,security,high,8,2378,Perspective_Shift,430,0.1808242220353238,conversational,0.5657894736842105,Perspective shift,P
gemma4_e4b,security,high,9,2521,Perspective_Shift,440,0.1745339151130504,conversational,0.48834628190899,Perspective shift,P
gemma4_e4b,security,low,0,2623,subgoal,437,0.1666031261913839,cognitive,0.8468992248062016,Subgoal setting,S
gemma4_e4b,security,low,1,2535,subgoal,205,0.08086785009861933,cognitive,0.5423280423280423,Subgoal setting,S
gemma4_e4b,security,low,2,2557,subgoal,175,0.06843957763003519,cognitive,0.41469194312796204,Subgoal setting,S
gemma4_e4b,security,low,3,2529,verification,199,0.07868722815342033,cognitive,0.41030927835051545,Verification,V
gemma4_e4b,security,low,4,2515,verification,250,0.09940357852882704,cognitive,0.39682539682539686,Verification,V
gemma4_e4b,security,low,5,2571,verification,316,0.12290937378451965,cognitive,0.43767313019390586,Verification,V
gemma4_e4b,security,low,6,2543,verification,320,0.12583562721195438,cognitive,0.4216073781291172,Verification,V
gemma4_e4b,security,low,7,2543,verification,316,0.12426268187180496,cognitive,0.40669240669240675,Verification,V
gemma4_e4b,security,low,8,2549,verification,411,0.16123970184386033,cognitive,0.45414364640883975,Verification,V
gemma4_e4b,security,low,9,2650,verification,511,0.19283018867924528,cognitive,0.5161616161616162,Verification,V
gemma4_e4b,security,low,0,2623,Perspective_Shift,180,0.06862371330537552,conversational,0.5901639344262295,Perspective shift,P
gemma4_e4b,security,low,1,2535,Perspective_Shift,252,0.09940828402366864,conversational,0.6014319809069213,Perspective shift,P
gemma4_e4b,security,low,2,2557,Perspective_Shift,261,0.1020727414939382,conversational,0.6428571428571429,Perspective shift,P
gemma4_e4b,security,low,3,2529,Perspective_Shift,261,0.10320284697508897,conversational,0.6041666666666666,Perspective shift,P
gemma4_e4b,security,low,4,2515,Perspective_Shift,318,0.12644135188866798,conversational,0.6011342155009451,Perspective shift,P
gemma4_e4b,security,low,5,2571,Perspective_Shift,355,0.1380785686503306,conversational,0.6184668989547039,Perspective shift,P
gemma4_e4b,security,low,6,2543,Perspective_Shift,365,0.14353126228863547,conversational,0.6134453781512605,Perspective shift,P
gemma4_e4b,security,low,7,2543,Perspective_Shift,435,0.17105780574125048,conversational,0.6425406203840472,Perspective shift,P
gemma4_e4b,security,low,8,2549,Perspective_Shift,486,0.19066300510003922,conversational,0.6144121365360303,Perspective shift,P
gemma4_e4b,security,low,9,2650,Perspective_Shift,546,0.2060377358490566,conversational,0.4972677595628415,Perspective shift,P
qwen35_27b,code,all,0,17439,verification,1433,0.08217214289810196,cognitive,0.5281975672687063,Verification,V
qwen35_27b,code,all,1,17358,verification,1951,0.11239774167530822,cognitive,0.643894389438944,Verification,V
qwen35_27b,code,all,2,17369,verification,2260,0.13011687489204904,cognitive,0.7022995649471722,Verification,V
qwen35_27b,code,all,3,17365,verification,2186,0.1258854016700259,cognitive,0.7104322391940201,Verification,V
qwen35_27b,code,all,4,17335,verification,2297,0.13250648976059995,cognitive,0.7146857498444307,Verification,V
qwen35_27b,code,all,5,17395,verification,2515,0.14458177637252084,cognitive,0.7691131498470948,Verification,V
qwen35_27b,code,all,6,17377,verification,2694,0.15503251424296483,cognitive,0.787028921998247,Verification,V
qwen35_27b,code,all,7,17357,verification,2843,0.16379558679495304,cognitive,0.8344584678602877,Verification,V
qwen35_27b,code,all,8,17370,verification,2916,0.16787564766839377,cognitive,0.8521332554061952,Verification,V
qwen35_27b,code,all,9,17457,verification,3334,0.19098355960359742,cognitive,0.9008376114563632,Verification,V
qwen35_27b,code,all,0,17439,Perspective_Shift,1667,0.09559034348299787,conversational,0.38365937859608745,Perspective shift,P
qwen35_27b,code,all,1,17358,Perspective_Shift,1540,0.08871989860583017,conversational,0.34849513464584747,Perspective shift,P
qwen35_27b,code,all,2,17369,Perspective_Shift,1561,0.08987276181703034,conversational,0.3420245398773006,Perspective shift,P
qwen35_27b,code,all,3,17365,Perspective_Shift,1627,0.09369421249640081,conversational,0.3487674169346195,Perspective shift,P
qwen35_27b,code,all,4,17335,Perspective_Shift,1689,0.09743293914046726,conversational,0.36267983680481,Perspective shift,P
qwen35_27b,code,all,5,17395,Perspective_Shift,1696,0.09749928140270192,conversational,0.3545891699770019,Perspective shift,P
qwen35_27b,code,all,6,17377,Perspective_Shift,1692,0.09737008689647235,conversational,0.37211348141631845,Perspective shift,P
qwen35_27b,code,all,7,17357,Perspective_Shift,1708,0.09840410209137523,conversational,0.3964716805942433,Perspective shift,P
qwen35_27b,code,all,8,17370,Perspective_Shift,1657,0.0953943580886586,conversational,0.418328704872507,Perspective shift,P
qwen35_27b,code,all,9,17457,Perspective_Shift,1604,0.09188291229879132,conversational,0.45529378370706786,Perspective shift,P
qwen35_27b,code,high,0,9555,verification,814,0.08519099947671377,cognitive,0.5265200517464425,Verification,V
qwen35_27b,code,high,1,9496,verification,1255,0.1321609098567818,cognitive,0.6820652173913043,Verification,V
qwen35_27b,code,high,2,9501,verification,1523,0.1602989159035891,cognitive,0.7607392607392608,Verification,V
qwen35_27b,code,high,3,9502,verification,1439,0.15144180172595242,cognitive,0.7774176121015667,Verification,V
qwen35_27b,code,high,4,9477,verification,1507,0.15901656642397383,cognitive,0.7796171753750646,Verification,V
qwen35_27b,code,high,5,9521,verification,1623,0.1704652872597416,cognitive,0.8297546012269938,Verification,V
qwen35_27b,code,high,6,9511,verification,1681,0.17674271895699717,cognitive,0.843452082288008,Verification,V
qwen35_27b,code,high,7,9492,verification,1812,0.19089759797724398,cognitive,0.8869309838472833,Verification,V
qwen35_27b,code,high,8,9505,verification,1835,0.19305628616517623,cognitive,0.9188783174762143,Verification,V
qwen35_27b,code,high,9,9565,verification,2013,0.21045478306325144,cognitive,0.9459586466165413,Verification,V
qwen35_27b,code,high,0,9555,Perspective_Shift,918,0.09607535321821035,conversational,0.40836298932384335,Perspective shift,P
qwen35_27b,code,high,1,9496,Perspective_Shift,861,0.09066975568660489,conversational,0.3719222462203024,Perspective shift,P
qwen35_27b,code,high,2,9501,Perspective_Shift,878,0.09241132512367119,conversational,0.36890756302521005,Perspective shift,P
qwen35_27b,code,high,3,9502,Perspective_Shift,895,0.09419069669543254,conversational,0.35628980891719747,Perspective shift,P
qwen35_27b,code,high,4,9477,Perspective_Shift,948,0.10003165558721114,conversational,0.3651771956856702,Perspective shift,P
qwen35_27b,code,high,5,9521,Perspective_Shift,937,0.09841403213948115,conversational,0.36544461778471143,Perspective shift,P
qwen35_27b,code,high,6,9511,Perspective_Shift,959,0.10083061718010725,conversational,0.38920454545454547,Perspective shift,P
qwen35_27b,code,high,7,9492,Perspective_Shift,985,0.10377159713442899,conversational,0.41369172616547667,Perspective shift,P
qwen35_27b,code,high,8,9505,Perspective_Shift,936,0.09847448711204629,conversational,0.45392822502424834,Perspective shift,P
qwen35_27b,code,high,9,9565,Perspective_Shift,909,0.09503397804495557,conversational,0.4784210526315789,Perspective shift,P
qwen35_27b,code,incomplete,0,234,verification,25,0.10683760683760683,cognitive,0.5102040816326531,Verification,V
qwen35_27b,code,incomplete,1,234,verification,29,0.12393162393162394,cognitive,0.5686274509803921,Verification,V
qwen35_27b,code,incomplete,2,234,verification,26,0.1111111111111111,cognitive,0.553191489361702,Verification,V
qwen35_27b,code,incomplete,3,234,verification,52,0.2222222222222222,cognitive,0.6753246753246753,Verification,V
qwen35_27b,code,incomplete,4,234,verification,39,0.16666666666666666,cognitive,0.5909090909090908,Verification,V
qwen35_27b,code,incomplete,5,234,verification,23,0.09829059829059829,cognitive,0.5,Verification,V
qwen35_27b,code,incomplete,6,234,verification,32,0.13675213675213677,cognitive,0.5245901639344263,Verification,V
qwen35_27b,code,incomplete,7,234,verification,16,0.06837606837606838,cognitive,0.4571428571428572,Verification,V
qwen35_27b,code,incomplete,8,234,subgoal,20,0.08547008547008547,cognitive,0.4761904761904762,Subgoal setting,S
qwen35_27b,code,incomplete,9,234,verification,38,0.1623931623931624,cognitive,0.59375,Verification,V
qwen35_27b,code,incomplete,0,234,Perspective_Shift,29,0.12393162393162394,conversational,0.39189189189189194,Perspective shift,P
qwen35_27b,code,incomplete,1,234,Perspective_Shift,21,0.08974358974358974,conversational,0.3559322033898305,Perspective shift,P
qwen35_27b,code,incomplete,2,234,Question_and_Answering,25,0.10683760683760683,conversational,0.3472222222222222,Question–answer,Q
qwen35_27b,code,incomplete,3,234,Question_and_Answering,37,0.1581196581196581,conversational,0.3737373737373737,Question–answer,Q
qwen35_27b,code,incomplete,4,234,Conflict_of_Perspectives,17,0.07264957264957266,conversational,0.3269230769230769,Perspective conflict,C
qwen35_27b,code,incomplete,5,234,Perspective_Shift,27,0.11538461538461539,conversational,0.38571428571428573,Perspective shift,P
qwen35_27b,code,incomplete,6,234,Perspective_Shift,18,0.07692307692307693,conversational,0.4615384615384615,Perspective shift,P
qwen35_27b,code,incomplete,7,234,Perspective_Shift,24,0.10256410256410256,conversational,0.3333333333333333,Perspective shift,P
qwen35_27b,code,incomplete,8,234,Perspective_Shift,28,0.11965811965811966,conversational,0.4375,Perspective shift,P
qwen35_27b,code,incomplete,9,234,Perspective_Shift,23,0.09829059829059829,conversational,0.40350877192982454,Perspective shift,P
qwen35_27b,code,low,0,7488,verification,581,0.07759081196581197,cognitive,0.5310786106032906,Verification,V
qwen35_27b,code,low,1,7466,verification,660,0.08840075006697026,cognitive,0.594059405940594,Verification,V
qwen35_27b,code,low,2,7472,verification,700,0.0936830835117773,cognitive,0.6145741878841088,Verification,V
qwen35_27b,code,low,3,7467,verification,685,0.0917369760278559,cognitive,0.6110615521855487,Verification,V
qwen35_27b,code,low,4,7463,verification,738,0.09888784671043817,cognitive,0.6248941574936495,Verification,V
qwen35_27b,code,low,5,7478,verification,840,0.1123294998662744,cognitive,0.6807131280388978,Verification,V
qwen35_27b,code,low,6,7470,verification,927,0.12409638554216867,cognitive,0.7065548780487805,Verification,V
qwen35_27b,code,low,7,7469,verification,997,0.1334850716294015,cognitive,0.7616501145912911,Verification,V
qwen35_27b,code,low,8,7469,verification,1041,0.13937608782969607,cognitive,0.7728285077951003,Verification,V
qwen35_27b,code,low,9,7496,verification,1262,0.16835645677694772,cognitive,0.8492597577388964,Verification,V
qwen35_27b,code,low,0,7488,Perspective_Shift,698,0.09321581196581197,conversational,0.3523472993437658,Perspective shift,P
qwen35_27b,code,low,1,7466,Question_and_Answering,642,0.08598982051968926,conversational,0.3200398803589232,Question–answer,Q
qwen35_27b,code,low,2,7472,Question_and_Answering,664,0.08886509635974305,conversational,0.32295719844357973,Question–answer,Q
qwen35_27b,code,low,3,7467,Perspective_Shift,688,0.09213874380608009,conversational,0.3400889767671774,Perspective shift,P
qwen35_27b,code,low,4,7463,Perspective_Shift,697,0.09339407744874716,conversational,0.3570696721311475,Perspective shift,P
qwen35_27b,code,low,5,7478,Perspective_Shift,716,0.09574752607649104,conversational,0.33998100664767333,Perspective shift,P
qwen35_27b,code,low,6,7470,Perspective_Shift,696,0.09317269076305221,conversational,0.34992458521870284,Perspective shift,P
qwen35_27b,code,low,7,7469,Perspective_Shift,674,0.09023965724996653,conversational,0.37486095661846497,Perspective shift,P
qwen35_27b,code,low,8,7469,Perspective_Shift,675,0.0903735439817914,conversational,0.37688442211055273,Perspective shift,P
qwen35_27b,code,low,9,7496,Perspective_Shift,652,0.08697972251867662,conversational,0.4225534672715489,Perspective shift,P
qwen35_27b,gpqa,all,0,29272,verification,2721,0.09295572560808964,cognitive,0.43901258470474347,Verification,V
qwen35_27b,gpqa,all,1,29024,verification,4333,0.14929024255788312,cognitive,0.6034818941504179,Verification,V
qwen35_27b,gpqa,all,2,29074,verification,4905,0.16870743619728967,cognitive,0.6554857677402112,Verification,V
qwen35_27b,gpqa,all,3,29022,verification,5108,0.1760044104472469,cognitive,0.667974369033608,Verification,V
qwen35_27b,gpqa,all,4,28973,verification,5184,0.17892520622648672,cognitive,0.6775584890863939,Verification,V
qwen35_27b,gpqa,all,5,29122,verification,5448,0.18707506352585673,cognitive,0.7068898404048268,Verification,V
qwen35_27b,gpqa,all,6,29074,verification,5477,0.18838137167228453,cognitive,0.7045279135580139,Verification,V
qwen35_27b,gpqa,all,7,29022,verification,5810,0.2001929570670526,cognitive,0.7196828935959371,Verification,V
qwen35_27b,gpqa,all,8,29076,verification,5991,0.20604622368964093,cognitive,0.730698865715331,Verification,V
qwen35_27b,gpqa,all,9,29322,verification,6622,0.22583725530318532,cognitive,0.7718848350623616,Verification,V
qwen35_27b,gpqa,all,0,29272,Perspective_Shift,4223,0.14426755944247063,conversational,0.48163777372262784,Perspective shift,P
qwen35_27b,gpqa,all,1,29024,Perspective_Shift,4429,0.1525978500551268,conversational,0.4092589170208834,Perspective shift,P
qwen35_27b,gpqa,all,2,29074,Perspective_Shift,4341,0.14930866065900805,conversational,0.38115725700237074,Perspective shift,P
qwen35_27b,gpqa,all,3,29022,Perspective_Shift,4232,0.14582041210116464,conversational,0.3646389798380148,Perspective shift,P
qwen35_27b,gpqa,all,4,28973,Perspective_Shift,4280,0.14772374279501604,conversational,0.36434834425810847,Perspective shift,P
qwen35_27b,gpqa,all,5,29122,Perspective_Shift,4293,0.14741432593915252,conversational,0.35774999999999996,Perspective shift,P
qwen35_27b,gpqa,all,6,29074,Perspective_Shift,4140,0.14239526724908852,conversational,0.35609840013762256,Perspective shift,P
qwen35_27b,gpqa,all,7,29022,Perspective_Shift,4217,0.14530356281441664,conversational,0.3537454911500713,Perspective shift,P
qwen35_27b,gpqa,all,8,29076,Perspective_Shift,4210,0.14479295639014994,conversational,0.3674930167597765,Perspective shift,P
qwen35_27b,gpqa,all,9,29322,Perspective_Shift,3834,0.13075506445672191,conversational,0.35206611570247937,Perspective shift,P
qwen35_27b,gpqa,high,0,20900,verification,1879,0.0899043062200957,cognitive,0.4289954337899543,Verification,V
qwen35_27b,gpqa,high,1,20712,verification,3140,0.15160293549633064,cognitive,0.6248756218905472,Verification,V
qwen35_27b,gpqa,high,2,20742,verification,3643,0.1756339793655385,cognitive,0.6801717699775952,Verification,V
qwen35_27b,gpqa,high,3,20715,verification,3858,0.18624185372918176,cognitive,0.6841638588402198,Verification,V
qwen35_27b,gpqa,high,4,20664,verification,3907,0.1890727835849787,cognitive,0.6885794853718717,Verification,V
qwen35_27b,gpqa,high,5,20784,verification,4158,0.20005773672055427,cognitive,0.7260345730749083,Verification,V
qwen35_27b,gpqa,high,6,20752,verification,4202,0.20248650732459522,cognitive,0.7263612791702678,Verification,V
qwen35_27b,gpqa,high,7,20705,verification,4331,0.20917652740883844,cognitive,0.7325778078484438,Verification,V
qwen35_27b,gpqa,high,8,20749,verification,4525,0.2180827991710444,cognitive,0.7401046777886816,Verification,V
qwen35_27b,gpqa,high,9,20942,verification,4908,0.23436157005061597,cognitive,0.7753554502369668,Verification,V
qwen35_27b,gpqa,high,0,20900,Perspective_Shift,2897,0.13861244019138755,conversational,0.4950444292549555,Perspective shift,P
qwen35_27b,gpqa,high,1,20712,Perspective_Shift,3001,0.14489185013518732,conversational,0.412905888827738,Perspective shift,P
qwen35_27b,gpqa,high,2,20742,Perspective_Shift,2950,0.14222350785845145,conversational,0.38187702265372164,Perspective shift,P
qwen35_27b,gpqa,high,3,20715,Perspective_Shift,2890,0.13951243060584118,conversational,0.3625642955714465,Perspective shift,P
qwen35_27b,gpqa,high,4,20664,Perspective_Shift,3004,0.14537359659310878,conversational,0.36701282834453264,Perspective shift,P
qwen35_27b,gpqa,high,5,20784,Perspective_Shift,3009,0.14477482678983833,conversational,0.3582995951417004,Perspective shift,P
qwen35_27b,gpqa,high,6,20752,Perspective_Shift,2876,0.13858905165767155,conversational,0.35310006138735417,Perspective shift,P
qwen35_27b,gpqa,high,7,20705,Perspective_Shift,2938,0.1418980922482492,conversational,0.3566399611556203,Perspective shift,P
qwen35_27b,gpqa,high,8,20749,Perspective_Shift,2973,0.14328401368740662,conversational,0.36662967073621905,Perspective shift,P
qwen35_27b,gpqa,high,9,20942,Perspective_Shift,2657,0.12687422404736892,conversational,0.3491917466158496,Perspective shift,P
qwen35_27b,gpqa,incomplete,0,57,subgoal,9,0.15789473684210525,cognitive,0.45,Subgoal setting,S
qwen35_27b,gpqa,incomplete,1,56,verification,7,0.125,cognitive,0.7,Verification,V
qwen35_27b,gpqa,incomplete,2,56,verification,11,0.19642857142857142,cognitive,0.6875,Verification,V
qwen35_27b,gpqa,incomplete,3,56,verification,7,0.125,cognitive,0.6363636363636364,Verification,V
qwen35_27b,gpqa,incomplete,4,56,verification,6,0.10714285714285714,cognitive,0.42857142857142855,Verification,V
qwen35_27b,gpqa,incomplete,5,56,verification,5,0.08928571428571429,cognitive,0.38461538461538464,Verification,V
qwen35_27b,gpqa,incomplete,6,56,verification,7,0.125,cognitive,0.7777777777777779,Verification,V
qwen35_27b,gpqa,incomplete,7,56,verification,6,0.10714285714285714,cognitive,0.375,Verification,V
qwen35_27b,gpqa,incomplete,8,56,verification,10,0.17857142857142858,cognitive,1.0,Verification,V
qwen35_27b,gpqa,incomplete,9,57,verification,10,0.17543859649122806,cognitive,0.6666666666666666,Verification,V
qwen35_27b,gpqa,incomplete,0,57,Perspective_Shift,10,0.17543859649122806,conversational,0.5263157894736842,Perspective shift,P
qwen35_27b,gpqa,incomplete,1,56,Question_and_Answering,7,0.125,conversational,0.411764705882353,Question–answer,Q
qwen35_27b,gpqa,incomplete,2,56,Conflict_of_Perspectives,8,0.14285714285714285,conversational,0.36363636363636365,Perspective conflict,C
qwen35_27b,gpqa,incomplete,3,56,Perspective_Shift,8,0.14285714285714285,conversational,0.47058823529411764,Perspective shift,P
qwen35_27b,gpqa,incomplete,4,56,Conflict_of_Perspectives,6,0.10714285714285714,conversational,0.31578947368421056,Perspective conflict,C
qwen35_27b,gpqa,incomplete,5,56,Perspective_Shift,8,0.14285714285714285,conversational,0.4,Perspective shift,P
qwen35_27b,gpqa,incomplete,6,56,Question_and_Answering,12,0.21428571428571427,conversational,0.5,Question–answer,Q
qwen35_27b,gpqa,incomplete,7,56,Perspective_Shift,16,0.2857142857142857,conversational,0.64,Perspective shift,P
qwen35_27b,gpqa,incomplete,8,56,Perspective_Shift,10,0.17857142857142858,conversational,0.5,Perspective shift,P
qwen35_27b,gpqa,incomplete,9,57,Perspective_Shift,7,0.12280701754385964,conversational,0.35,Perspective shift,P
qwen35_27b,gpqa,low,0,7607,verification,757,0.09951360588931248,cognitive,0.4624312767257178,Verification,V
qwen35_27b,gpqa,low,1,7551,verification,1092,0.144616607071911,cognitive,0.5560081466395113,Verification,V
qwen35_27b,gpqa,low,2,7571,verification,1150,0.15189539030511162,cognitive,0.6017791732077447,Verification,V
qwen35_27b,gpqa,low,3,7546,verification,1111,0.14723032069970846,cognitive,0.620323841429369,Verification,V
qwen35_27b,gpqa,low,4,7549,verification,1132,0.149953636243211,cognitive,0.6384658770445572,Verification,V
qwen35_27b,gpqa,low,5,7576,verification,1175,0.15509503695881732,cognitive,0.6564245810055866,Verification,V
qwen35_27b,gpqa,low,6,7560,verification,1165,0.1541005291005291,cognitive,0.6519306099608282,Verification,V
qwen35_27b,gpqa,low,7,7557,verification,1330,0.17599576551541618,cognitive,0.6945169712793733,Verification,V
qwen35_27b,gpqa,low,8,7565,verification,1336,0.1766027759418374,cognitive,0.709506107275624,Verification,V
qwen35_27b,gpqa,low,9,7615,verification,1549,0.20341431385423506,cognitive,0.7748874437218609,Verification,V
qwen35_27b,gpqa,low,0,7607,Perspective_Shift,1184,0.1556461154200079,conversational,0.4532924961715161,Perspective shift,P
qwen35_27b,gpqa,low,1,7551,Perspective_Shift,1323,0.17520858164481526,conversational,0.4059527462411783,Perspective shift,P
qwen35_27b,gpqa,low,2,7571,Perspective_Shift,1279,0.16893409060890238,conversational,0.38327839376685646,Perspective shift,P
qwen35_27b,gpqa,low,3,7546,Perspective_Shift,1226,0.16247018287834614,conversational,0.3752678298132843,Perspective shift,P
qwen35_27b,gpqa,low,4,7549,Perspective_Shift,1173,0.15538481918134853,conversational,0.3636081835089895,Perspective shift,P
qwen35_27b,gpqa,low,5,7576,Question_and_Answering,1192,0.1573389651531151,conversational,0.35881998795906084,Question–answer,Q
qwen35_27b,gpqa,low,6,7560,Perspective_Shift,1153,0.15251322751322752,conversational,0.3634930643127364,Perspective shift,P
qwen35_27b,gpqa,low,7,7557,Question_and_Answering,1183,0.15654360195844913,conversational,0.35376794258373206,Question–answer,Q
qwen35_27b,gpqa,low,8,7565,Perspective_Shift,1111,0.14686054196959683,conversational,0.3660626029654036,Perspective shift,P
qwen35_27b,gpqa,low,9,7615,Perspective_Shift,1058,0.13893630991464215,conversational,0.35598923283983847,Perspective shift,P
qwen35_27b,idea,all,0,11874,verification,2579,0.2171972376621189,cognitive,0.5370678883798417,Verification,V
qwen35_27b,idea,all,1,11644,backtracking,2233,0.1917725867399519,cognitive,0.4627979274611399,Backtracking,B
qwen35_27b,idea,all,2,11687,backtracking,2226,0.1904680414135364,cognitive,0.54345703125,Backtracking,B
qwen35_27b,idea,all,3,11638,backtracking,1905,0.1636879188864066,cognitive,0.5294608115619789,Backtracking,B
qwen35_27b,idea,all,4,11586,backtracking,1950,0.16830657690315898,cognitive,0.5209724819663372,Backtracking,B
qwen35_27b,idea,all,5,11740,backtracking,1721,0.14659284497444633,cognitive,0.47462768891340323,Backtracking,B
qwen35_27b,idea,all,6,11680,backtracking,1654,0.14160958904109588,cognitive,0.4396597554492292,Backtracking,B
qwen35_27b,idea,all,7,11645,backtracking,1610,0.1382567625590382,cognitive,0.42413066385669124,Backtracking,B
qwen35_27b,idea,all,8,11686,backtracking,1535,0.13135375663186719,cognitive,0.4109772423025435,Backtracking,B
qwen35_27b,idea,all,9,11928,verification,1601,0.13422199865861836,cognitive,0.42899249732047157,Verification,V
qwen35_27b,idea,all,0,11874,Perspective_Shift,4670,0.39329627758127,conversational,0.6289562289562289,Perspective shift,P
qwen35_27b,idea,all,1,11644,Perspective_Shift,4550,0.3907591892820337,conversational,0.6073955413162462,Perspective shift,P
qwen35_27b,idea,all,2,11687,Perspective_Shift,3461,0.296141011380166,conversational,0.5862127371273713,Perspective shift,P
qwen35_27b,idea,all,3,11638,Perspective_Shift,2926,0.2514177693761815,conversational,0.5656292286874154,Perspective shift,P
qwen35_27b,idea,all,4,11586,Perspective_Shift,2924,0.2523735542896599,conversational,0.5578023655093476,Perspective shift,P
qwen35_27b,idea,all,5,11740,Perspective_Shift,2687,0.22887563884156728,conversational,0.5388008822939643,Perspective shift,P
qwen35_27b,idea,all,6,11680,Perspective_Shift,2629,0.22508561643835617,conversational,0.5233923949830778,Perspective shift,P
qwen35_27b,idea,all,7,11645,Perspective_Shift,2566,0.22035208243881493,conversational,0.5117670522536897,Perspective shift,P
qwen35_27b,idea,all,8,11686,Perspective_Shift,2460,0.21050830053054936,conversational,0.5025536261491317,Perspective shift,P
qwen35_27b,idea,all,9,11928,Perspective_Shift,2212,0.18544600938967137,conversational,0.4633431085043988,Perspective shift,P
qwen35_27b,idea,high,0,7627,verification,1660,0.21764783007735675,cognitive,0.5361757105943152,Verification,V
qwen35_27b,idea,high,1,7463,backtracking,1434,0.19214792978694895,cognitive,0.46603834904127395,Backtracking,B
qwen35_27b,idea,high,2,7491,backtracking,1456,0.19436657322119877,cognitive,0.5384615384615384,Backtracking,B
qwen35_27b,idea,high,3,7471,backtracking,1208,0.16169187525097042,cognitive,0.5215889464594128,Backtracking,B
qwen35_27b,idea,high,4,7424,backtracking,1237,0.1666217672413793,cognitive,0.5204038704249054,Backtracking,B
qwen35_27b,idea,high,5,7527,backtracking,1100,0.14614056064833267,cognitive,0.47311827956989244,Backtracking,B
qwen35_27b,idea,high,6,7499,backtracking,1067,0.14228563808507802,cognitive,0.44421315570358044,Backtracking,B
qwen35_27b,idea,high,7,7463,backtracking,1030,0.13801420340345705,cognitive,0.41972290138549306,Backtracking,B
qwen35_27b,idea,high,8,7491,verification,1024,0.13669737017754638,cognitive,0.42401656314699787,Verification,V
qwen35_27b,idea,high,9,7661,verification,1046,0.1365357003002219,cognitive,0.4325889164598842,Verification,V
qwen35_27b,idea,high,0,7627,Perspective_Shift,2943,0.3858660023600367,conversational,0.6287118137150182,Perspective shift,P
qwen35_27b,idea,high,1,7463,Perspective_Shift,2997,0.4015811335923891,conversational,0.6164129987659399,Perspective shift,P
qwen35_27b,idea,high,2,7491,Perspective_Shift,2274,0.30356427713255907,conversational,0.5836755646817248,Perspective shift,P
qwen35_27b,idea,high,3,7471,Perspective_Shift,1884,0.25217507696426184,conversational,0.5650869826034793,Perspective shift,P
qwen35_27b,idea,high,4,7424,Perspective_Shift,1872,0.2521551724137931,conversational,0.5601436265709157,Perspective shift,P
qwen35_27b,idea,high,5,7527,Perspective_Shift,1719,0.2283778397768035,conversational,0.5365168539325843,Perspective shift,P
qwen35_27b,idea,high,6,7499,Perspective_Shift,1709,0.22789705294039206,conversational,0.5256844047985235,Perspective shift,P
qwen35_27b,idea,high,7,7463,Perspective_Shift,1602,0.21465898432265845,conversational,0.5012515644555694,Perspective shift,P
qwen35_27b,idea,high,8,7491,Perspective_Shift,1538,0.2053130423174476,conversational,0.49106002554278416,Perspective shift,P
qwen35_27b,idea,high,9,7661,Perspective_Shift,1444,0.18848714267066963,conversational,0.46565623992260563,Perspective shift,P
qwen35_27b,idea,low,0,4247,verification,919,0.2163880386154933,cognitive,0.5386869871043376,Verification,V
qwen35_27b,idea,low,1,4181,backtracking,799,0.19110260703181056,cognitive,0.4570938215102975,Backtracking,B
qwen35_27b,idea,low,2,4196,backtracking,770,0.18350810295519543,cognitive,0.55316091954023,Backtracking,B
qwen35_27b,idea,low,3,4167,backtracking,697,0.16726661867050635,cognitive,0.5436817472698908,Backtracking,B
qwen35_27b,idea,low,4,4162,backtracking,713,0.17131186929360884,cognitive,0.5219619326500732,Backtracking,B
qwen35_27b,idea,low,5,4213,backtracking,621,0.14740090197009256,cognitive,0.4773251345119139,Backtracking,B
qwen35_27b,idea,low,6,4181,backtracking,587,0.14039703420234392,cognitive,0.4316176470588235,Backtracking,B
qwen35_27b,idea,low,7,4182,backtracking,580,0.13868962219033956,cognitive,0.43219076005961254,Backtracking,B
qwen35_27b,idea,low,8,4195,backtracking,570,0.13587604290822408,cognitive,0.43181818181818177,Backtracking,B
qwen35_27b,idea,low,9,4267,verification,555,0.13006796344035623,cognitive,0.4223744292237443,Verification,V
qwen35_27b,idea,low,0,4247,Perspective_Shift,1727,0.406639981163174,conversational,0.6293731778425655,Perspective shift,P
qwen35_27b,idea,low,1,4181,Perspective_Shift,1553,0.3714422386988759,conversational,0.5907189045264359,Perspective shift,P
qwen35_27b,idea,low,2,4196,Perspective_Shift,1187,0.2828884652049571,conversational,0.5911354581673306,Perspective shift,P
qwen35_27b,idea,low,3,4167,Perspective_Shift,1042,0.25005999520038397,conversational,0.5666122892876563,Perspective shift,P
qwen35_27b,idea,low,4,4162,Perspective_Shift,1052,0.2527630946660259,conversational,0.5536842105263158,Perspective shift,P
qwen35_27b,idea,low,5,4213,Perspective_Shift,968,0.2297650130548303,conversational,0.542905215928211,Perspective shift,P
qwen35_27b,idea,low,6,4181,Perspective_Shift,920,0.22004305190145898,conversational,0.5191873589164785,Perspective shift,P
qwen35_27b,idea,low,7,4182,Perspective_Shift,964,0.2305117168818747,conversational,0.5302530253025303,Perspective shift,P
qwen35_27b,idea,low,8,4195,Perspective_Shift,922,0.2197854588796186,conversational,0.5229722064662506,Perspective shift,P
qwen35_27b,idea,low,9,4267,Perspective_Shift,768,0.179985938598547,conversational,0.45905558876270175,Perspective shift,P
qwen35_27b,math,all,0,17029,subgoal,2025,0.11891479241294263,cognitive,0.4808834006174306,Subgoal setting,S
qwen35_27b,math,all,1,16817,verification,3249,0.19319735981447345,cognitive,0.6780050083472453,Verification,V
qwen35_27b,math,all,2,16855,verification,3860,0.22901216256303766,cognitive,0.7232527637249392,Verification,V
qwen35_27b,math,all,3,16800,verification,3825,0.22767857142857142,cognitive,0.733601841196778,Verification,V
qwen35_27b,math,all,4,16772,verification,3895,0.2322322919150966,cognitive,0.763126959247649,Verification,V
qwen35_27b,math,all,5,16904,verification,4003,0.23680785612872693,cognitive,0.764514896867838,Verification,V
qwen35_27b,math,all,6,16848,verification,3931,0.23332146248812916,cognitive,0.7593200695383426,Verification,V
qwen35_27b,math,all,7,16807,verification,4175,0.2484084012613792,cognitive,0.7833020637898687,Verification,V
qwen35_27b,math,all,8,16865,verification,4041,0.23960865698191522,cognitive,0.7708889736741701,Verification,V
qwen35_27b,math,all,9,17066,verification,4548,0.2664947849525372,cognitive,0.8007042253521126,Verification,V
qwen35_27b,math,all,0,17029,Perspective_Shift,1991,0.11691819836749075,conversational,0.5388362652232747,Perspective shift,P
qwen35_27b,math,all,1,16817,Perspective_Shift,1890,0.11238627579235298,conversational,0.4160246533127889,Perspective shift,P
qwen35_27b,math,all,2,16855,Perspective_Shift,1912,0.11343814891723525,conversational,0.38194166999600476,Perspective shift,P
qwen35_27b,math,all,3,16800,Perspective_Shift,1864,0.11095238095238096,conversational,0.37079769246071215,Perspective shift,P
qwen35_27b,math,all,4,16772,Question_and_Answering,1893,0.11286668256618174,conversational,0.35723721456878654,Question–answer,Q
qwen35_27b,math,all,5,16904,Perspective_Shift,1899,0.11234027449124467,conversational,0.35648582691946684,Perspective shift,P
qwen35_27b,math,all,6,16848,Perspective_Shift,1900,0.11277302943969611,conversational,0.35335689045936397,Perspective shift,P
qwen35_27b,math,all,7,16807,Question_and_Answering,2003,0.11917653358719581,conversational,0.3734153616703952,Question–answer,Q
qwen35_27b,math,all,8,16865,Question_and_Answering,1940,0.11503112955825674,conversational,0.36459312159368534,Question–answer,Q
qwen35_27b,math,all,9,17066,Question_and_Answering,1763,0.10330481659439822,conversational,0.3509156050955414,Question–answer,Q
qwen35_27b,math,high,0,10964,verification,1236,0.11273257935060196,cognitive,0.46782740348221047,Verification,V
qwen35_27b,math,high,1,10841,verification,2068,0.19075731021123513,cognitive,0.6972353337828726,Verification,V
qwen35_27b,math,high,2,10864,verification,2499,0.23002577319587628,cognitive,0.7402251184834122,Verification,V
qwen35_27b,math,high,3,10829,verification,2435,0.22485917443900638,cognitive,0.7494613727300707,Verification,V
qwen35_27b,math,high,4,10820,verification,2552,0.23585951940850278,cognitive,0.7874112928108609,Verification,V
qwen35_27b,math,high,5,10891,verification,2540,0.2332200899825544,cognitive,0.7676035055908129,Verification,V
qwen35_27b,math,high,6,10857,verification,2571,0.2368057474440453,cognitive,0.776268115942029,Verification,V
qwen35_27b,math,high,7,10836,verification,2805,0.258859357696567,cognitive,0.8095238095238095,Verification,V
qwen35_27b,math,high,8,10869,verification,2661,0.24482473088600606,cognitive,0.7917286521868492,Verification,V
qwen35_27b,math,high,9,10988,verification,2894,0.2633782307972333,cognitive,0.8027739251040221,Verification,V
qwen35_27b,math,high,0,10964,Perspective_Shift,1231,0.11227654140824517,conversational,0.5144170497283744,Perspective shift,P
qwen35_27b,math,high,1,10841,Perspective_Shift,1206,0.11124435015219998,conversational,0.4093686354378819,Perspective shift,P
qwen35_27b,math,high,2,10864,Perspective_Shift,1219,0.11220544918998528,conversational,0.3830923947203017,Perspective shift,P
qwen35_27b,math,high,3,10829,Perspective_Shift,1179,0.10887431895835258,conversational,0.3612132352941177,Perspective shift,P
qwen35_27b,math,high,4,10820,Question_and_Answering,1262,0.1166358595194085,conversational,0.36654080743537615,Question–answer,Q
qwen35_27b,math,high,5,10891,Question_and_Answering,1259,0.11560003672757323,conversational,0.3552483069977426,Question–answer,Q
qwen35_27b,math,high,6,10857,Question_and_Answering,1274,0.11734364925854288,conversational,0.3654618473895582,Question–answer,Q
qwen35_27b,math,high,7,10836,Question_and_Answering,1387,0.12799926172019196,conversational,0.3813582623040968,Question–answer,Q
qwen35_27b,math,high,8,10869,Question_and_Answering,1207,0.1110497745882786,conversational,0.35741782647320114,Question–answer,Q
qwen35_27b,math,high,9,10988,Perspective_Shift,1088,0.09901710957408082,conversational,0.3394695787831513,Perspective shift,P
qwen35_27b,math,low,0,6065,subgoal,831,0.1370156636438582,cognitive,0.5296367112810707,Subgoal setting,S
qwen35_27b,math,low,1,5976,verification,1181,0.19762382864792502,cognitive,0.6467688937568455,Verification,V
qwen35_27b,math,low,2,5991,verification,1361,0.2271740944750459,cognitive,0.6940336562978072,Verification,V
qwen35_27b,math,low,3,5971,verification,1390,0.23279182716462904,cognitive,0.7073791348600509,Verification,V
qwen35_27b,math,low,4,5952,verification,1343,0.22563844086021506,cognitive,0.7208803005904456,Verification,V
qwen35_27b,math,low,5,6013,verification,1463,0.24330616996507567,cognitive,0.7592112091333679,Verification,V
qwen35_27b,math,low,6,5991,verification,1360,0.2270071774328159,cognitive,0.7292225201072386,Verification,V
qwen35_27b,math,low,7,5971,verification,1370,0.2294423044716128,cognitive,0.7345844504021448,Verification,V
qwen35_27b,math,low,8,5996,verification,1380,0.23015343562374915,cognitive,0.733652312599681,Verification,V
qwen35_27b,math,low,9,6078,verification,1654,0.2721289897992761,cognitive,0.7971084337349398,Verification,V
qwen35_27b,math,low,0,6065,Perspective_Shift,760,0.12530915086562242,conversational,0.5837173579109063,Perspective shift,P
qwen35_27b,math,low,1,5976,Perspective_Shift,684,0.1144578313253012,conversational,0.4283030682529743,Perspective shift,P
qwen35_27b,math,low,2,5991,Perspective_Shift,693,0.1156735102653981,conversational,0.3799342105263158,Perspective shift,P
qwen35_27b,math,low,3,5971,Perspective_Shift,685,0.1147211522358064,conversational,0.3885422575155984,Perspective shift,P
qwen35_27b,math,low,4,5952,Perspective_Shift,697,0.11710349462365591,conversational,0.37553879310344823,Perspective shift,P
qwen35_27b,math,low,5,6013,Perspective_Shift,676,0.11242308331947447,conversational,0.37913628715647785,Perspective shift,P
qwen35_27b,math,low,6,5991,Perspective_Shift,732,0.12218327491236855,conversational,0.3870967741935484,Perspective shift,P
qwen35_27b,math,low,7,5971,Perspective_Shift,662,0.11086920113883772,conversational,0.38332368268674,Perspective shift,P
qwen35_27b,math,low,8,5996,Question_and_Answering,733,0.12224816544362908,conversational,0.37705761316872427,Question–answer,Q
qwen35_27b,math,low,9,6078,Question_and_Answering,692,0.11385324119776243,conversational,0.38042880703683346,Question–answer,Q
qwen35_27b,moral,all,0,5498,subgoal,959,0.17442706438704983,cognitive,0.9256756756756757,Subgoal setting,S
qwen35_27b,moral,all,1,5251,subgoal,671,0.12778518377451914,cognitive,0.799761620977354,Subgoal setting,S
qwen35_27b,moral,all,2,5313,subgoal,704,0.13250517598343686,cognitive,0.7839643652561248,Subgoal setting,S
qwen35_27b,moral,all,3,5250,subgoal,817,0.15561904761904763,cognitive,0.7281639928698752,Subgoal setting,S
qwen35_27b,moral,all,4,5213,subgoal,893,0.17130251294839824,cognitive,0.7277913610431949,Subgoal setting,S
qwen35_27b,moral,all,5,5346,subgoal,958,0.17919940142162363,cognitive,0.6689944134078212,Subgoal setting,S
qwen35_27b,moral,all,6,5302,subgoal,903,0.17031308940022633,cognitive,0.5972222222222222,Subgoal setting,S
qwen35_27b,moral,all,7,5261,subgoal,776,0.14750047519482987,cognitive,0.47115968427443833,Subgoal setting,S
qwen35_27b,moral,all,8,5303,subgoal,836,0.157646615123515,cognitive,0.4891749561146869,Subgoal setting,S
qwen35_27b,moral,all,9,5553,subgoal,970,0.1746803529623627,cognitive,0.5437219730941704,Subgoal setting,S
qwen35_27b,moral,all,0,5498,Perspective_Shift,787,0.14314296107675517,conversational,0.7033065236818588,Perspective shift,P
qwen35_27b,moral,all,1,5251,Perspective_Shift,1452,0.27651875833174633,conversational,0.6134347275031685,Perspective shift,P
qwen35_27b,moral,all,2,5313,Perspective_Shift,1372,0.25823451910408435,conversational,0.5674110835401158,Perspective shift,P
qwen35_27b,moral,all,3,5250,Perspective_Shift,1233,0.23485714285714285,conversational,0.49818181818181817,Perspective shift,P
qwen35_27b,moral,all,4,5213,Perspective_Shift,1123,0.2154229810090159,conversational,0.47970952584365656,Perspective shift,P
qwen35_27b,moral,all,5,5346,Perspective_Shift,1133,0.21193415637860083,conversational,0.47765598650927493,Perspective shift,P
qwen35_27b,moral,all,6,5302,Perspective_Shift,953,0.17974349302150133,conversational,0.41761612620508326,Perspective shift,P
qwen35_27b,moral,all,7,5261,Perspective_Shift,865,0.1644174111385668,conversational,0.37445887445887444,Perspective shift,P
qwen35_27b,moral,all,8,5303,Perspective_Shift,830,0.15651518008674337,conversational,0.36339754816112085,Perspective shift,P
qwen35_27b,moral,all,9,5553,Perspective_Shift,823,0.14820817576085,conversational,0.3949136276391555,Perspective shift,P
qwen35_27b,moral,high,0,2762,subgoal,460,0.166545981173063,cognitive,0.9387755102040817,Subgoal setting,S
qwen35_27b,moral,high,1,2645,subgoal,330,0.12476370510396975,cognitive,0.8009708737864077,Subgoal setting,S
qwen35_27b,moral,high,2,2674,subgoal,351,0.131264023934181,cognitive,0.7680525164113785,Subgoal setting,S
qwen35_27b,moral,high,3,2638,subgoal,403,0.1527672479150872,cognitive,0.7222222222222222,Subgoal setting,S
qwen35_27b,moral,high,4,2617,subgoal,440,0.1681314482231563,cognitive,0.7201309328968903,Subgoal setting,S
qwen35_27b,moral,high,5,2691,subgoal,503,0.18691936083240432,cognitive,0.6966759002770083,Subgoal setting,S
qwen35_27b,moral,high,6,2664,subgoal,452,0.16966966966966968,cognitive,0.5794871794871795,Subgoal setting,S
qwen35_27b,moral,high,7,2648,subgoal,376,0.1419939577039275,cognitive,0.47058823529411764,Subgoal setting,S
qwen35_27b,moral,high,8,2671,subgoal,406,0.15200299513290902,cognitive,0.4770857814336075,Subgoal setting,S
qwen35_27b,moral,high,9,2794,subgoal,480,0.1717967072297781,cognitive,0.5234460196292258,Subgoal setting,S
qwen35_27b,moral,high,0,2762,Perspective_Shift,378,0.13685734974656047,conversational,0.7105263157894737,Perspective shift,P
qwen35_27b,moral,high,1,2645,Perspective_Shift,742,0.28052930056710773,conversational,0.6224832214765101,Perspective shift,P
qwen35_27b,moral,high,2,2674,Perspective_Shift,696,0.26028421839940163,conversational,0.5550239234449761,Perspective shift,P
qwen35_27b,moral,high,3,2638,Perspective_Shift,611,0.23161485974222895,conversational,0.494336569579288,Perspective shift,P
qwen35_27b,moral,high,4,2617,Perspective_Shift,577,0.22048146732900267,conversational,0.5008680555555556,Perspective shift,P
qwen35_27b,moral,high,5,2691,Perspective_Shift,589,0.21887774061687104,conversational,0.4974662162162162,Perspective shift,P
qwen35_27b,moral,high,6,2664,Perspective_Shift,498,0.18693693693693694,conversational,0.4274678111587983,Perspective shift,P
qwen35_27b,moral,high,7,2648,Perspective_Shift,444,0.16767371601208458,conversational,0.3929203539823009,Perspective shift,P
qwen35_27b,moral,high,8,2671,Perspective_Shift,429,0.16061400224634967,conversational,0.37730870712401055,Perspective shift,P
qwen35_27b,moral,high,9,2794,Perspective_Shift,401,0.14352183249821046,conversational,0.38154138915318747,Perspective shift,P
qwen35_27b,moral,low,0,2736,subgoal,499,0.1823830409356725,cognitive,0.913919413919414,Subgoal setting,S
qwen35_27b,moral,low,1,2606,subgoal,341,0.1308518802762855,cognitive,0.7985948477751756,Subgoal setting,S
qwen35_27b,moral,low,2,2639,subgoal,353,0.13376278893520274,cognitive,0.8004535147392291,Subgoal setting,S
qwen35_27b,moral,low,3,2612,subgoal,414,0.1584992343032159,cognitive,0.7340425531914894,Subgoal setting,S
qwen35_27b,moral,low,4,2596,subgoal,453,0.17449922958397535,cognitive,0.7353896103896104,Subgoal setting,S
qwen35_27b,moral,low,5,2655,subgoal,455,0.1713747645951036,cognitive,0.6408450704225352,Subgoal setting,S
qwen35_27b,moral,low,6,2638,subgoal,451,0.1709628506444276,cognitive,0.6161202185792349,Subgoal setting,S
qwen35_27b,moral,low,7,2613,subgoal,400,0.15308075009567546,cognitive,0.4716981132075471,Subgoal setting,S
qwen35_27b,moral,low,8,2632,subgoal,430,0.16337386018237082,cognitive,0.5011655011655012,Subgoal setting,S
qwen35_27b,moral,low,9,2759,subgoal,490,0.17760057992026096,cognitive,0.5651672433679353,Subgoal setting,S
qwen35_27b,moral,low,0,2736,Perspective_Shift,409,0.14948830409356725,conversational,0.696763202725724,Perspective shift,P
qwen35_27b,moral,low,1,2606,Perspective_Shift,710,0.2724481964696853,conversational,0.6042553191489362,Perspective shift,P
qwen35_27b,moral,low,2,2639,Perspective_Shift,676,0.2561576354679803,conversational,0.5807560137457045,Perspective shift,P
qwen35_27b,moral,low,3,2612,Perspective_Shift,622,0.23813169984686064,conversational,0.5020177562550444,Perspective shift,P
qwen35_27b,moral,low,4,2596,Perspective_Shift,546,0.2103235747303544,conversational,0.4592094196804037,Perspective shift,P
qwen35_27b,moral,low,5,2655,Perspective_Shift,544,0.20489642184557438,conversational,0.4579124579124579,Perspective shift,P
qwen35_27b,moral,low,6,2638,Perspective_Shift,455,0.17247915087187263,conversational,0.4073410922112802,Perspective shift,P
qwen35_27b,moral,low,7,2613,Perspective_Shift,421,0.16111748947569843,conversational,0.35677966101694913,Perspective shift,P
qwen35_27b,moral,low,8,2632,Perspective_Shift,401,0.15235562310030396,conversational,0.34960767218831734,Perspective shift,P
qwen35_27b,moral,low,9,2759,Perspective_Shift,422,0.15295396882928597,conversational,0.4085188770571152,Perspective shift,P
qwen35_27b,planning,all,0,19938,verification,1864,0.09348981843715518,cognitive,0.6133596577821652,Verification,V
qwen35_27b,planning,all,1,19681,verification,3568,0.1812916010365327,cognitive,0.7445742904841403,Verification,V
qwen35_27b,planning,all,2,19724,verification,4023,0.20396471303995134,cognitive,0.793491124260355,Verification,V
qwen35_27b,planning,all,3,19685,verification,4153,0.2109728219456439,cognitive,0.8122433013886172,Verification,V
qwen35_27b,planning,all,4,19634,verification,4416,0.22491596210654985,cognitive,0.8203603938324354,Verification,V
qwen35_27b,planning,all,5,19773,verification,4780,0.24174379203965002,cognitive,0.8371278458844134,Verification,V
qwen35_27b,planning,all,6,19739,verification,4940,0.25026597092051267,cognitive,0.8437233134073442,Verification,V
qwen35_27b,planning,all,7,19670,verification,4761,0.242043721403152,cognitive,0.8510904540579192,Verification,V
qwen35_27b,planning,all,8,19735,verification,4860,0.24626298454522422,cognitive,0.8480195428372012,Verification,V
qwen35_27b,planning,all,9,19989,verification,5332,0.26674671069087996,cognitive,0.8698205546492659,Verification,V
qwen35_27b,planning,all,0,19938,Perspective_Shift,1772,0.08887551409369045,conversational,0.45906735751295336,Perspective shift,P
qwen35_27b,planning,all,1,19681,Question_and_Answering,2576,0.13088765814745185,conversational,0.4450587422252937,Question–answer,Q
qwen35_27b,planning,all,2,19724,Question_and_Answering,2907,0.14738389778949504,conversational,0.47492239830093125,Question–answer,Q
qwen35_27b,planning,all,3,19685,Question_and_Answering,2681,0.13619507239014478,conversational,0.42293737182520896,Question–answer,Q
qwen35_27b,planning,all,4,19634,Question_and_Answering,2608,0.13283080370785372,conversational,0.407754846779237,Question–answer,Q
qwen35_27b,planning,all,5,19773,Question_and_Answering,2673,0.135184342284934,conversational,0.40616927518614193,Question–answer,Q
qwen35_27b,planning,all,6,19739,Question_and_Answering,2644,0.13394802168296266,conversational,0.41468005018820575,Question–answer,Q
qwen35_27b,planning,all,7,19670,Question_and_Answering,2702,0.13736654804270462,conversational,0.4066827212522577,Question–answer,Q
qwen35_27b,planning,all,8,19735,Question_and_Answering,2562,0.1298201165442108,conversational,0.3980114960385273,Question–answer,Q
qwen35_27b,planning,all,9,19989,Perspective_Shift,2233,0.11171144129271099,conversational,0.3636215600065136,Perspective shift,P
qwen35_27b,planning,high,0,17659,verification,1589,0.08998244521207316,cognitive,0.594685628742515,Verification,V
qwen35_27b,planning,high,1,17418,verification,3079,0.1767711562751177,cognitive,0.7334444973797045,Verification,V
qwen35_27b,planning,high,2,17461,verification,3466,0.1984995132008476,cognitive,0.778176919622811,Verification,V
qwen35_27b,planning,high,3,17421,verification,3705,0.21267435853280522,cognitive,0.8052597261464899,Verification,V
qwen35_27b,planning,high,4,17376,verification,3901,0.22450506445672191,cognitive,0.811018711018711,Verification,V
qwen35_27b,planning,high,5,17505,verification,4345,0.2482147957726364,cognitive,0.8339731285988484,Verification,V
qwen35_27b,planning,high,6,17472,verification,4480,0.2564102564102564,cognitive,0.8397375820056232,Verification,V
qwen35_27b,planning,high,7,17410,verification,4292,0.24652498564043654,cognitive,0.8440511307767944,Verification,V
qwen35_27b,planning,high,8,17469,verification,4316,0.24706623161028107,cognitive,0.8377329192546584,Verification,V
qwen35_27b,planning,high,9,17705,verification,4827,0.27263484891273654,cognitive,0.863815318539728,Verification,V
qwen35_27b,planning,high,0,17659,Perspective_Shift,1591,0.09009570190837533,conversational,0.466432131339783,Perspective shift,P
qwen35_27b,planning,high,1,17418,Question_and_Answering,2259,0.12969342059937994,conversational,0.4518,Question–answer,Q
qwen35_27b,planning,high,2,17461,Question_and_Answering,2590,0.14833056525972166,conversational,0.48043034687442027,Question–answer,Q
qwen35_27b,planning,high,3,17421,Question_and_Answering,2440,0.14006084610527525,conversational,0.4357142857142857,Question–answer,Q
qwen35_27b,planning,high,4,17376,Question_and_Answering,2349,0.1351864640883978,conversational,0.4195392034291838,Question–answer,Q
qwen35_27b,planning,high,5,17505,Question_and_Answering,2407,0.13750357040845473,conversational,0.42080419580419587,Question–answer,Q
qwen35_27b,planning,high,6,17472,Question_and_Answering,2406,0.13770604395604397,conversational,0.43002680965147455,Question–answer,Q
qwen35_27b,planning,high,7,17410,Question_and_Answering,2416,0.13877082136703045,conversational,0.4172711571675302,Question–answer,Q
qwen35_27b,planning,high,8,17469,Question_and_Answering,2312,0.13234873203961303,conversational,0.4087694483734088,Question–answer,Q
qwen35_27b,planning,high,9,17705,Question_and_Answering,1965,0.11098559728890144,conversational,0.3662628145386766,Question–answer,Q
qwen35_27b,planning,low,0,2279,verification,275,0.12066695919262835,cognitive,0.7493188010899182,Verification,V
qwen35_27b,planning,low,1,2263,verification,489,0.21608484312859036,cognitive,0.8232323232323233,Verification,V
qwen35_27b,planning,low,2,2263,verification,557,0.24613345117101193,cognitive,0.9042207792207793,Verification,V
qwen35_27b,planning,low,3,2264,verification,448,0.1978798586572438,cognitive,0.875,Verification,V
qwen35_27b,planning,low,4,2258,verification,515,0.22807794508414525,cognitive,0.8987783595113439,Verification,V
qwen35_27b,planning,low,5,2268,verification,435,0.1917989417989418,cognitive,0.8700000000000001,Verification,V
qwen35_27b,planning,low,6,2267,verification,460,0.20291133656815175,cognitive,0.8846153846153846,Verification,V
qwen35_27b,planning,low,7,2260,verification,469,0.2075221238938053,cognitive,0.9214145383104125,Verification,V
qwen35_27b,planning,low,8,2266,verification,544,0.24007060900264784,cognitive,0.9395509499136442,Verification,V
qwen35_27b,planning,low,9,2284,verification,505,0.22110332749562173,cognitive,0.9317343173431735,Verification,V
qwen35_27b,planning,low,0,2279,Question_and_Answering,199,0.08731899956121106,conversational,0.44320712694877507,Question–answer,Q
qwen35_27b,planning,low,1,2263,Question_and_Answering,317,0.14007954043305346,conversational,0.4022842639593908,Question–answer,Q
qwen35_27b,planning,low,2,2263,Question_and_Answering,317,0.14007954043305346,conversational,0.43424657534246575,Question–answer,Q
qwen35_27b,planning,low,3,2264,Perspective_Shift,307,0.1356007067137809,conversational,0.41542625169147496,Perspective shift,P
qwen35_27b,planning,low,4,2258,Perspective_Shift,352,0.15589016829052257,conversational,0.44165621079046424,Perspective shift,P
qwen35_27b,planning,low,5,2268,Perspective_Shift,379,0.16710758377425045,conversational,0.44018583042973286,Perspective shift,P
qwen35_27b,planning,low,6,2267,Perspective_Shift,337,0.14865460961623292,conversational,0.43149807938540335,Perspective shift,P
qwen35_27b,planning,low,7,2260,Perspective_Shift,334,0.14778761061946902,conversational,0.3911007025761124,Perspective shift,P
qwen35_27b,planning,low,8,2266,Perspective_Shift,319,0.1407766990291262,conversational,0.40845070422535207,Perspective shift,P
qwen35_27b,planning,low,9,2284,Perspective_Shift,301,0.1317863397548161,conversational,0.38788659793814434,Perspective shift,P
qwen35_27b,safety,all,0,1994,subgoal,558,0.279839518555667,cognitive,0.9841269841269841,Subgoal setting,S
qwen35_27b,safety,all,1,1847,subgoal,340,0.18408229561451,cognitive,0.8717948717948718,Subgoal setting,S
qwen35_27b,safety,all,2,1881,subgoal,325,0.17278043593833067,cognitive,0.639763779527559,Subgoal setting,S
qwen35_27b,safety,all,3,1829,subgoal,276,0.1509021323127392,cognitive,0.5036496350364964,Subgoal setting,S
qwen35_27b,safety,all,4,1821,subgoal,293,0.16090060406370127,cognitive,0.4932659932659933,Subgoal setting,S
qwen35_27b,safety,all,5,1904,subgoal,329,0.17279411764705882,cognitive,0.5280898876404494,Subgoal setting,S
qwen35_27b,safety,all,6,1868,subgoal,302,0.16167023554603854,cognitive,0.49671052631578944,Subgoal setting,S
qwen35_27b,safety,all,7,1842,verification,264,0.14332247557003258,cognitive,0.45993031358885017,Verification,V
qwen35_27b,safety,all,8,1886,subgoal,262,0.13891834570519618,cognitive,0.46208112874779544,Subgoal setting,S
qwen35_27b,safety,all,9,2026,verification,251,0.12388943731490622,cognitive,0.47003745318352064,Verification,V
qwen35_27b,safety,all,0,1994,Perspective_Shift,272,0.13640922768304914,conversational,0.9096989966555183,Perspective shift,P
qwen35_27b,safety,all,1,1847,Perspective_Shift,399,0.21602598808879264,conversational,0.764367816091954,Perspective shift,P
qwen35_27b,safety,all,2,1881,Perspective_Shift,383,0.20361509835194044,conversational,0.6003134796238244,Perspective shift,P
qwen35_27b,safety,all,3,1829,Perspective_Shift,342,0.18698742482230726,conversational,0.4992700729927007,Perspective shift,P
qwen35_27b,safety,all,4,1821,Perspective_Shift,343,0.18835804503020318,conversational,0.5089020771513353,Perspective shift,P
qwen35_27b,safety,all,5,1904,Perspective_Shift,327,0.1717436974789916,conversational,0.48372781065088755,Perspective shift,P
qwen35_27b,safety,all,6,1868,Perspective_Shift,322,0.17237687366167023,conversational,0.46734397677793904,Perspective shift,P
qwen35_27b,safety,all,7,1842,Perspective_Shift,289,0.15689467969598261,conversational,0.4099290780141844,Perspective shift,P
qwen35_27b,safety,all,8,1886,Perspective_Shift,280,0.14846235418875928,conversational,0.43276661514683157,Perspective shift,P
qwen35_27b,safety,all,9,2026,Perspective_Shift,268,0.13228035538005922,conversational,0.4527027027027027,Perspective shift,P
qwen35_27b,safety,high,0,1994,subgoal,558,0.279839518555667,cognitive,0.9841269841269841,Subgoal setting,S
qwen35_27b,safety,high,1,1847,subgoal,340,0.18408229561451,cognitive,0.8717948717948718,Subgoal setting,S
qwen35_27b,safety,high,2,1881,subgoal,325,0.17278043593833067,cognitive,0.639763779527559,Subgoal setting,S
qwen35_27b,safety,high,3,1829,subgoal,276,0.1509021323127392,cognitive,0.5036496350364964,Subgoal setting,S
qwen35_27b,safety,high,4,1821,subgoal,293,0.16090060406370127,cognitive,0.4932659932659933,Subgoal setting,S
qwen35_27b,safety,high,5,1904,subgoal,329,0.17279411764705882,cognitive,0.5280898876404494,Subgoal setting,S
qwen35_27b,safety,high,6,1868,subgoal,302,0.16167023554603854,cognitive,0.49671052631578944,Subgoal setting,S
qwen35_27b,safety,high,7,1842,verification,264,0.14332247557003258,cognitive,0.45993031358885017,Verification,V
qwen35_27b,safety,high,8,1886,subgoal,262,0.13891834570519618,cognitive,0.46208112874779544,Subgoal setting,S
qwen35_27b,safety,high,9,2026,verification,251,0.12388943731490622,cognitive,0.47003745318352064,Verification,V
qwen35_27b,safety,high,0,1994,Perspective_Shift,272,0.13640922768304914,conversational,0.9096989966555183,Perspective shift,P
qwen35_27b,safety,high,1,1847,Perspective_Shift,399,0.21602598808879264,conversational,0.764367816091954,Perspective shift,P
qwen35_27b,safety,high,2,1881,Perspective_Shift,383,0.20361509835194044,conversational,0.6003134796238244,Perspective shift,P
qwen35_27b,safety,high,3,1829,Perspective_Shift,342,0.18698742482230726,conversational,0.4992700729927007,Perspective shift,P
qwen35_27b,safety,high,4,1821,Perspective_Shift,343,0.18835804503020318,conversational,0.5089020771513353,Perspective shift,P
qwen35_27b,safety,high,5,1904,Perspective_Shift,327,0.1717436974789916,conversational,0.48372781065088755,Perspective shift,P
qwen35_27b,safety,high,6,1868,Perspective_Shift,322,0.17237687366167023,conversational,0.46734397677793904,Perspective shift,P
qwen35_27b,safety,high,7,1842,Perspective_Shift,289,0.15689467969598261,conversational,0.4099290780141844,Perspective shift,P
qwen35_27b,safety,high,8,1886,Perspective_Shift,280,0.14846235418875928,conversational,0.43276661514683157,Perspective shift,P
qwen35_27b,safety,high,9,2026,Perspective_Shift,268,0.13228035538005922,conversational,0.4527027027027027,Perspective shift,P
qwen35_27b,security,all,0,19590,subgoal,1491,0.07611026033690658,cognitive,0.45457317073170733,Subgoal setting,S
qwen35_27b,security,all,1,19339,verification,1859,0.09612699725942396,cognitive,0.5191287349902262,Verification,V
qwen35_27b,security,all,2,19393,verification,2265,0.11679471974423761,cognitive,0.5509608367793724,Verification,V
qwen35_27b,security,all,3,19324,verification,2513,0.13004553922583317,cognitive,0.5960626185958254,Verification,V
qwen35_27b,security,all,4,19305,verification,2739,0.14188034188034188,cognitive,0.5908110440034512,Verification,V
qwen35_27b,security,all,5,19428,verification,2730,0.14051883878937615,cognitive,0.6077471059661621,Verification,V
qwen35_27b,security,all,6,19397,verification,3088,0.15919987626952622,cognitive,0.6180944755804644,Verification,V
qwen35_27b,security,all,7,19340,verification,3103,0.16044467425025852,cognitive,0.6161636219221603,Verification,V
qwen35_27b,security,all,8,19392,verification,3147,0.16228341584158415,cognitive,0.6351160443995963,Verification,V
qwen35_27b,security,all,9,19631,verification,3666,0.18674545361927564,cognitive,0.6848496170371755,Verification,V
qwen35_27b,security,all,0,19590,Perspective_Shift,2073,0.10581929555895865,conversational,0.4995180722891566,Perspective shift,P
qwen35_27b,security,all,1,19339,Perspective_Shift,2382,0.12317079476705103,conversational,0.46351430239346175,Perspective shift,P
qwen35_27b,security,all,2,19393,Perspective_Shift,2509,0.12937657917805392,conversational,0.44644128113879,Perspective shift,P
qwen35_27b,security,all,3,19324,Perspective_Shift,2461,0.12735458497205548,conversational,0.4261471861471862,Perspective shift,P
qwen35_27b,security,all,4,19305,Perspective_Shift,2509,0.12996632996632998,conversational,0.42224840121171325,Perspective shift,P
qwen35_27b,security,all,5,19428,Perspective_Shift,2400,0.12353304508956146,conversational,0.4015392337292957,Perspective shift,P
qwen35_27b,security,all,6,19397,Perspective_Shift,2441,0.12584420271175956,conversational,0.3978161668839635,Perspective shift,P
qwen35_27b,security,all,7,19340,Perspective_Shift,2495,0.12900723888314375,conversational,0.40935192780968005,Perspective shift,P
qwen35_27b,security,all,8,19392,Perspective_Shift,2566,0.13232260726072606,conversational,0.41982984293193715,Perspective shift,P
qwen35_27b,security,all,9,19631,Perspective_Shift,2348,0.11960674443482247,conversational,0.40799304952215465,Perspective shift,P
qwen35_27b,security,high,0,15023,subgoal,1125,0.0748851760633695,cognitive,0.4521704180064308,Subgoal setting,S
qwen35_27b,security,high,1,14822,verification,1368,0.09229523681014708,cognitive,0.5183781735505874,Verification,V
qwen35_27b,security,high,2,14867,verification,1711,0.11508710567027645,cognitive,0.5611675959330928,Verification,V
qwen35_27b,security,high,3,14800,verification,1918,0.1295945945945946,cognitive,0.6065781151170145,Verification,V
qwen35_27b,security,high,4,14790,verification,2147,0.1451656524678837,cognitive,0.6022440392706873,Verification,V
qwen35_27b,security,high,5,14895,verification,2102,0.1411211816045653,cognitive,0.6166031094162512,Verification,V
qwen35_27b,security,high,6,14863,verification,2407,0.16194577137859112,cognitive,0.6359313077939233,Verification,V
qwen35_27b,security,high,7,14824,verification,2476,0.1670264436049649,cognitive,0.6493574613165487,Verification,V
qwen35_27b,security,high,8,14865,verification,2515,0.16918937100571813,cognitive,0.657860319121109,Verification,V
qwen35_27b,security,high,9,15052,verification,2911,0.19339622641509435,cognitive,0.70263094376056,Verification,V
qwen35_27b,security,high,0,15023,Perspective_Shift,1489,0.09911469080742862,conversational,0.4930463576158941,Perspective shift,P
qwen35_27b,security,high,1,14822,Perspective_Shift,1728,0.11658345702334368,conversational,0.4611689351481185,Perspective shift,P
qwen35_27b,security,high,2,14867,Perspective_Shift,1861,0.12517656554785767,conversational,0.4514798641436196,Perspective shift,P
qwen35_27b,security,high,3,14800,Perspective_Shift,1756,0.11864864864864864,conversational,0.42580019398642094,Perspective shift,P
qwen35_27b,security,high,4,14790,Perspective_Shift,1828,0.12359702501690331,conversational,0.42100414555504373,Perspective shift,P
qwen35_27b,security,high,5,14895,Perspective_Shift,1778,0.1193689157435381,conversational,0.39883355764917006,Perspective shift,P
qwen35_27b,security,high,6,14863,Perspective_Shift,1813,0.1219807575859517,conversational,0.39199999999999996,Perspective shift,P
qwen35_27b,security,high,7,14824,Perspective_Shift,1886,0.12722611980572046,conversational,0.4086673889490791,Perspective shift,P
qwen35_27b,security,high,8,14865,Perspective_Shift,1910,0.12848974100235452,conversational,0.41350941762286203,Perspective shift,P
qwen35_27b,security,high,9,15052,Perspective_Shift,1708,0.11347329258570289,conversational,0.404739336492891,Perspective shift,P
qwen35_27b,security,incomplete,0,69,subgoal,5,0.07246376811594203,cognitive,0.4166666666666667,Subgoal setting,S
qwen35_27b,security,incomplete,1,69,subgoal,6,0.08695652173913043,cognitive,0.6,Subgoal setting,S
qwen35_27b,security,incomplete,2,69,backtracking,1,0.014492753623188406,cognitive,1.0,Backtracking,B
qwen35_27b,security,incomplete,3,69,verification,7,0.10144927536231885,cognitive,0.4666666666666667,Verification,V
qwen35_27b,security,incomplete,4,69,backtracking,2,0.028985507246376812,cognitive,0.39999999999999997,Backtracking,B
qwen35_27b,security,incomplete,5,69,verification,9,0.13043478260869565,cognitive,0.75,Verification,V
qwen35_27b,security,incomplete,6,69,verification,7,0.10144927536231885,cognitive,0.5384615384615384,Verification,V
qwen35_27b,security,incomplete,7,69,verification,7,0.10144927536231885,cognitive,0.4117647058823529,Verification,V
qwen35_27b,security,incomplete,8,69,backtracking,3,0.043478260869565216,cognitive,0.6,Backtracking,B
qwen35_27b,security,incomplete,9,70,backtracking,10,0.14285714285714285,cognitive,0.6666666666666666,Backtracking,B
qwen35_27b,security,incomplete,0,69,Perspective_Shift,13,0.18840579710144928,conversational,0.5,Perspective shift,P
qwen35_27b,security,incomplete,1,69,Perspective_Shift,14,0.2028985507246377,conversational,0.358974358974359,Perspective shift,P
qwen35_27b,security,incomplete,2,69,Perspective_Shift,15,0.21739130434782608,conversational,0.3333333333333333,Perspective shift,P
qwen35_27b,security,incomplete,3,69,Question_and_Answering,16,0.2318840579710145,conversational,0.42105263157894735,Question–answer,Q
qwen35_27b,security,incomplete,4,69,Perspective_Shift,11,0.15942028985507245,conversational,0.34374999999999994,Perspective shift,P
qwen35_27b,security,incomplete,5,69,Perspective_Shift,17,0.2463768115942029,conversational,0.3695652173913044,Perspective shift,P
qwen35_27b,security,incomplete,6,69,Perspective_Shift,14,0.2028985507246377,conversational,0.32558139534883723,Perspective shift,P
qwen35_27b,security,incomplete,7,69,Question_and_Answering,14,0.2028985507246377,conversational,0.37837837837837834,Question–answer,Q
qwen35_27b,security,incomplete,8,69,Perspective_Shift,13,0.18840579710144928,conversational,0.44827586206896547,Perspective shift,P
qwen35_27b,security,incomplete,9,70,Perspective_Shift,17,0.24285714285714285,conversational,0.5,Perspective shift,P
qwen35_27b,security,low,0,4069,subgoal,333,0.08183828950602114,cognitive,0.4703389830508474,Subgoal setting,S
qwen35_27b,security,low,1,4020,verification,423,0.10522388059701493,cognitive,0.5090252707581228,Verification,V
qwen35_27b,security,low,2,4029,verification,479,0.11888806155373542,cognitive,0.5150537634408602,Verification,V
qwen35_27b,security,low,3,4029,verification,503,0.12484487465872425,cognitive,0.5651685393258428,Verification,V
qwen35_27b,security,low,4,4018,verification,502,0.1249377799900448,cognitive,0.5450597176981542,Verification,V
qwen35_27b,security,low,5,4035,verification,565,0.14002478314745972,cognitive,0.5873180873180873,Verification,V
qwen35_27b,security,low,6,4039,verification,598,0.14805644961624165,cognitive,0.5684410646387833,Verification,V
qwen35_27b,security,low,7,4019,verification,556,0.1383428713610351,cognitive,0.5114995400183994,Verification,V
qwen35_27b,security,low,8,4030,verification,557,0.13821339950372208,cognitive,0.5672097759674134,Verification,V
qwen35_27b,security,low,9,4079,verification,668,0.16376562883059573,cognitive,0.6460348162475822,Verification,V
qwen35_27b,security,low,0,4069,Perspective_Shift,542,0.13320226099778815,conversational,0.5186602870813397,Perspective shift,P
qwen35_27b,security,low,1,4020,Perspective_Shift,596,0.1482587064676617,conversational,0.47871485943775105,Perspective shift,P
qwen35_27b,security,low,2,4029,Perspective_Shift,594,0.14743112434847358,conversational,0.4452773613193403,Perspective shift,P
qwen35_27b,security,low,3,4029,Perspective_Shift,649,0.16108215438073964,conversational,0.43910690121786194,Perspective shift,P
qwen35_27b,security,low,4,4018,Perspective_Shift,620,0.15430562468889994,conversational,0.4356992269852424,Perspective shift,P
qwen35_27b,security,low,5,4035,Perspective_Shift,549,0.13605947955390335,conversational,0.4045689019896831,Perspective shift,P
qwen35_27b,security,low,6,4039,Perspective_Shift,563,0.139390938351077,conversational,0.4220389805097451,Perspective shift,P
qwen35_27b,security,low,7,4019,Perspective_Shift,557,0.13859168947499378,conversational,0.41598207617625094,Perspective shift,P
qwen35_27b,security,low,8,4030,Perspective_Shift,584,0.14491315136476426,conversational,0.43323442136498513,Perspective shift,P
qwen35_27b,security,low,9,4079,Perspective_Shift,561,0.1375337092424614,conversational,0.4100877192982456,Perspective shift,P
qwen35_4b,code,all,0,4802,subgoal,354,0.07371928363182008,cognitive,0.42092746730083236,Subgoal setting,S
qwen35_4b,code,all,1,4756,verification,570,0.11984861227922625,cognitive,0.5906735751295337,Verification,V
qwen35_4b,code,all,2,4759,verification,634,0.1332212649716327,cognitive,0.6631799163179916,Verification,V
qwen35_4b,code,all,3,4756,verification,720,0.15138772077375945,cognitive,0.6735266604303086,Verification,V
qwen35_4b,code,all,4,4741,verification,731,0.15418688040497786,cognitive,0.7266401590457257,Verification,V
qwen35_4b,code,all,5,4773,verification,650,0.1361826943222292,cognitive,0.7471264367816092,Verification,V
qwen35_4b,code,all,6,4761,verification,647,0.1358958202058391,cognitive,0.7665876777251185,Verification,V
qwen35_4b,code,all,7,4754,verification,794,0.16701724863273032,cognitive,0.812691914022518,Verification,V
qwen35_4b,code,all,8,4761,verification,762,0.1600504095778198,cognitive,0.8193548387096775,Verification,V
qwen35_4b,code,all,9,4787,verification,807,0.16858157509922708,cognitive,0.8743228602383532,Verification,V
qwen35_4b,code,all,0,4802,Perspective_Shift,482,0.10037484381507705,conversational,0.44878957169459965,Perspective shift,P
qwen35_4b,code,all,1,4756,Perspective_Shift,479,0.10071488645920942,conversational,0.3939144736842105,Perspective shift,P
qwen35_4b,code,all,2,4759,Perspective_Shift,460,0.09665896196679975,conversational,0.36711891460494817,Perspective shift,P
qwen35_4b,code,all,3,4756,Perspective_Shift,485,0.10197645079899074,conversational,0.39112903225806456,Perspective shift,P
qwen35_4b,code,all,4,4741,Perspective_Shift,466,0.09829149968361105,conversational,0.3864013266998342,Perspective shift,P
qwen35_4b,code,all,5,4773,Perspective_Shift,496,0.10391787135973182,conversational,0.40655737704918027,Perspective shift,P
qwen35_4b,code,all,6,4761,Perspective_Shift,461,0.09682839739550514,conversational,0.440305635148042,Perspective shift,P
qwen35_4b,code,all,7,4754,Perspective_Shift,434,0.09129154396297855,conversational,0.39205058717253843,Perspective shift,P
qwen35_4b,code,all,8,4761,Perspective_Shift,477,0.1001890359168242,conversational,0.4560229445506692,Perspective shift,P
qwen35_4b,code,all,9,4787,Perspective_Shift,450,0.09400459578023815,conversational,0.4601226993865031,Perspective shift,P
qwen35_4b,code,high,0,3057,subgoal,260,0.08505070330389271,cognitive,0.4642857142857143,Subgoal setting,S
qwen35_4b,code,high,1,3025,verification,384,0.12694214876033058,cognitive,0.6085578446909667,Verification,V
qwen35_4b,code,high,2,3029,verification,465,0.1535160118851106,cognitive,0.6919642857142857,Verification,V
qwen35_4b,code,high,3,3024,verification,533,0.17625661375661375,cognitive,0.7183288409703504,Verification,V
qwen35_4b,code,high,4,3014,verification,487,0.16157929661579296,cognitive,0.7345399698340875,Verification,V
qwen35_4b,code,high,5,3038,verification,451,0.14845292955892034,cognitive,0.7722602739726027,Verification,V
qwen35_4b,code,high,6,3028,verification,447,0.1476221928665786,cognitive,0.7869718309859155,Verification,V
qwen35_4b,code,high,7,3025,verification,517,0.1709090909090909,cognitive,0.8311897106109324,Verification,V
qwen35_4b,code,high,8,3029,verification,509,0.16804225817101354,cognitive,0.837171052631579,Verification,V
qwen35_4b,code,high,9,3040,verification,538,0.1769736842105263,cognitive,0.9118644067796611,Verification,V
qwen35_4b,code,high,0,3057,Perspective_Shift,310,0.10140660778541054,conversational,0.5107084019769358,Perspective shift,P
qwen35_4b,code,high,1,3025,Perspective_Shift,320,0.10578512396694215,conversational,0.42049934296977665,Perspective shift,P
qwen35_4b,code,high,2,3029,Perspective_Shift,311,0.10267414988445031,conversational,0.39367088607594936,Perspective shift,P
qwen35_4b,code,high,3,3024,Perspective_Shift,303,0.1001984126984127,conversational,0.3986842105263158,Perspective shift,P
qwen35_4b,code,high,4,3014,Perspective_Shift,319,0.10583941605839416,conversational,0.40226986128625475,Perspective shift,P
qwen35_4b,code,high,5,3038,Perspective_Shift,335,0.11026991441737985,conversational,0.422979797979798,Perspective shift,P
qwen35_4b,code,high,6,3028,Perspective_Shift,321,0.1060105680317041,conversational,0.45726495726495725,Perspective shift,P
qwen35_4b,code,high,7,3025,Perspective_Shift,331,0.10942148760330579,conversational,0.4238156209987196,Perspective shift,P
qwen35_4b,code,high,8,3029,Perspective_Shift,353,0.11654011224826676,conversational,0.46754966887417215,Perspective shift,P
qwen35_4b,code,high,9,3040,Perspective_Shift,316,0.10394736842105264,conversational,0.4599708879184862,Perspective shift,P
qwen35_4b,code,incomplete,0,377,subgoal,21,0.05570291777188329,cognitive,0.39622641509433965,Subgoal setting,S
qwen35_4b,code,incomplete,1,376,verification,39,0.10372340425531915,cognitive,0.5652173913043478,Verification,V
qwen35_4b,code,incomplete,2,376,subgoal,21,0.05585106382978723,cognitive,0.4038461538461539,Subgoal setting,S
qwen35_4b,code,incomplete,3,377,verification,23,0.0610079575596817,cognitive,0.4339622641509434,Verification,V
qwen35_4b,code,incomplete,4,376,verification,23,0.061170212765957445,cognitive,0.6764705882352942,Verification,V
qwen35_4b,code,incomplete,5,376,backtracking,2,0.005319148936170213,cognitive,1.0,Backtracking,B
qwen35_4b,code,incomplete,6,377,backtracking,0,0.0,cognitive,0.0,Backtracking,B
qwen35_4b,code,incomplete,7,376,backtracking,0,0.0,cognitive,0.0,Backtracking,B
qwen35_4b,code,incomplete,8,376,backtracking,0,0.0,cognitive,0.0,Backtracking,B
qwen35_4b,code,incomplete,9,377,backtracking,0,0.0,cognitive,0.0,Backtracking,B
qwen35_4b,code,incomplete,0,377,Perspective_Shift,29,0.07692307692307693,conversational,0.29591836734693877,Perspective shift,P
qwen35_4b,code,incomplete,1,376,Conflict_of_Perspectives,27,0.07180851063829788,conversational,0.27,Perspective conflict,C
qwen35_4b,code,incomplete,2,376,Conflict_of_Perspectives,41,0.10904255319148937,conversational,0.3203125,Perspective conflict,C
qwen35_4b,code,incomplete,3,377,Conflict_of_Perspectives,34,0.09018567639257294,conversational,0.3333333333333333,Perspective conflict,C
qwen35_4b,code,incomplete,4,376,Conflict_of_Perspectives,34,0.09042553191489362,conversational,0.5074626865671642,Perspective conflict,C
qwen35_4b,code,incomplete,5,376,Conflict_of_Perspectives,26,0.06914893617021277,conversational,0.8125,Perspective conflict,C
qwen35_4b,code,incomplete,6,377,Conflict_of_Perspectives,18,0.04774535809018567,conversational,0.75,Perspective conflict,C
qwen35_4b,code,incomplete,7,376,Conflict_of_Perspectives,21,0.05585106382978723,conversational,0.8076923076923078,Perspective conflict,C
qwen35_4b,code,incomplete,8,376,Conflict_of_Perspectives,11,0.02925531914893617,conversational,0.45833333333333337,Perspective conflict,C
qwen35_4b,code,incomplete,9,377,Conflict_of_Perspectives,18,0.04774535809018567,conversational,0.6206896551724137,Perspective conflict,C
qwen35_4b,code,low,0,1368,verification,104,0.07602339181286549,cognitive,0.45614035087719296,Verification,V
qwen35_4b,code,low,1,1355,verification,147,0.10848708487084871,cognitive,0.5547169811320755,Verification,V
qwen35_4b,code,low,2,1354,verification,150,0.11078286558345643,cognitive,0.6465517241379309,Verification,V
qwen35_4b,code,low,3,1355,verification,164,0.12103321033210332,cognitive,0.5985401459854014,Verification,V
qwen35_4b,code,low,4,1351,verification,221,0.16358253145817914,cognitive,0.7152103559870551,Verification,V
qwen35_4b,code,low,5,1359,verification,199,0.14643119941133187,cognitive,0.7007042253521127,Verification,V
qwen35_4b,code,low,6,1356,verification,200,0.14749262536873156,cognitive,0.7246376811594203,Verification,V
qwen35_4b,code,low,7,1353,verification,277,0.20473022912047303,cognitive,0.780281690140845,Verification,V
qwen35_4b,code,low,8,1356,verification,253,0.18657817109144542,cognitive,0.7857142857142857,Verification,V
qwen35_4b,code,low,9,1370,verification,269,0.19635036496350364,cognitive,0.8078078078078078,Verification,V
qwen35_4b,code,low,0,1368,Perspective_Shift,143,0.10453216374269006,conversational,0.3875338753387534,Perspective shift,P
qwen35_4b,code,low,1,1355,Perspective_Shift,135,0.0996309963099631,conversational,0.38028169014084506,Perspective shift,P
qwen35_4b,code,low,2,1354,Perspective_Shift,112,0.0827178729689808,conversational,0.3343283582089552,Perspective shift,P
qwen35_4b,code,low,3,1355,Perspective_Shift,148,0.10922509225092251,conversational,0.39153439153439157,Perspective shift,P
qwen35_4b,code,low,4,1351,Perspective_Shift,133,0.09844559585492228,conversational,0.3843930635838151,Perspective shift,P
qwen35_4b,code,low,5,1359,Perspective_Shift,158,0.11626195732155997,conversational,0.398989898989899,Perspective shift,P
qwen35_4b,code,low,6,1356,Perspective_Shift,138,0.10176991150442478,conversational,0.42990654205607476,Perspective shift,P
qwen35_4b,code,low,7,1353,Perspective_Shift,100,0.07390983000739099,conversational,0.3333333333333333,Perspective shift,P
qwen35_4b,code,low,8,1356,Perspective_Shift,114,0.084070796460177,conversational,0.42696629213483145,Perspective shift,P
qwen35_4b,code,low,9,1370,Perspective_Shift,127,0.0927007299270073,conversational,0.4847328244274809,Perspective shift,P
qwen35_4b,gpqa,all,0,28457,verification,3369,0.1183891485399023,cognitive,0.5129415347137637,Verification,V
qwen35_4b,gpqa,all,1,28281,verification,4869,0.17216505781266575,cognitive,0.6619086460032626,Verification,V
qwen35_4b,gpqa,all,2,28331,verification,5105,0.18019130987257775,cognitive,0.6833087940034801,Verification,V
qwen35_4b,gpqa,all,3,28286,verification,5112,0.18072544721770487,cognitive,0.6855303741450985,Verification,V
qwen35_4b,gpqa,all,4,28258,verification,5100,0.1804798641092788,cognitive,0.7034482758620689,Verification,V
qwen35_4b,gpqa,all,5,28360,verification,5304,0.18702397743300422,cognitive,0.7100401606425704,Verification,V
qwen35_4b,gpqa,all,6,28309,verification,5535,0.19552085909074854,cognitive,0.7293451047568851,Verification,V
qwen35_4b,gpqa,all,7,28288,verification,5617,0.1985647624434389,cognitive,0.7449602122015915,Verification,V
qwen35_4b,gpqa,all,8,28318,verification,5963,0.21057278056359913,cognitive,0.7609749872383869,Verification,V
qwen35_4b,gpqa,all,9,28495,verification,6458,0.22663625197403053,cognitive,0.7791988416988417,Verification,V
qwen35_4b,gpqa,all,0,28457,Perspective_Shift,4214,0.14808307270618828,conversational,0.45209741444051066,Perspective shift,P
qwen35_4b,gpqa,all,1,28281,Perspective_Shift,4646,0.16427990523673136,conversational,0.40750811332339265,Perspective shift,P
qwen35_4b,gpqa,all,2,28331,Perspective_Shift,4558,0.16088383749249938,conversational,0.3911439114391144,Perspective shift,P
qwen35_4b,gpqa,all,3,28286,Perspective_Shift,4519,0.1597610125150251,conversational,0.3722711920257023,Perspective shift,P
qwen35_4b,gpqa,all,4,28258,Perspective_Shift,4575,0.16190105456861772,conversational,0.370925895897519,Perspective shift,P
qwen35_4b,gpqa,all,5,28360,Perspective_Shift,4487,0.15821579689703807,conversational,0.36550993809058324,Perspective shift,P
qwen35_4b,gpqa,all,6,28309,Perspective_Shift,4480,0.15825355893885337,conversational,0.366402224584935,Perspective shift,P
qwen35_4b,gpqa,all,7,28288,Perspective_Shift,4487,0.1586184954751131,conversational,0.3751985952002676,Perspective shift,P
qwen35_4b,gpqa,all,8,28318,Perspective_Shift,4447,0.15703792640723216,conversational,0.3722584965678888,Perspective shift,P
qwen35_4b,gpqa,all,9,28495,Perspective_Shift,4217,0.14799087559220916,conversational,0.3588936170212766,Perspective shift,P
qwen35_4b,gpqa,high,0,20115,verification,2411,0.11986080039771314,cognitive,0.5114552397114976,Verification,V
qwen35_4b,gpqa,high,1,19980,verification,3605,0.18043043043043044,cognitive,0.6713221601489758,Verification,V
qwen35_4b,gpqa,high,2,20020,verification,3781,0.18886113886113887,cognitive,0.6933797909407666,Verification,V
qwen35_4b,gpqa,high,3,19988,verification,3799,0.19006403842305383,cognitive,0.6950237833882181,Verification,V
qwen35_4b,gpqa,high,4,19963,verification,3653,0.18298852877823973,cognitive,0.7118082618862043,Verification,V
qwen35_4b,gpqa,high,5,20042,verification,3877,0.19344376808701727,cognitive,0.7176971492039985,Verification,V
qwen35_4b,gpqa,high,6,20000,verification,4078,0.2039,cognitive,0.7339812814974802,Verification,V
qwen35_4b,gpqa,high,7,19988,verification,4151,0.2076746047628577,cognitive,0.7561020036429872,Verification,V
qwen35_4b,gpqa,high,8,20006,verification,4338,0.21683494951514545,cognitive,0.7684676705048715,Verification,V
qwen35_4b,gpqa,high,9,20141,verification,4684,0.23256044883570826,cognitive,0.793629278210776,Verification,V
qwen35_4b,gpqa,high,0,20115,Perspective_Shift,2938,0.14606015411384538,conversational,0.4569206842923795,Perspective shift,P
qwen35_4b,gpqa,high,1,19980,Perspective_Shift,3219,0.16111111111111112,conversational,0.4026266416510319,Perspective shift,P
qwen35_4b,gpqa,high,2,20020,Perspective_Shift,3149,0.15729270729270728,conversational,0.38876543209876546,Perspective shift,P
qwen35_4b,gpqa,high,3,19988,Perspective_Shift,3158,0.15799479687812687,conversational,0.36823694029850745,Perspective shift,P
qwen35_4b,gpqa,high,4,19963,Perspective_Shift,3182,0.1593948805289786,conversational,0.36909871244635195,Perspective shift,P
qwen35_4b,gpqa,high,5,20042,Perspective_Shift,3087,0.15402654425706017,conversational,0.3624515674533286,Perspective shift,P
qwen35_4b,gpqa,high,6,20000,Perspective_Shift,3157,0.15785,conversational,0.3620412844036697,Perspective shift,P
qwen35_4b,gpqa,high,7,19988,Perspective_Shift,3124,0.15629377626575947,conversational,0.37027379400260757,Perspective shift,P
qwen35_4b,gpqa,high,8,20006,Perspective_Shift,3128,0.15635309407177847,conversational,0.36991485335856195,Perspective shift,P
qwen35_4b,gpqa,high,9,20141,Perspective_Shift,2920,0.14497790576436126,conversational,0.3559673290259661,Perspective shift,P
qwen35_4b,gpqa,incomplete,0,735,verification,90,0.12244897959183673,cognitive,0.5,Verification,V
qwen35_4b,gpqa,incomplete,1,731,verification,120,0.16415868673050615,cognitive,0.6557377049180327,Verification,V
qwen35_4b,gpqa,incomplete,2,734,verification,106,0.1444141689373297,cognitive,0.5698924731182796,Verification,V
qwen35_4b,gpqa,incomplete,3,730,verification,107,0.14657534246575343,cognitive,0.5944444444444444,Verification,V
qwen35_4b,gpqa,incomplete,4,733,verification,124,0.16916780354706684,cognitive,0.663101604278075,Verification,V
qwen35_4b,gpqa,incomplete,5,732,verification,120,0.16393442622950818,cognitive,0.6521739130434782,Verification,V
qwen35_4b,gpqa,incomplete,6,732,verification,118,0.16120218579234974,cognitive,0.7374999999999999,Verification,V
qwen35_4b,gpqa,incomplete,7,732,verification,126,0.1721311475409836,cognitive,0.6116504854368933,Verification,V
qwen35_4b,gpqa,incomplete,8,733,verification,114,0.15552523874488403,cognitive,0.6129032258064516,Verification,V
qwen35_4b,gpqa,incomplete,9,735,verification,152,0.20680272108843537,cognitive,0.628099173553719,Verification,V
qwen35_4b,gpqa,incomplete,0,735,Perspective_Shift,128,0.17414965986394557,conversational,0.43686006825938567,Perspective shift,P
qwen35_4b,gpqa,incomplete,1,731,Perspective_Shift,137,0.18741450068399454,conversational,0.41641337386018235,Perspective shift,P
qwen35_4b,gpqa,incomplete,2,734,Perspective_Shift,144,0.19618528610354224,conversational,0.4022346368715084,Perspective shift,P
qwen35_4b,gpqa,incomplete,3,730,Perspective_Shift,127,0.17397260273972603,conversational,0.3713450292397661,Perspective shift,P
qwen35_4b,gpqa,incomplete,4,733,Perspective_Shift,142,0.1937244201909959,conversational,0.4092219020172911,Perspective shift,P
qwen35_4b,gpqa,incomplete,5,732,Perspective_Shift,133,0.18169398907103826,conversational,0.38000000000000006,Perspective shift,P
qwen35_4b,gpqa,incomplete,6,732,Perspective_Shift,149,0.20355191256830601,conversational,0.41274238227146814,Perspective shift,P
qwen35_4b,gpqa,incomplete,7,732,Perspective_Shift,150,0.20491803278688525,conversational,0.42016806722689076,Perspective shift,P
qwen35_4b,gpqa,incomplete,8,733,Perspective_Shift,129,0.17598908594815826,conversational,0.4285714285714286,Perspective shift,P
qwen35_4b,gpqa,incomplete,9,735,Perspective_Shift,131,0.1782312925170068,conversational,0.38988095238095244,Perspective shift,P
qwen35_4b,gpqa,low,0,6125,verification,726,0.11853061224489796,cognitive,0.5268505079825835,Verification,V
qwen35_4b,gpqa,low,1,6094,verification,905,0.1485067279291106,cognitive,0.6219931271477663,Verification,V
qwen35_4b,gpqa,low,2,6098,verification,972,0.15939652345031158,cognitive,0.6675824175824175,Verification,V
qwen35_4b,gpqa,low,3,6096,verification,951,0.15600393700787402,cognitive,0.6522633744855967,Verification,V
qwen35_4b,gpqa,low,4,6088,verification,1030,0.16918528252299606,cognitive,0.682571239231279,Verification,V
qwen35_4b,gpqa,low,5,6109,verification,1040,0.17024062858078245,cognitive,0.6970509383378015,Verification,V
qwen35_4b,gpqa,low,6,6102,verification,1083,0.17748279252704033,cognitive,0.722,Verification,V
qwen35_4b,gpqa,low,7,6092,verification,1095,0.17974392646093237,cognitive,0.7180327868852459,Verification,V
qwen35_4b,gpqa,low,8,6100,verification,1190,0.19508196721311474,cognitive,0.7512626262626263,Verification,V
qwen35_4b,gpqa,low,9,6136,verification,1282,0.2089308996088657,cognitive,0.7483946293053122,Verification,V
qwen35_4b,gpqa,low,0,6125,Perspective_Shift,937,0.1529795918367347,conversational,0.4403195488721805,Perspective shift,P
qwen35_4b,gpqa,low,1,6094,Perspective_Shift,1040,0.1706596652445028,conversational,0.42122316727420006,Perspective shift,P
qwen35_4b,gpqa,low,2,6098,Perspective_Shift,1009,0.16546408658576583,conversational,0.3959968602825746,Perspective shift,P
qwen35_4b,gpqa,low,3,6096,Perspective_Shift,1001,0.16420603674540682,conversational,0.3808980213089802,Perspective shift,P
qwen35_4b,gpqa,low,4,6088,Perspective_Shift,1005,0.16507884362680683,conversational,0.37194670614359737,Perspective shift,P
qwen35_4b,gpqa,low,5,6109,Perspective_Shift,1005,0.16451137665739074,conversational,0.37112259970457906,Perspective shift,P
qwen35_4b,gpqa,low,6,6102,Perspective_Shift,935,0.15322844968862667,conversational,0.3729557239728759,Perspective shift,P
qwen35_4b,gpqa,low,7,6092,Perspective_Shift,998,0.16382140512147078,conversational,0.391219129753038,Perspective shift,P
qwen35_4b,gpqa,low,8,6100,Perspective_Shift,969,0.15885245901639344,conversational,0.37866354044548656,Perspective shift,P
qwen35_4b,gpqa,low,9,6136,Perspective_Shift,921,0.15009778357235984,conversational,0.3616018845700824,Perspective shift,P
qwen35_4b,idea,all,0,4092,verification,952,0.23264907135874877,cognitive,0.5683582089552239,Verification,V
qwen35_4b,idea,all,1,4015,backtracking,885,0.22042341220423411,cognitive,0.5019852524106636,Backtracking,B
qwen35_4b,idea,all,2,4028,backtracking,926,0.22989076464746772,cognitive,0.56155245603396,Backtracking,B
qwen35_4b,idea,all,3,4014,backtracking,826,0.2057797708021923,cognitive,0.5573549257759784,Backtracking,B
qwen35_4b,idea,all,4,3994,backtracking,808,0.20230345518277415,cognitive,0.5607217210270645,Backtracking,B
qwen35_4b,idea,all,5,4045,backtracking,764,0.1888751545117429,cognitive,0.5560407569141194,Backtracking,B
qwen35_4b,idea,all,6,4029,backtracking,762,0.18912881608339538,cognitive,0.5553935860058309,Backtracking,B
qwen35_4b,idea,all,7,4013,backtracking,721,0.17966608522302516,cognitive,0.531319086219602,Backtracking,B
qwen35_4b,idea,all,8,4030,backtracking,676,0.16774193548387098,cognitive,0.5184049079754601,Backtracking,B
qwen35_4b,idea,all,9,4103,backtracking,595,0.1450158420667804,cognitive,0.46961325966850825,Backtracking,B
qwen35_4b,idea,all,0,4092,Perspective_Shift,1627,0.39760508308895404,conversational,0.6017011834319527,Perspective shift,P
qwen35_4b,idea,all,1,4015,Perspective_Shift,1791,0.4460772104607721,conversational,0.6212278876170655,Perspective shift,P
qwen35_4b,idea,all,2,4028,Perspective_Shift,1474,0.3659384309831182,conversational,0.6126350789692435,Perspective shift,P
qwen35_4b,idea,all,3,4014,Perspective_Shift,1314,0.3273542600896861,conversational,0.6189354686764013,Perspective shift,P
qwen35_4b,idea,all,4,3994,Perspective_Shift,1280,0.32048072108162245,conversational,0.6057737813535259,Perspective shift,P
qwen35_4b,idea,all,5,4045,Perspective_Shift,1222,0.30210135970333746,conversational,0.5929160601649685,Perspective shift,P
qwen35_4b,idea,all,6,4029,Perspective_Shift,1175,0.29163564159841154,conversational,0.5808205635195255,Perspective shift,P
qwen35_4b,idea,all,7,4013,Perspective_Shift,1083,0.2698729130326439,conversational,0.5579598145285936,Perspective shift,P
qwen35_4b,idea,all,8,4030,Perspective_Shift,1086,0.2694789081885856,conversational,0.5653305570015617,Perspective shift,P
qwen35_4b,idea,all,9,4103,Perspective_Shift,1002,0.24421155252254448,conversational,0.5413290113452188,Perspective shift,P
qwen35_4b,idea,high,0,3355,verification,789,0.23517138599105814,cognitive,0.5696750902527076,Verification,V
qwen35_4b,idea,high,1,3292,backtracking,734,0.2229647630619684,cognitive,0.5041208791208791,Backtracking,B
qwen35_4b,idea,high,2,3306,backtracking,774,0.23411978221415608,cognitive,0.5729089563286455,Backtracking,B
qwen35_4b,idea,high,3,3288,backtracking,675,0.20529197080291972,cognitive,0.5629691409507924,Backtracking,B
qwen35_4b,idea,high,4,3276,backtracking,674,0.20573870573870573,cognitive,0.5682967959527825,Backtracking,B
qwen35_4b,idea,high,5,3315,backtracking,633,0.19095022624434388,cognitive,0.5672043010752689,Backtracking,B
qwen35_4b,idea,high,6,3302,backtracking,643,0.1947304663840097,cognitive,0.5610820244328099,Backtracking,B
qwen35_4b,idea,high,7,3292,backtracking,598,0.18165249088699878,cognitive,0.5320284697508897,Backtracking,B
qwen35_4b,idea,high,8,3306,backtracking,562,0.16999395039322443,cognitive,0.518450184501845,Backtracking,B
qwen35_4b,idea,high,9,3362,backtracking,489,0.14544913741820345,cognitive,0.4600188146754468,Backtracking,B
qwen35_4b,idea,high,0,3355,Perspective_Shift,1308,0.38986587183308496,conversational,0.5967153284671532,Perspective shift,P
qwen35_4b,idea,high,1,3292,Perspective_Shift,1488,0.4520048602673147,conversational,0.6207759699624531,Perspective shift,P
qwen35_4b,idea,high,2,3306,Perspective_Shift,1240,0.37507562008469447,conversational,0.62,Perspective shift,P
qwen35_4b,idea,high,3,3288,Perspective_Shift,1087,0.3305961070559611,conversational,0.617964752700398,Perspective shift,P
qwen35_4b,idea,high,4,3276,Perspective_Shift,1053,0.32142857142857145,conversational,0.6072664359861593,Perspective shift,P
qwen35_4b,idea,high,5,3315,Perspective_Shift,1010,0.3046757164404223,conversational,0.5976331360946745,Perspective shift,P
qwen35_4b,idea,high,6,3302,Perspective_Shift,981,0.29709267110841914,conversational,0.5967153284671532,Perspective shift,P
qwen35_4b,idea,high,7,3292,Perspective_Shift,887,0.26944106925880923,conversational,0.5635324015247777,Perspective shift,P
qwen35_4b,idea,high,8,3306,Perspective_Shift,893,0.27011494252873564,conversational,0.566984126984127,Perspective shift,P
qwen35_4b,idea,high,9,3362,Perspective_Shift,829,0.24657941701368233,conversational,0.5471947194719472,Perspective shift,P
qwen35_4b,idea,low,0,737,verification,163,0.22116689280868385,cognitive,0.5620689655172414,Verification,V
qwen35_4b,idea,low,1,723,backtracking,151,0.20885200553250347,cognitive,0.4918566775244299,Backtracking,B
qwen35_4b,idea,low,2,722,backtracking,152,0.21052631578947367,cognitive,0.5100671140939598,Backtracking,B
qwen35_4b,idea,low,3,726,backtracking,151,0.20798898071625344,cognitive,0.5335689045936396,Backtracking,B
qwen35_4b,idea,low,4,718,backtracking,134,0.18662952646239556,cognitive,0.5254901960784314,Backtracking,B
qwen35_4b,idea,low,5,730,backtracking,131,0.17945205479452056,cognitive,0.5077519379844961,Backtracking,B
qwen35_4b,idea,low,6,727,backtracking,119,0.16368638239339753,cognitive,0.5265486725663717,Backtracking,B
qwen35_4b,idea,low,7,721,backtracking,123,0.17059639389736478,cognitive,0.5278969957081545,Backtracking,B
qwen35_4b,idea,low,8,724,backtracking,114,0.1574585635359116,cognitive,0.5181818181818182,Backtracking,B
qwen35_4b,idea,low,9,741,backtracking,106,0.14304993252361672,cognitive,0.5196078431372548,Backtracking,B
qwen35_4b,idea,low,0,737,Perspective_Shift,319,0.43283582089552236,conversational,0.623046875,Perspective shift,P
qwen35_4b,idea,low,1,723,Perspective_Shift,303,0.4190871369294606,conversational,0.6234567901234568,Perspective shift,P
qwen35_4b,idea,low,2,722,Perspective_Shift,234,0.32409972299168976,conversational,0.5763546798029556,Perspective shift,P
qwen35_4b,idea,low,3,726,Perspective_Shift,227,0.31267217630853994,conversational,0.6236263736263736,Perspective shift,P
qwen35_4b,idea,low,4,718,Perspective_Shift,227,0.3161559888579387,conversational,0.5989445910290238,Perspective shift,P
qwen35_4b,idea,low,5,730,Perspective_Shift,212,0.29041095890410956,conversational,0.5714285714285714,Perspective shift,P
qwen35_4b,idea,low,6,727,Perspective_Shift,194,0.2668500687757909,conversational,0.5118733509234829,Perspective shift,P
qwen35_4b,idea,low,7,721,Perspective_Shift,196,0.27184466019417475,conversational,0.5340599455040872,Perspective shift,P
qwen35_4b,idea,low,8,724,Perspective_Shift,193,0.26657458563535913,conversational,0.5578034682080925,Perspective shift,P
qwen35_4b,idea,low,9,741,Perspective_Shift,173,0.23346828609986506,conversational,0.5148809523809524,Perspective shift,P
qwen35_4b,math,all,0,21366,verification,2696,0.126181784143031,cognitive,0.5027037106097333,Verification,V
qwen35_4b,math,all,1,21160,verification,4260,0.20132325141776938,cognitive,0.696533682145193,Verification,V
qwen35_4b,math,all,2,21203,verification,4511,0.21275291232372778,cognitive,0.7224535554131967,Verification,V
qwen35_4b,math,all,3,21169,verification,4853,0.2292503188624876,cognitive,0.7592302878598248,Verification,V
qwen35_4b,math,all,4,21111,verification,4919,0.2330064895078395,cognitive,0.7639384997670446,Verification,V
qwen35_4b,math,all,5,21235,verification,5022,0.2364963503649635,cognitive,0.7719028588994774,Verification,V
qwen35_4b,math,all,6,21207,verification,4823,0.22742490687037298,cognitive,0.7622886043938676,Verification,V
qwen35_4b,math,all,7,21165,verification,5132,0.24247578549492085,cognitive,0.7966470040360136,Verification,V
qwen35_4b,math,all,8,21198,verification,5154,0.24313614491933203,cognitive,0.7766726943942134,Verification,V
qwen35_4b,math,all,9,21405,verification,5464,0.25526746087362767,cognitive,0.8237599879390924,Verification,V
qwen35_4b,math,all,0,21366,Perspective_Shift,2644,0.12374801085837311,conversational,0.4770840851678095,Perspective shift,P
qwen35_4b,math,all,1,21160,Perspective_Shift,2463,0.11639886578449905,conversational,0.3891610048980882,Perspective shift,P
qwen35_4b,math,all,2,21203,Perspective_Shift,2391,0.11276706126491534,conversational,0.353960029607698,Perspective shift,P
qwen35_4b,math,all,3,21169,Perspective_Shift,2377,0.11228683452217866,conversational,0.3423099078341014,Perspective shift,P
qwen35_4b,math,all,4,21111,Perspective_Shift,2390,0.11321112216380086,conversational,0.3460758760498117,Perspective shift,P
qwen35_4b,math,all,5,21235,Perspective_Shift,2437,0.11476336237344008,conversational,0.3465093132375942,Perspective shift,P
qwen35_4b,math,all,6,21207,Question_and_Answering,2547,0.12010185316169189,conversational,0.354933110367893,Question–answer,Q
qwen35_4b,math,all,7,21165,Question_and_Answering,2677,0.12648240018899126,conversational,0.36832691249312055,Question–answer,Q
qwen35_4b,math,all,8,21198,Perspective_Shift,2516,0.11869044249457496,conversational,0.35421652822750954,Perspective shift,P
qwen35_4b,math,all,9,21405,Question_and_Answering,2316,0.10819901892081289,conversational,0.34043804204027633,Question–answer,Q
qwen35_4b,math,high,0,12861,verification,1597,0.12417385895342509,cognitive,0.5239501312335958,Verification,V
qwen35_4b,math,high,1,12752,verification,2552,0.2001254705144291,cognitive,0.7079056865464632,Verification,V
qwen35_4b,math,high,2,12772,verification,2656,0.2079549013466959,cognitive,0.7258813883574747,Verification,V
qwen35_4b,math,high,3,12754,verification,2869,0.22494903559667556,cognitive,0.7636412030875699,Verification,V
qwen35_4b,math,high,4,12720,verification,2958,0.23254716981132076,cognitive,0.7800632911392406,Verification,V
qwen35_4b,math,high,5,12790,verification,2989,0.2336982017200938,cognitive,0.7899048625792812,Verification,V
qwen35_4b,math,high,6,12774,verification,2785,0.21802098011586035,cognitive,0.7727524972253053,Verification,V
qwen35_4b,math,high,7,12752,verification,3074,0.24106022584692596,cognitive,0.8068241469816273,Verification,V
qwen35_4b,math,high,8,12772,verification,3079,0.24107422486689634,cognitive,0.7868642984922055,Verification,V
qwen35_4b,math,high,9,12875,verification,3410,0.26485436893203884,cognitive,0.8415597235932872,Verification,V
qwen35_4b,math,high,0,12861,Perspective_Shift,1518,0.11803125728947983,conversational,0.45654135338345864,Perspective shift,P
qwen35_4b,math,high,1,12752,Perspective_Shift,1459,0.11441342534504391,conversational,0.3918882621541767,Perspective shift,P
qwen35_4b,math,high,2,12772,Perspective_Shift,1371,0.10734419041653617,conversational,0.3487662172475197,Perspective shift,P
qwen35_4b,math,high,3,12754,Perspective_Shift,1393,0.10922063666300769,conversational,0.341756624141315,Perspective shift,P
qwen35_4b,math,high,4,12720,Perspective_Shift,1370,0.10770440251572327,conversational,0.3361963190184049,Perspective shift,P
qwen35_4b,math,high,5,12790,Question_and_Answering,1412,0.11039874902267396,conversational,0.34197142165173167,Question–answer,Q
qwen35_4b,math,high,6,12774,Question_and_Answering,1448,0.11335525285736653,conversational,0.34591495461060684,Question–answer,Q
qwen35_4b,math,high,7,12752,Question_and_Answering,1552,0.12170639899623588,conversational,0.36363636363636365,Question–answer,Q
qwen35_4b,math,high,8,12772,Perspective_Shift,1502,0.11760100219229565,conversational,0.35167408101147274,Perspective shift,P
qwen35_4b,math,high,9,12875,Question_and_Answering,1424,0.11060194174757282,conversational,0.35343757756267064,Question–answer,Q
qwen35_4b,math,incomplete,0,100,subgoal,8,0.08,cognitive,0.4444444444444445,Subgoal setting,S
qwen35_4b,math,incomplete,1,100,verification,9,0.09,cognitive,0.5,Verification,V
qwen35_4b,math,incomplete,2,100,verification,30,0.3,cognitive,0.8108108108108107,Verification,V
qwen35_4b,math,incomplete,3,100,verification,24,0.24,cognitive,0.923076923076923,Verification,V
qwen35_4b,math,incomplete,4,100,verification,27,0.27,cognitive,0.8181818181818182,Verification,V
qwen35_4b,math,incomplete,5,100,verification,14,0.14,cognitive,0.6666666666666666,Verification,V
qwen35_4b,math,incomplete,6,100,verification,35,0.35,cognitive,0.9210526315789473,Verification,V
qwen35_4b,math,incomplete,7,100,verification,9,0.09,cognitive,0.75,Verification,V
qwen35_4b,math,incomplete,8,100,verification,38,0.38,cognitive,0.9268292682926829,Verification,V
qwen35_4b,math,incomplete,9,101,verification,30,0.297029702970297,cognitive,0.9090909090909092,Verification,V
qwen35_4b,math,incomplete,0,100,Conflict_of_Perspectives,7,0.07,conversational,0.31818181818181823,Perspective conflict,C
qwen35_4b,math,incomplete,1,100,Question_and_Answering,11,0.11,conversational,0.3666666666666667,Question–answer,Q
qwen35_4b,math,incomplete,2,100,Question_and_Answering,15,0.15,conversational,0.46875,Question–answer,Q
qwen35_4b,math,incomplete,3,100,Question_and_Answering,14,0.14,conversational,0.43750000000000006,Question–answer,Q
qwen35_4b,math,incomplete,4,100,Question_and_Answering,16,0.16,conversational,0.4571428571428572,Question–answer,Q
qwen35_4b,math,incomplete,5,100,Perspective_Shift,11,0.11,conversational,0.34375,Perspective shift,P
qwen35_4b,math,incomplete,6,100,Question_and_Answering,23,0.23,conversational,0.638888888888889,Question–answer,Q
qwen35_4b,math,incomplete,7,100,Reconciliation,8,0.08,conversational,0.32,Reconciliation,R
qwen35_4b,math,incomplete,8,100,Question_and_Answering,20,0.2,conversational,0.4878048780487805,Question–answer,Q
qwen35_4b,math,incomplete,9,101,Question_and_Answering,14,0.13861386138613863,conversational,0.6363636363636364,Question–answer,Q
qwen35_4b,math,low,0,8405,verification,1093,0.13004164187983344,cognitive,0.4758380496299521,Verification,V
qwen35_4b,math,low,1,8308,verification,1699,0.20450168512277322,cognitive,0.6815082230244685,Verification,V
qwen35_4b,math,low,2,8331,verification,1825,0.21906133717440884,cognitive,0.7162480376766092,Verification,V
qwen35_4b,math,low,3,8315,verification,1960,0.23571858087793146,cognitive,0.7512456880030663,Verification,V
qwen35_4b,math,low,4,8291,verification,1934,0.23326498612953805,cognitive,0.7398622800306044,Verification,V
qwen35_4b,math,low,5,8345,verification,2019,0.24194128220491312,cognitive,0.7475009255831174,Verification,V
qwen35_4b,math,low,6,8333,verification,2003,0.24036961478459137,cognitive,0.7459962756052141,Verification,V
qwen35_4b,math,low,7,8313,verification,2049,0.24648141465175027,cognitive,0.7820610687022901,Verification,V
qwen35_4b,math,low,8,8326,verification,2037,0.24465529666106173,cognitive,0.7595078299776286,Verification,V
qwen35_4b,math,low,9,8429,verification,2024,0.2401233835567683,cognitive,0.7943485086342229,Verification,V
qwen35_4b,math,low,0,8405,Perspective_Shift,1119,0.13313503866745985,conversational,0.5097949886104785,Perspective shift,P
qwen35_4b,math,low,1,8308,Perspective_Shift,998,0.12012518054886856,conversational,0.38742236024844723,Perspective shift,P
qwen35_4b,math,low,2,8331,Perspective_Shift,1013,0.12159404633297323,conversational,0.36282234957020054,Perspective shift,P
qwen35_4b,math,low,3,8315,Perspective_Shift,978,0.11761876127480457,conversational,0.344851904090268,Perspective shift,P
qwen35_4b,math,low,4,8291,Perspective_Shift,1011,0.12193945241828488,conversational,0.361587982832618,Perspective shift,P
qwen35_4b,math,low,5,8345,Perspective_Shift,1017,0.12186938286399042,conversational,0.3541086350974931,Perspective shift,P
qwen35_4b,math,low,6,8333,Question_and_Answering,1076,0.12912516500660026,conversational,0.36425186188219366,Question–answer,Q
qwen35_4b,math,low,7,8313,Question_and_Answering,1120,0.13472873812101527,conversational,0.3764705882352941,Question–answer,Q
qwen35_4b,math,low,8,8326,Perspective_Shift,1006,0.12082632716790775,conversational,0.3604442852024364,Perspective shift,P
qwen35_4b,math,low,9,8429,Perspective_Shift,978,0.11602799857634358,conversational,0.3553779069767442,Perspective shift,P
qwen35_4b,moral,all,0,6353,subgoal,1028,0.16181331654336534,cognitive,0.9219730941704036,Subgoal setting,S
qwen35_4b,moral,all,1,6149,subgoal,835,0.1357944381200195,cognitive,0.7646520146520146,Subgoal setting,S
qwen35_4b,moral,all,2,6195,subgoal,927,0.149636803874092,cognitive,0.6727140783744557,Subgoal setting,S
qwen35_4b,moral,all,3,6148,subgoal,885,0.14394925178919973,cognitive,0.5807086614173228,Subgoal setting,S
qwen35_4b,moral,all,4,6108,subgoal,886,0.14505566470203013,cognitive,0.5276950565812983,Subgoal setting,S
qwen35_4b,moral,all,5,6233,subgoal,915,0.1467992940798973,cognitive,0.505524861878453,Subgoal setting,S
qwen35_4b,moral,all,6,6193,subgoal,838,0.1353140642661069,cognitive,0.44669509594882734,Subgoal setting,S
qwen35_4b,moral,all,7,6150,subgoal,811,0.131869918699187,cognitive,0.4480662983425414,Subgoal setting,S
qwen35_4b,moral,all,8,6194,subgoal,850,0.13722957701000968,cognitive,0.48460661345496003,Subgoal setting,S
qwen35_4b,moral,all,9,6396,subgoal,1051,0.16432145090681677,cognitive,0.5715062533985862,Subgoal setting,S
qwen35_4b,moral,all,0,6353,Perspective_Shift,1192,0.18762789233433025,conversational,0.7142001198322349,Perspective shift,P
qwen35_4b,moral,all,1,6149,Perspective_Shift,1722,0.2800455358594893,conversational,0.5847198641765705,Perspective shift,P
qwen35_4b,moral,all,2,6195,Perspective_Shift,1538,0.24826472962066182,conversational,0.5210027100271002,Perspective shift,P
qwen35_4b,moral,all,3,6148,Perspective_Shift,1352,0.2199089134677944,conversational,0.4763918252290345,Perspective shift,P
qwen35_4b,moral,all,4,6108,Perspective_Shift,1269,0.20776031434184675,conversational,0.44139130434782603,Perspective shift,P
qwen35_4b,moral,all,5,6233,Perspective_Shift,1132,0.181613990052944,conversational,0.41103848946986205,Perspective shift,P
qwen35_4b,moral,all,6,6193,Perspective_Shift,1054,0.17019215243016309,conversational,0.3905150055576139,Perspective shift,P
qwen35_4b,moral,all,7,6150,Perspective_Shift,1044,0.16975609756097562,conversational,0.38227755400952035,Perspective shift,P
qwen35_4b,moral,all,8,6194,Perspective_Shift,1009,0.1628995802389409,conversational,0.3895752895752896,Perspective shift,P
qwen35_4b,moral,all,9,6396,Perspective_Shift,1048,0.16385240775484677,conversational,0.4270578647106764,Perspective shift,P
qwen35_4b,moral,high,0,3184,subgoal,506,0.15891959798994976,cognitive,0.928440366972477,Subgoal setting,S
qwen35_4b,moral,high,1,3079,subgoal,423,0.13738226696979539,cognitive,0.7775735294117647,Subgoal setting,S
qwen35_4b,moral,high,2,3102,subgoal,457,0.147324306898775,cognitive,0.67603550295858,Subgoal setting,S
qwen35_4b,moral,high,3,3077,subgoal,431,0.1400714982125447,cognitive,0.592032967032967,Subgoal setting,S
qwen35_4b,moral,high,4,3063,subgoal,423,0.13809990205680706,cognitive,0.55078125,Subgoal setting,S
qwen35_4b,moral,high,5,3118,subgoal,452,0.14496472097498397,cognitive,0.5078651685393258,Subgoal setting,S
qwen35_4b,moral,high,6,3106,subgoal,390,0.12556342562781714,cognitive,0.43429844097995546,Subgoal setting,S
qwen35_4b,moral,high,7,3073,subgoal,369,0.12007809957696063,cognitive,0.43514150943396235,Subgoal setting,S
qwen35_4b,moral,high,8,3108,subgoal,415,0.13352638352638352,cognitive,0.4899645808736718,Subgoal setting,S
qwen35_4b,moral,high,9,3207,subgoal,553,0.17243529778609293,cognitive,0.6090308370044053,Subgoal setting,S
qwen35_4b,moral,high,0,3184,Perspective_Shift,603,0.18938442211055276,conversational,0.7230215827338129,Perspective shift,P
qwen35_4b,moral,high,1,3079,Perspective_Shift,862,0.2799610263072426,conversational,0.5965397923875432,Perspective shift,P
qwen35_4b,moral,high,2,3102,Perspective_Shift,752,0.24242424242424243,conversational,0.5154215215901302,Perspective shift,P
qwen35_4b,moral,high,3,3077,Perspective_Shift,722,0.2346441338966526,conversational,0.4928327645051195,Perspective shift,P
qwen35_4b,moral,high,4,3063,Perspective_Shift,652,0.2128632060071825,conversational,0.45562543675751227,Perspective shift,P
qwen35_4b,moral,high,5,3118,Perspective_Shift,590,0.1892238614496472,conversational,0.4232424677187948,Perspective shift,P
qwen35_4b,moral,high,6,3106,Perspective_Shift,558,0.17965228589826143,conversational,0.4099926524614254,Perspective shift,P
qwen35_4b,moral,high,7,3073,Perspective_Shift,542,0.176374877969411,conversational,0.389647735442128,Perspective shift,P
qwen35_4b,moral,high,8,3108,Perspective_Shift,512,0.16473616473616473,conversational,0.4044233807266983,Perspective shift,P
qwen35_4b,moral,high,9,3207,Perspective_Shift,552,0.17212347988774557,conversational,0.4444444444444444,Perspective shift,P
qwen35_4b,moral,low,0,3169,subgoal,522,0.16472073209214264,cognitive,0.9157894736842105,Subgoal setting,S
qwen35_4b,moral,low,1,3070,subgoal,412,0.13420195439739413,cognitive,0.7518248175182483,Subgoal setting,S
qwen35_4b,moral,low,2,3093,subgoal,470,0.15195602974458455,cognitive,0.6695156695156695,Subgoal setting,S
qwen35_4b,moral,low,3,3071,subgoal,454,0.14783458156952134,cognitive,0.5703517587939699,Subgoal setting,S
qwen35_4b,moral,low,4,3045,subgoal,463,0.15205254515599342,cognitive,0.5082327113062568,Subgoal setting,S
qwen35_4b,moral,low,5,3115,subgoal,463,0.14863563402889246,cognitive,0.5032608695652173,Subgoal setting,S
qwen35_4b,moral,low,6,3087,subgoal,448,0.14512471655328799,cognitive,0.458077709611452,Subgoal setting,S
qwen35_4b,moral,low,7,3077,subgoal,442,0.143646408839779,cognitive,0.4594594594594595,Subgoal setting,S
qwen35_4b,moral,low,8,3086,subgoal,435,0.14095917044718081,cognitive,0.4796030871003307,Subgoal setting,S
qwen35_4b,moral,low,9,3189,subgoal,498,0.1561618062088429,cognitive,0.5349087003222341,Subgoal setting,S
qwen35_4b,moral,low,0,3169,Perspective_Shift,589,0.18586304828021458,conversational,0.7053892215568862,Perspective shift,P
qwen35_4b,moral,low,1,3070,Perspective_Shift,860,0.28013029315960913,conversational,0.5733333333333334,Perspective shift,P
qwen35_4b,moral,low,2,3093,Perspective_Shift,786,0.2541222114451988,conversational,0.5264567983924983,Perspective shift,P
qwen35_4b,moral,low,3,3071,Perspective_Shift,630,0.20514490394008467,conversational,0.45884923525127463,Perspective shift,P
qwen35_4b,moral,low,4,3045,Perspective_Shift,617,0.20262725779967158,conversational,0.42728531855955676,Perspective shift,P
qwen35_4b,moral,low,5,3115,Perspective_Shift,542,0.17399678972712682,conversational,0.3985294117647059,Perspective shift,P
qwen35_4b,moral,low,6,3087,Perspective_Shift,496,0.16067379332685455,conversational,0.3707025411061286,Perspective shift,P
qwen35_4b,moral,low,7,3077,Perspective_Shift,502,0.1631459213519662,conversational,0.3746268656716418,Perspective shift,P
qwen35_4b,moral,low,8,3086,Perspective_Shift,497,0.161049902786779,conversational,0.37537764350453173,Perspective shift,P
qwen35_4b,moral,low,9,3189,Perspective_Shift,496,0.15553465036061462,conversational,0.40924092409240925,Perspective shift,P
qwen35_4b,planning,all,0,31684,verification,3740,0.11804065143289989,cognitive,0.6428325885183912,Verification,V
qwen35_4b,planning,all,1,31450,verification,6029,0.19170111287758346,cognitive,0.7868702688593057,Verification,V
qwen35_4b,planning,all,2,31486,verification,6494,0.20625039700184208,cognitive,0.8269451165159812,Verification,V
qwen35_4b,planning,all,3,31444,verification,6620,0.21053301106729425,cognitive,0.8325996729971072,Verification,V
qwen35_4b,planning,all,4,31407,verification,6553,0.20864775368548413,cognitive,0.8419632532442503,Verification,V
qwen35_4b,planning,all,5,31554,verification,7038,0.22304620650313747,cognitive,0.8674966103784051,Verification,V
qwen35_4b,planning,all,6,31485,verification,7180,0.22804510084167065,cognitive,0.8629807692307693,Verification,V
qwen35_4b,planning,all,7,31445,verification,7107,0.22601367467005884,cognitive,0.8638628904825574,Verification,V
qwen35_4b,planning,all,8,31491,verification,7517,0.23870312152678544,cognitive,0.8678134380050797,Verification,V
qwen35_4b,planning,all,9,31731,verification,8247,0.2599035643377139,cognitive,0.8768740031897926,Verification,V
qwen35_4b,planning,all,0,31684,Perspective_Shift,3458,0.1091402600681732,conversational,0.39170820117806976,Perspective shift,P
qwen35_4b,planning,all,1,31450,Question_and_Answering,4762,0.15141494435612082,conversational,0.452059996202772,Question–answer,Q
qwen35_4b,planning,all,2,31486,Question_and_Answering,4773,0.1515911833830909,conversational,0.43581081081081086,Question–answer,Q
qwen35_4b,planning,all,3,31444,Question_and_Answering,4886,0.1553873552983081,conversational,0.4259065550906555,Question–answer,Q
qwen35_4b,planning,all,4,31407,Question_and_Answering,4736,0.15079440888973797,conversational,0.420305289314874,Question–answer,Q
qwen35_4b,planning,all,5,31554,Question_and_Answering,4793,0.1518983330164163,conversational,0.4090986684875384,Question–answer,Q
qwen35_4b,planning,all,6,31485,Question_and_Answering,4748,0.15080196919167857,conversational,0.4053269591941267,Question–answer,Q
qwen35_4b,planning,all,7,31445,Question_and_Answering,4497,0.14301160756877088,conversational,0.39821128132471445,Question–answer,Q
qwen35_4b,planning,all,8,31491,Question_and_Answering,4384,0.13921437871137785,conversational,0.3942800611565788,Question–answer,Q
qwen35_4b,planning,all,9,31731,Question_and_Answering,4099,0.1291796665721219,conversational,0.3857519292301901,Question–answer,Q
qwen35_4b,planning,high,0,24632,verification,2947,0.11964111724585905,cognitive,0.6413492927094667,Verification,V
qwen35_4b,planning,high,1,24440,verification,4695,0.19210310965630115,cognitive,0.7734761120263591,Verification,V
qwen35_4b,planning,high,2,24466,verification,5067,0.2071037357966157,cognitive,0.8195050946142649,Verification,V
qwen35_4b,planning,high,3,24437,verification,5230,0.2140197241887302,cognitive,0.8251814452508678,Verification,V
qwen35_4b,planning,high,4,24408,verification,5107,0.20923467715503113,cognitive,0.8313527592381573,Verification,V
qwen35_4b,planning,high,5,24522,verification,5627,0.22946741701329418,cognitive,0.8596089214787656,Verification,V
qwen35_4b,planning,high,6,24473,verification,5617,0.22951824459608547,cognitive,0.8553372925232221,Verification,V
qwen35_4b,planning,high,7,24430,verification,5656,0.23151862464183381,cognitive,0.8558026932970193,Verification,V
qwen35_4b,planning,high,8,24476,verification,5884,0.24039875796698806,cognitive,0.8598567879584976,Verification,V
qwen35_4b,planning,high,9,24672,verification,6481,0.26268644617380027,cognitive,0.8681848626925652,Verification,V
qwen35_4b,planning,high,0,24632,Perspective_Shift,2744,0.11139980513153622,conversational,0.4048391856004721,Perspective shift,P
qwen35_4b,planning,high,1,24440,Question_and_Answering,3645,0.14914075286415712,conversational,0.43804831150102147,Question–answer,Q
qwen35_4b,planning,high,2,24466,Question_and_Answering,3711,0.15167988228562085,conversational,0.4292158223455933,Question–answer,Q
qwen35_4b,planning,high,3,24437,Question_and_Answering,3897,0.1594712935303024,conversational,0.42678786551308723,Question–answer,Q
qwen35_4b,planning,high,4,24408,Question_and_Answering,3770,0.15445755490003277,conversational,0.42618132489260685,Question–answer,Q
qwen35_4b,planning,high,5,24522,Question_and_Answering,3897,0.15891852214338145,conversational,0.4186721100128921,Question–answer,Q
qwen35_4b,planning,high,6,24473,Question_and_Answering,3791,0.15490540595758592,conversational,0.4129179827905457,Question–answer,Q
qwen35_4b,planning,high,7,24430,Question_and_Answering,3690,0.15104379860826853,conversational,0.4138627187079408,Question–answer,Q
qwen35_4b,planning,high,8,24476,Question_and_Answering,3565,0.1456528844582448,conversational,0.40682414698162733,Question–answer,Q
qwen35_4b,planning,high,9,24672,Question_and_Answering,3392,0.13748378728923477,conversational,0.402181645719706,Question–answer,Q
qwen35_4b,planning,incomplete,0,546,verification,81,0.14835164835164835,cognitive,0.5625,Verification,V
qwen35_4b,planning,incomplete,1,543,verification,105,0.19337016574585636,cognitive,0.8750000000000001,Verification,V
qwen35_4b,planning,incomplete,2,545,verification,112,0.20550458715596331,cognitive,0.9032258064516129,Verification,V
qwen35_4b,planning,incomplete,3,542,verification,91,0.16789667896678967,cognitive,0.7583333333333333,Verification,V
qwen35_4b,planning,incomplete,4,543,verification,124,0.2283609576427256,cognitive,0.9185185185185185,Verification,V
qwen35_4b,planning,incomplete,5,544,verification,76,0.13970588235294118,cognitive,0.7835051546391752,Verification,V
qwen35_4b,planning,incomplete,6,543,verification,77,0.141804788213628,cognitive,0.8191489361702128,Verification,V
qwen35_4b,planning,incomplete,7,544,verification,105,0.19301470588235295,cognitive,0.9375,Verification,V
qwen35_4b,planning,incomplete,8,544,verification,145,0.2665441176470588,cognitive,0.9415584415584416,Verification,V
qwen35_4b,planning,incomplete,9,546,verification,94,0.17216117216117216,cognitive,0.912621359223301,Verification,V
qwen35_4b,planning,incomplete,0,546,Question_and_Answering,71,0.13003663003663005,conversational,0.40804597701149425,Question–answer,Q
qwen35_4b,planning,incomplete,1,543,Question_and_Answering,82,0.15101289134438306,conversational,0.5324675324675325,Question–answer,Q
qwen35_4b,planning,incomplete,2,545,Question_and_Answering,72,0.13211009174311927,conversational,0.46153846153846156,Question–answer,Q
qwen35_4b,planning,incomplete,3,542,Question_and_Answering,50,0.09225092250922509,conversational,0.4065040650406504,Question–answer,Q
qwen35_4b,planning,incomplete,4,543,Perspective_Shift,58,0.10681399631675875,conversational,0.3473053892215569,Perspective shift,P
qwen35_4b,planning,incomplete,5,544,Perspective_Shift,55,0.10110294117647059,conversational,0.4198473282442748,Perspective shift,P
qwen35_4b,planning,incomplete,6,543,Perspective_Shift,45,0.08287292817679558,conversational,0.3813559322033898,Perspective shift,P
qwen35_4b,planning,incomplete,7,544,Perspective_Shift,34,0.0625,conversational,0.45945945945945943,Perspective shift,P
qwen35_4b,planning,incomplete,8,544,Perspective_Shift,36,0.0661764705882353,conversational,0.3636363636363636,Perspective shift,P
qwen35_4b,planning,incomplete,9,546,Perspective_Shift,52,0.09523809523809523,conversational,0.46017699115044247,Perspective shift,P
qwen35_4b,planning,low,0,5402,verification,600,0.11106997408367271,cognitive,0.6666666666666666,Verification,V
qwen35_4b,planning,low,1,5368,verification,991,0.18461251862891206,cognitive,0.8398305084745763,Verification,V
qwen35_4b,planning,low,2,5375,verification,1087,0.2022325581395349,cognitive,0.8565799842395587,Verification,V
qwen35_4b,planning,low,3,5368,verification,1029,0.19169150521609538,cognitive,0.8676222596964587,Verification,V
qwen35_4b,planning,low,4,5360,verification,1052,0.1962686567164179,cognitive,0.8752079866888519,Verification,V
qwen35_4b,planning,low,5,5385,verification,1076,0.1998142989786444,cognitive,0.9019279128248113,Verification,V
qwen35_4b,planning,low,6,5372,verification,1187,0.22096053611317945,cognitive,0.8884730538922155,Verification,V
qwen35_4b,planning,low,7,5371,verification,1100,0.2048035747533048,cognitive,0.8835341365461847,Verification,V
qwen35_4b,planning,low,8,5372,verification,1218,0.22673119880863737,cognitive,0.9002217294900222,Verification,V
qwen35_4b,planning,low,9,5406,verification,1383,0.255826859045505,cognitive,0.9062909567496724,Verification,V
qwen35_4b,planning,low,0,5402,Question_and_Answering,662,0.12254720473898556,conversational,0.421656050955414,Question–answer,Q
qwen35_4b,planning,low,1,5368,Question_and_Answering,850,0.1583457526080477,conversational,0.5020673360897814,Question–answer,Q
qwen35_4b,planning,low,2,5375,Question_and_Answering,808,0.15032558139534885,conversational,0.4622425629290618,Question–answer,Q
qwen35_4b,planning,low,3,5368,Question_and_Answering,765,0.14251117734724292,conversational,0.41826134499726625,Question–answer,Q
qwen35_4b,planning,low,4,5360,Question_and_Answering,733,0.13675373134328359,conversational,0.4029686641011545,Question–answer,Q
qwen35_4b,planning,low,5,5385,Perspective_Shift,721,0.1338904363974002,conversational,0.3907859078590786,Perspective shift,P
qwen35_4b,planning,low,6,5372,Perspective_Shift,800,0.14892032762472077,conversational,0.39254170755642787,Perspective shift,P
qwen35_4b,planning,low,7,5371,Perspective_Shift,789,0.1469000186185068,conversational,0.4062821833161689,Perspective shift,P
qwen35_4b,planning,low,8,5372,Perspective_Shift,762,0.14184661206254653,conversational,0.39400206825232675,Perspective shift,P
qwen35_4b,planning,low,9,5406,Perspective_Shift,684,0.12652608213096558,conversational,0.3990665110851809,Perspective shift,P
qwen35_4b,safety,all,0,2486,subgoal,623,0.250603378921963,cognitive,0.9629057187017,Subgoal setting,S
qwen35_4b,safety,all,1,2344,subgoal,402,0.17150170648464164,cognitive,0.6432,Subgoal setting,S
qwen35_4b,safety,all,2,2377,subgoal,434,0.1825830879259571,cognitive,0.5643693107932379,Subgoal setting,S
qwen35_4b,safety,all,3,2341,subgoal,350,0.149508756941478,cognitive,0.46604527296937415,Subgoal setting,S
qwen35_4b,safety,all,4,2312,subgoal,365,0.1578719723183391,cognitive,0.5259365994236311,Subgoal setting,S
qwen35_4b,safety,all,5,2399,verification,315,0.13130471029595664,cognitive,0.44744318181818177,Verification,V
qwen35_4b,safety,all,6,2371,verification,315,0.13285533530156052,cognitive,0.46874999999999994,Verification,V
qwen35_4b,safety,all,7,2347,subgoal,266,0.11333617383894333,cognitive,0.4500846023688663,Subgoal setting,S
qwen35_4b,safety,all,8,2374,subgoal,280,0.11794439764111204,cognitive,0.45901639344262296,Subgoal setting,S
qwen35_4b,safety,all,9,2513,verification,330,0.13131715081575807,cognitive,0.5331179321486268,Verification,V
qwen35_4b,safety,all,0,2486,Perspective_Shift,369,0.14843121480289623,conversational,0.8405466970387243,Perspective shift,P
qwen35_4b,safety,all,1,2344,Perspective_Shift,487,0.20776450511945393,conversational,0.6849507735583685,Perspective shift,P
qwen35_4b,safety,all,2,2377,Perspective_Shift,458,0.19267984854859066,conversational,0.5571776155717761,Perspective shift,P
qwen35_4b,safety,all,3,2341,Perspective_Shift,376,0.16061512174284495,conversational,0.45965770171149145,Perspective shift,P
qwen35_4b,safety,all,4,2312,Perspective_Shift,396,0.17128027681660898,conversational,0.48351648351648346,Perspective shift,P
qwen35_4b,safety,all,5,2399,Perspective_Shift,392,0.16340141725719048,conversational,0.45213379469434833,Perspective shift,P
qwen35_4b,safety,all,6,2371,Perspective_Shift,367,0.1547870097005483,conversational,0.42135476463834676,Perspective shift,P
qwen35_4b,safety,all,7,2347,Perspective_Shift,345,0.1469961653174265,conversational,0.4126794258373206,Perspective shift,P
qwen35_4b,safety,all,8,2374,Perspective_Shift,371,0.15627632687447346,conversational,0.47141041931385,Perspective shift,P
qwen35_4b,safety,all,9,2513,Perspective_Shift,351,0.13967369677676084,conversational,0.41686460807600945,Perspective shift,P
qwen35_4b,safety,high,0,2486,subgoal,623,0.250603378921963,cognitive,0.9629057187017,Subgoal setting,S
qwen35_4b,safety,high,1,2344,subgoal,402,0.17150170648464164,cognitive,0.6432,Subgoal setting,S
qwen35_4b,safety,high,2,2377,subgoal,434,0.1825830879259571,cognitive,0.5643693107932379,Subgoal setting,S
qwen35_4b,safety,high,3,2341,subgoal,350,0.149508756941478,cognitive,0.46604527296937415,Subgoal setting,S
qwen35_4b,safety,high,4,2312,subgoal,365,0.1578719723183391,cognitive,0.5259365994236311,Subgoal setting,S
qwen35_4b,safety,high,5,2399,verification,315,0.13130471029595664,cognitive,0.44744318181818177,Verification,V
qwen35_4b,safety,high,6,2371,verification,315,0.13285533530156052,cognitive,0.46874999999999994,Verification,V
qwen35_4b,safety,high,7,2347,subgoal,266,0.11333617383894333,cognitive,0.4500846023688663,Subgoal setting,S
qwen35_4b,safety,high,8,2374,subgoal,280,0.11794439764111204,cognitive,0.45901639344262296,Subgoal setting,S
qwen35_4b,safety,high,9,2513,verification,330,0.13131715081575807,cognitive,0.5331179321486268,Verification,V
qwen35_4b,safety,high,0,2486,Perspective_Shift,369,0.14843121480289623,conversational,0.8405466970387243,Perspective shift,P
qwen35_4b,safety,high,1,2344,Perspective_Shift,487,0.20776450511945393,conversational,0.6849507735583685,Perspective shift,P
qwen35_4b,safety,high,2,2377,Perspective_Shift,458,0.19267984854859066,conversational,0.5571776155717761,Perspective shift,P
qwen35_4b,safety,high,3,2341,Perspective_Shift,376,0.16061512174284495,conversational,0.45965770171149145,Perspective shift,P
qwen35_4b,safety,high,4,2312,Perspective_Shift,396,0.17128027681660898,conversational,0.48351648351648346,Perspective shift,P
qwen35_4b,safety,high,5,2399,Perspective_Shift,392,0.16340141725719048,conversational,0.45213379469434833,Perspective shift,P
qwen35_4b,safety,high,6,2371,Perspective_Shift,367,0.1547870097005483,conversational,0.42135476463834676,Perspective shift,P
qwen35_4b,safety,high,7,2347,Perspective_Shift,345,0.1469961653174265,conversational,0.4126794258373206,Perspective shift,P
qwen35_4b,safety,high,8,2374,Perspective_Shift,371,0.15627632687447346,conversational,0.47141041931385,Perspective shift,P
qwen35_4b,safety,high,9,2513,Perspective_Shift,351,0.13967369677676084,conversational,0.41686460807600945,Perspective shift,P
qwen35_4b,security,all,0,5949,subgoal,589,0.09900823667843335,cognitive,0.4663499604117181,Subgoal setting,S
qwen35_4b,security,all,1,5864,verification,646,0.1101637107776262,cognitive,0.5737122557726466,Verification,V
qwen35_4b,security,all,2,5885,verification,718,0.12200509770603228,cognitive,0.6605335786568537,Verification,V
qwen35_4b,security,all,3,5858,verification,827,0.14117446227381358,cognitive,0.7038297872340425,Verification,V
qwen35_4b,security,all,4,5854,verification,872,0.14895797745131534,cognitive,0.7452991452991453,Verification,V
qwen35_4b,security,all,5,5898,verification,863,0.14632078670735843,cognitive,0.7319762510602206,Verification,V
qwen35_4b,security,all,6,5876,verification,887,0.15095302927161333,cognitive,0.7441275167785234,Verification,V
qwen35_4b,security,all,7,5867,verification,948,0.16158172831089143,cognitive,0.755378486055777,Verification,V
qwen35_4b,security,all,8,5882,verification,821,0.13957837470248216,cognitive,0.7450090744101633,Verification,V
qwen35_4b,security,all,9,5975,verification,978,0.16368200836820085,cognitive,0.806930693069307,Verification,V
qwen35_4b,security,all,0,5949,Perspective_Shift,1077,0.1810388300554715,conversational,0.5689381933438985,Perspective shift,P
qwen35_4b,security,all,1,5864,Perspective_Shift,1114,0.18997271487039563,conversational,0.4896703296703297,Perspective shift,P
qwen35_4b,security,all,2,5885,Perspective_Shift,1055,0.17926932880203908,conversational,0.47501125619090495,Perspective shift,P
qwen35_4b,security,all,3,5858,Perspective_Shift,992,0.1693410720382383,conversational,0.428694900605013,Perspective shift,P
qwen35_4b,security,all,4,5854,Perspective_Shift,984,0.16809019473864026,conversational,0.4254215304798962,Perspective shift,P
qwen35_4b,security,all,5,5898,Perspective_Shift,1022,0.17327907765344183,conversational,0.4267223382045929,Perspective shift,P
qwen35_4b,security,all,6,5876,Perspective_Shift,897,0.15265486725663716,conversational,0.376890756302521,Perspective shift,P
qwen35_4b,security,all,7,5867,Perspective_Shift,871,0.1484574740071587,conversational,0.384377758164166,Perspective shift,P
qwen35_4b,security,all,8,5882,Perspective_Shift,880,0.14960897653859231,conversational,0.411214953271028,Perspective shift,P
qwen35_4b,security,all,9,5975,Perspective_Shift,778,0.1302092050209205,conversational,0.37895762299074526,Perspective shift,P
qwen35_4b,security,high,0,4001,subgoal,412,0.10297425643589103,cognitive,0.4703196347031964,Subgoal setting,S
qwen35_4b,security,high,1,3941,verification,499,0.12661760974371986,cognitive,0.5954653937947494,Verification,V
qwen35_4b,security,high,2,3954,verification,513,0.12974203338391502,cognitive,0.6758893280632411,Verification,V
qwen35_4b,security,high,3,3938,verification,645,0.16378872524123922,cognitive,0.7142857142857143,Verification,V
qwen35_4b,security,high,4,3932,verification,656,0.16683621566632756,cognitive,0.7583815028901734,Verification,V
qwen35_4b,security,high,5,3965,verification,661,0.16670870113493064,cognitive,0.7271727172717272,Verification,V
qwen35_4b,security,high,6,3951,verification,676,0.17109592508225765,cognitive,0.7396061269146608,Verification,V
qwen35_4b,security,high,7,3941,verification,682,0.17305252473991373,cognitive,0.7453551912568306,Verification,V
qwen35_4b,security,high,8,3954,verification,620,0.15680323722812342,cognitive,0.7515151515151516,Verification,V
qwen35_4b,security,high,9,4020,verification,725,0.18034825870646767,cognitive,0.8109619686800895,Verification,V
qwen35_4b,security,high,0,4001,Perspective_Shift,678,0.16945763559110222,conversational,0.5571076417419885,Perspective shift,P
qwen35_4b,security,high,1,3941,Perspective_Shift,695,0.17635117990357776,conversational,0.4708672086720867,Perspective shift,P
qwen35_4b,security,high,2,3954,Perspective_Shift,645,0.1631259484066768,conversational,0.46604046242774566,Perspective shift,P
qwen35_4b,security,high,3,3938,Perspective_Shift,633,0.1607414931437278,conversational,0.41865079365079366,Perspective shift,P
qwen35_4b,security,high,4,3932,Perspective_Shift,633,0.16098677517802645,conversational,0.4091790562378798,Perspective shift,P
qwen35_4b,security,high,5,3965,Perspective_Shift,659,0.16620428751576294,conversational,0.41161773891317927,Perspective shift,P
qwen35_4b,security,high,6,3951,Perspective_Shift,603,0.15261958997722094,conversational,0.371076923076923,Perspective shift,P
qwen35_4b,security,high,7,3941,Perspective_Shift,572,0.14514082720121796,conversational,0.3790589794565938,Perspective shift,P
qwen35_4b,security,high,8,3954,Perspective_Shift,571,0.14441072331815882,conversational,0.41020114942528735,Perspective shift,P
qwen35_4b,security,high,9,4020,Perspective_Shift,504,0.1253731343283582,conversational,0.3778110944527736,Perspective shift,P
qwen35_4b,security,incomplete,0,80,verification,15,0.1875,cognitive,0.7142857142857143,Verification,V
qwen35_4b,security,incomplete,1,79,verification,8,0.10126582278481013,cognitive,0.7272727272727273,Verification,V
qwen35_4b,security,incomplete,2,79,verification,2,0.02531645569620253,cognitive,0.6666666666666666,Verification,V
qwen35_4b,security,incomplete,3,80,verification,13,0.1625,cognitive,1.0,Verification,V
qwen35_4b,security,incomplete,4,79,verification,4,0.05063291139240506,cognitive,0.6666666666666666,Verification,V
qwen35_4b,security,incomplete,5,79,backtracking,0,0.0,cognitive,0.0,Backtracking,B
qwen35_4b,security,incomplete,6,80,backtracking,1,0.0125,cognitive,1.0,Backtracking,B
qwen35_4b,security,incomplete,7,79,verification,3,0.0379746835443038,cognitive,0.75,Verification,V
qwen35_4b,security,incomplete,8,79,backtracking,2,0.02531645569620253,cognitive,0.5,Backtracking,B
qwen35_4b,security,incomplete,9,80,verification,12,0.15,cognitive,0.8571428571428572,Verification,V
qwen35_4b,security,incomplete,0,80,Perspective_Shift,23,0.2875,conversational,0.638888888888889,Perspective shift,P
qwen35_4b,security,incomplete,1,79,Perspective_Shift,22,0.27848101265822783,conversational,0.611111111111111,Perspective shift,P
qwen35_4b,security,incomplete,2,79,Perspective_Shift,25,0.31645569620253167,conversational,0.5555555555555556,Perspective shift,P
qwen35_4b,security,incomplete,3,80,Perspective_Shift,20,0.25,conversational,0.46511627906976744,Perspective shift,P
qwen35_4b,security,incomplete,4,79,Perspective_Shift,19,0.24050632911392406,conversational,0.5588235294117647,Perspective shift,P
qwen35_4b,security,incomplete,5,79,Perspective_Shift,17,0.21518987341772153,conversational,0.5483870967741936,Perspective shift,P
qwen35_4b,security,incomplete,6,80,Perspective_Shift,13,0.1625,conversational,0.37142857142857144,Perspective shift,P
qwen35_4b,security,incomplete,7,79,Question_and_Answering,15,0.189873417721519,conversational,0.4545454545454546,Question–answer,Q
qwen35_4b,security,incomplete,8,79,Perspective_Shift,9,0.11392405063291139,conversational,0.391304347826087,Perspective shift,P
qwen35_4b,security,incomplete,9,80,Perspective_Shift,16,0.2,conversational,0.48484848484848486,Perspective shift,P
qwen35_4b,security,low,0,1788,subgoal,164,0.09172259507829977,cognitive,0.47126436781609193,Subgoal setting,S
qwen35_4b,security,low,1,1765,verification,135,0.0764872521246459,cognitive,0.4981549815498155,Verification,V
qwen35_4b,security,low,2,1772,verification,191,0.10778781038374718,cognitive,0.6121794871794871,Verification,V
qwen35_4b,security,low,3,1761,verification,159,0.09028960817717206,cognitive,0.6411290322580645,Verification,V
qwen35_4b,security,low,4,1763,verification,203,0.11514463981849121,cognitive,0.7048611111111112,Verification,V
qwen35_4b,security,low,5,1775,verification,194,0.10929577464788733,cognitive,0.7519379844961241,Verification,V
qwen35_4b,security,low,6,1765,verification,199,0.11274787535410764,cognitive,0.7509433962264151,Verification,V
qwen35_4b,security,low,7,1768,verification,245,0.13857466063348417,cognitive,0.7777777777777778,Verification,V
qwen35_4b,security,low,8,1769,verification,189,0.10684002261164499,cognitive,0.7186311787072243,Verification,V
qwen35_4b,security,low,9,1794,verification,234,0.13043478260869565,cognitive,0.7878787878787878,Verification,V
qwen35_4b,security,low,0,1788,Perspective_Shift,362,0.20246085011185683,conversational,0.5886178861788618,Perspective shift,P
qwen35_4b,security,low,1,1765,Perspective_Shift,383,0.2169971671388102,conversational,0.5203804347826088,Perspective shift,P
qwen35_4b,security,low,2,1772,Perspective_Shift,370,0.208803611738149,conversational,0.4913678618857902,Perspective shift,P
qwen35_4b,security,low,3,1761,Perspective_Shift,324,0.1839863713798978,conversational,0.45251396648044695,Perspective shift,P
qwen35_4b,security,low,4,1763,Perspective_Shift,320,0.18150879183210436,conversational,0.4545454545454546,Perspective shift,P
qwen35_4b,security,low,5,1775,Perspective_Shift,332,0.18704225352112677,conversational,0.4541723666210671,Perspective shift,P
qwen35_4b,security,low,6,1765,Perspective_Shift,267,0.15127478753541077,conversational,0.3880813953488372,Perspective shift,P
qwen35_4b,security,low,7,1768,Perspective_Shift,273,0.15441176470588236,conversational,0.4020618556701031,Perspective shift,P
qwen35_4b,security,low,8,1769,Perspective_Shift,286,0.16167326172979085,conversational,0.41935483870967744,Perspective shift,P
qwen35_4b,security,low,9,1794,Perspective_Shift,247,0.13768115942028986,conversational,0.3835403726708074,Perspective shift,P
qwen35_9b,code,all,0,7285,verification,545,0.07481125600549074,cognitive,0.461864406779661,Verification,V
qwen35_9b,code,all,1,7231,verification,908,0.12557046051721754,cognitive,0.6296809986130375,Verification,V
qwen35_9b,code,all,2,7236,verification,895,0.12368711995577668,cognitive,0.6402002861230329,Verification,V
qwen35_9b,code,all,3,7224,verification,1004,0.1389811738648948,cognitive,0.6839237057220708,Verification,V
qwen35_9b,code,all,4,7217,verification,1055,0.146182624359152,cognitive,0.7270847691247415,Verification,V
qwen35_9b,code,all,5,7246,verification,1080,0.14904775048302513,cognitive,0.700843608046723,Verification,V
qwen35_9b,code,all,6,7240,verification,1071,0.14792817679558012,cognitive,0.7411764705882353,Verification,V
qwen35_9b,code,all,7,7200,verification,1012,0.14055555555555554,cognitive,0.7524163568773234,Verification,V
qwen35_9b,code,all,8,7247,verification,1188,0.16392990202842556,cognitive,0.782608695652174,Verification,V
qwen35_9b,code,all,9,7281,verification,1323,0.18170580964153277,cognitive,0.8546511627906976,Verification,V
qwen35_9b,code,all,0,7285,Perspective_Shift,729,0.10006863417982155,conversational,0.41944764096662834,Perspective shift,P
qwen35_9b,code,all,1,7231,Perspective_Shift,649,0.08975245470889227,conversational,0.33419155509783727,Perspective shift,P
qwen35_9b,code,all,2,7236,Perspective_Shift,643,0.0888612493090105,conversational,0.333160621761658,Perspective shift,P
qwen35_9b,code,all,3,7224,Perspective_Shift,696,0.09634551495016612,conversational,0.37785016286644957,Perspective shift,P
qwen35_9b,code,all,4,7217,Perspective_Shift,703,0.09740889566301787,conversational,0.3678702250130822,Perspective shift,P
qwen35_9b,code,all,5,7246,Perspective_Shift,807,0.11137179133314933,conversational,0.4032983508245877,Perspective shift,P
qwen35_9b,code,all,6,7240,Perspective_Shift,750,0.10359116022099447,conversational,0.3738783649052841,Perspective shift,P
qwen35_9b,code,all,7,7200,Perspective_Shift,773,0.10736111111111112,conversational,0.39040404040404036,Perspective shift,P
qwen35_9b,code,all,8,7247,Perspective_Shift,733,0.10114530150407065,conversational,0.3901011176157531,Perspective shift,P
qwen35_9b,code,all,9,7281,Perspective_Shift,682,0.09366845213569565,conversational,0.4289308176100629,Perspective shift,P
qwen35_9b,code,high,0,3226,verification,249,0.07718536887786732,cognitive,0.45604395604395603,Verification,V
qwen35_9b,code,high,1,3191,verification,492,0.1541836414916954,cognitive,0.6871508379888268,Verification,V
qwen35_9b,code,high,2,3194,verification,494,0.15466499686912963,cognitive,0.7138728323699423,Verification,V
qwen35_9b,code,high,3,3190,verification,599,0.1877742946708464,cognitive,0.7976031957390146,Verification,V
qwen35_9b,code,high,4,3185,verification,596,0.18712715855572998,cognitive,0.8021534320323015,Verification,V
qwen35_9b,code,high,5,3199,verification,623,0.19474835886214442,cognitive,0.8038709677419356,Verification,V
qwen35_9b,code,high,6,3200,verification,612,0.19125,cognitive,0.827027027027027,Verification,V
qwen35_9b,code,high,7,3164,verification,554,0.17509481668773705,cognitive,0.8318318318318318,Verification,V
qwen35_9b,code,high,8,3201,verification,627,0.1958762886597938,cognitive,0.860082304526749,Verification,V
qwen35_9b,code,high,9,3215,verification,656,0.2040435458786936,cognitive,0.9136490250696379,Verification,V
qwen35_9b,code,high,0,3226,Perspective_Shift,308,0.09547427154370738,conversational,0.43874643874643876,Perspective shift,P
qwen35_9b,code,high,1,3191,Perspective_Shift,281,0.08806016922594798,conversational,0.32712456344586727,Perspective shift,P
qwen35_9b,code,high,2,3194,Perspective_Shift,307,0.09611772072636193,conversational,0.35532407407407407,Perspective shift,P
qwen35_9b,code,high,3,3190,Perspective_Shift,302,0.09467084639498433,conversational,0.3651753325272068,Perspective shift,P
qwen35_9b,code,high,4,3185,Perspective_Shift,305,0.09576138147566719,conversational,0.35097813578826237,Perspective shift,P
qwen35_9b,code,high,5,3199,Perspective_Shift,340,0.10628321350422007,conversational,0.38768529076396807,Perspective shift,P
qwen35_9b,code,high,6,3200,Perspective_Shift,350,0.109375,conversational,0.39062499999999994,Perspective shift,P
qwen35_9b,code,high,7,3164,Perspective_Shift,319,0.10082174462705436,conversational,0.38902439024390245,Perspective shift,P
qwen35_9b,code,high,8,3201,Perspective_Shift,309,0.09653233364573571,conversational,0.3572254335260116,Perspective shift,P
qwen35_9b,code,high,9,3215,Perspective_Shift,314,0.09766718506998445,conversational,0.44039270687237025,Perspective shift,P
qwen35_9b,code,incomplete,0,252,verification,15,0.05952380952380952,cognitive,0.5357142857142857,Verification,V
qwen35_9b,code,incomplete,1,252,verification,22,0.0873015873015873,cognitive,0.5945945945945946,Verification,V
qwen35_9b,code,incomplete,2,252,verification,16,0.06349206349206349,cognitive,0.5333333333333333,Verification,V
qwen35_9b,code,incomplete,3,251,verification,14,0.055776892430278883,cognitive,0.5833333333333334,Verification,V
qwen35_9b,code,incomplete,4,252,verification,20,0.07936507936507936,cognitive,0.6666666666666666,Verification,V
qwen35_9b,code,incomplete,5,252,verification,21,0.08333333333333333,cognitive,0.5675675675675677,Verification,V
qwen35_9b,code,incomplete,6,251,verification,18,0.07171314741035857,cognitive,0.5454545454545455,Verification,V
qwen35_9b,code,incomplete,7,252,verification,21,0.08333333333333333,cognitive,0.6363636363636365,Verification,V
qwen35_9b,code,incomplete,8,252,verification,34,0.1349206349206349,cognitive,0.7083333333333334,Verification,V
qwen35_9b,code,incomplete,9,253,verification,32,0.12648221343873517,cognitive,0.5818181818181818,Verification,V
qwen35_9b,code,incomplete,0,252,Perspective_Shift,21,0.08333333333333333,conversational,0.31818181818181823,Perspective shift,P
qwen35_9b,code,incomplete,1,252,Question_and_Answering,21,0.08333333333333333,conversational,0.375,Question–answer,Q
qwen35_9b,code,incomplete,2,252,Question_and_Answering,21,0.08333333333333333,conversational,0.3620689655172414,Question–answer,Q
qwen35_9b,code,incomplete,3,251,Question_and_Answering,17,0.06772908366533864,conversational,0.3953488372093023,Question–answer,Q
qwen35_9b,code,incomplete,4,252,Perspective_Shift,16,0.06349206349206349,conversational,0.32,Perspective shift,P
qwen35_9b,code,incomplete,5,252,Perspective_Shift,23,0.09126984126984126,conversational,0.38333333333333336,Perspective shift,P
qwen35_9b,code,incomplete,6,251,Perspective_Shift,21,0.08366533864541832,conversational,0.3442622950819672,Perspective shift,P
qwen35_9b,code,incomplete,7,252,Question_and_Answering,27,0.10714285714285714,conversational,0.375,Question–answer,Q
qwen35_9b,code,incomplete,8,252,Question_and_Answering,29,0.11507936507936507,conversational,0.3625,Question–answer,Q
qwen35_9b,code,incomplete,9,253,Question_and_Answering,33,0.13043478260869565,conversational,0.32673267326732675,Question–answer,Q
qwen35_9b,code,low,0,3587,verification,268,0.07471424588792863,cognitive,0.46206896551724136,Verification,V
qwen35_9b,code,low,1,3570,verification,373,0.10448179271708684,cognitive,0.5712098009188361,Verification,V
qwen35_9b,code,low,2,3571,verification,365,0.10221226547185662,cognitive,0.5676516329704511,Verification,V
qwen35_9b,code,low,3,3565,verification,380,0.10659186535764376,cognitive,0.5697151424287856,Verification,V
qwen35_9b,code,low,4,3563,verification,422,0.11843951726073533,cognitive,0.650231124807396,Verification,V
qwen35_9b,code,low,5,3575,verification,421,0.11776223776223776,cognitive,0.6066282420749279,Verification,V
qwen35_9b,code,low,6,3571,verification,428,0.11985438252590311,cognitive,0.6625386996904026,Verification,V
qwen35_9b,code,low,7,3565,verification,416,0.11669004207573633,cognitive,0.6720516962843295,Verification,V
qwen35_9b,code,low,8,3576,verification,508,0.14205816554809844,cognitive,0.7134831460674157,Verification,V
qwen35_9b,code,low,9,3593,verification,575,0.16003339827442248,cognitive,0.8053221288515405,Verification,V
qwen35_9b,code,low,0,3587,Perspective_Shift,372,0.10370783384443825,conversational,0.4083424807903403,Perspective shift,P
qwen35_9b,code,low,1,3570,Perspective_Shift,319,0.08935574229691877,conversational,0.33298538622129437,Perspective shift,P
qwen35_9b,code,low,2,3571,Perspective_Shift,298,0.0834500140016802,conversational,0.3156779661016949,Perspective shift,P
qwen35_9b,code,low,3,3565,Perspective_Shift,363,0.10182328190743338,conversational,0.39370932754880694,Perspective shift,P
qwen35_9b,code,low,4,3563,Perspective_Shift,362,0.10159977547010945,conversational,0.38841201716738194,Perspective shift,P
qwen35_9b,code,low,5,3575,Perspective_Shift,417,0.11664335664335665,conversational,0.4153386454183267,Perspective shift,P
qwen35_9b,code,low,6,3571,Perspective_Shift,358,0.10025203024362923,conversational,0.354806739345887,Perspective shift,P
qwen35_9b,code,low,7,3565,Perspective_Shift,423,0.11865357643758766,conversational,0.41592920353982304,Perspective shift,P
qwen35_9b,code,low,8,3576,Perspective_Shift,385,0.10766219239373602,conversational,0.4320987654320988,Perspective shift,P
qwen35_9b,code,low,9,3593,Perspective_Shift,315,0.08767047035903144,conversational,0.42857142857142855,Perspective shift,P
qwen35_9b,gpqa,all,0,36477,verification,3908,0.10713600350906051,cognitive,0.47571515520389535,Verification,V
qwen35_9b,gpqa,all,1,36244,verification,5951,0.16419269396313874,cognitive,0.6301355357899195,Verification,V
qwen35_9b,gpqa,all,2,36294,verification,6433,0.17724692786686505,cognitive,0.6687805385175174,Verification,V
qwen35_9b,gpqa,all,3,36249,verification,6571,0.18127396617837732,cognitive,0.6800165580047604,Verification,V
qwen35_9b,gpqa,all,4,36226,verification,6640,0.18329376690774582,cognitive,0.6926045686867632,Verification,V
qwen35_9b,gpqa,all,5,36342,verification,6860,0.18876231357657805,cognitive,0.7064154052105859,Verification,V
qwen35_9b,gpqa,all,6,36298,verification,6980,0.19229709625874705,cognitive,0.715897435897436,Verification,V
qwen35_9b,gpqa,all,7,36245,verification,7050,0.19450958752931438,cognitive,0.723373691770983,Verification,V
qwen35_9b,gpqa,all,8,36293,verification,7276,0.2004794312952911,cognitive,0.7392806340174761,Verification,V
qwen35_9b,gpqa,all,9,36520,verification,7689,0.2105421686746988,cognitive,0.7656841266679945,Verification,V
qwen35_9b,gpqa,all,0,36477,Perspective_Shift,5364,0.14705156674068592,conversational,0.4519716885743175,Perspective shift,P
qwen35_9b,gpqa,all,1,36244,Perspective_Shift,5624,0.1551705109811279,conversational,0.389446714216467,Perspective shift,P
qwen35_9b,gpqa,all,2,36294,Perspective_Shift,5631,0.15514961150603407,conversational,0.37761534334763946,Perspective shift,P
qwen35_9b,gpqa,all,3,36249,Perspective_Shift,5650,0.15586636872741316,conversational,0.3665023352361183,Perspective shift,P
qwen35_9b,gpqa,all,4,36226,Perspective_Shift,5469,0.150968917352178,conversational,0.3585994361025507,Perspective shift,P
qwen35_9b,gpqa,all,5,36342,Perspective_Shift,5656,0.15563260139783172,conversational,0.36288977287309127,Perspective shift,P
qwen35_9b,gpqa,all,6,36298,Perspective_Shift,5707,0.15722629345969474,conversational,0.3689552624773726,Perspective shift,P
qwen35_9b,gpqa,all,7,36245,Perspective_Shift,5656,0.1560491102220996,conversational,0.3714698541967687,Perspective shift,P
qwen35_9b,gpqa,all,8,36293,Perspective_Shift,5437,0.14980850301711074,conversational,0.3658569409864747,Perspective shift,P
qwen35_9b,gpqa,all,9,36520,Perspective_Shift,5093,0.1394578313253012,conversational,0.35590496156533896,Perspective shift,P
qwen35_9b,gpqa,high,0,25678,verification,2755,0.10729028740556118,cognitive,0.47863099374565676,Verification,V
qwen35_9b,gpqa,high,1,25499,verification,4422,0.17341856543393858,cognitive,0.6524048391856004,Verification,V
qwen35_9b,gpqa,high,2,25537,verification,4778,0.18710106903708346,cognitive,0.6906620410523273,Verification,V
qwen35_9b,gpqa,high,3,25497,verification,4801,0.1882966623524336,cognitive,0.6890068886337544,Verification,V
qwen35_9b,gpqa,high,4,25485,verification,5007,0.19646851088875808,cognitive,0.7135528003420264,Verification,V
qwen35_9b,gpqa,high,5,25578,verification,5013,0.1959887403237157,cognitive,0.7122762148337596,Verification,V
qwen35_9b,gpqa,high,6,25530,verification,5204,0.20383862122992558,cognitive,0.72895363496288,Verification,V
qwen35_9b,gpqa,high,7,25504,verification,5209,0.20424247176913427,cognitive,0.7412836203216167,Verification,V
qwen35_9b,gpqa,high,8,25532,verification,5398,0.2114209619301269,cognitive,0.7508693837807762,Verification,V
qwen35_9b,gpqa,high,9,25715,verification,5758,0.22391600233326853,cognitive,0.7884431055730522,Verification,V
qwen35_9b,gpqa,high,0,25678,Perspective_Shift,3559,0.13860113716021497,conversational,0.4610700867988081,Perspective shift,P
qwen35_9b,gpqa,high,1,25499,Perspective_Shift,3832,0.15028040315306482,conversational,0.39141981613891724,Perspective shift,P
qwen35_9b,gpqa,high,2,25537,Perspective_Shift,3899,0.152680424482124,conversational,0.37983438869946423,Perspective shift,P
qwen35_9b,gpqa,high,3,25497,Perspective_Shift,3952,0.15499862728948505,conversational,0.3656550703182828,Perspective shift,P
qwen35_9b,gpqa,high,4,25485,Perspective_Shift,3786,0.14855797527957623,conversational,0.35649717514124296,Perspective shift,P
qwen35_9b,gpqa,high,5,25578,Perspective_Shift,3934,0.1538040503557745,conversational,0.3628147191736604,Perspective shift,P
qwen35_9b,gpqa,high,6,25530,Perspective_Shift,4009,0.15703094398746573,conversational,0.36333152075403297,Perspective shift,P
qwen35_9b,gpqa,high,7,25504,Perspective_Shift,3923,0.153819008782936,conversational,0.36898043641835965,Perspective shift,P
qwen35_9b,gpqa,high,8,25532,Perspective_Shift,3697,0.14479868400438664,conversational,0.3570600734015839,Perspective shift,P
qwen35_9b,gpqa,high,9,25715,Perspective_Shift,3489,0.13567956445654286,conversational,0.34896979395879174,Perspective shift,P
qwen35_9b,gpqa,incomplete,0,914,verification,117,0.12800875273522977,cognitive,0.4915966386554622,Verification,V
qwen35_9b,gpqa,incomplete,1,911,verification,164,0.1800219538968167,cognitive,0.6142322097378277,Verification,V
qwen35_9b,gpqa,incomplete,2,912,verification,179,0.1962719298245614,cognitive,0.6236933797909407,Verification,V
qwen35_9b,gpqa,incomplete,3,912,verification,196,0.2149122807017544,cognitive,0.6599326599326599,Verification,V
qwen35_9b,gpqa,incomplete,4,911,verification,120,0.13172338090010977,cognitive,0.547945205479452,Verification,V
qwen35_9b,gpqa,incomplete,5,912,verification,202,0.22149122807017543,cognitive,0.6755852842809364,Verification,V
qwen35_9b,gpqa,incomplete,6,913,verification,173,0.18948521358159912,cognitive,0.6091549295774648,Verification,V
qwen35_9b,gpqa,incomplete,7,911,verification,192,0.21075740944017562,cognitive,0.6357615894039734,Verification,V
qwen35_9b,gpqa,incomplete,8,912,verification,151,0.16557017543859648,cognitive,0.606425702811245,Verification,V
qwen35_9b,gpqa,incomplete,9,914,verification,159,0.1739606126914661,cognitive,0.6162790697674418,Verification,V
qwen35_9b,gpqa,incomplete,0,914,Perspective_Shift,133,0.14551422319474835,conversational,0.36141304347826086,Perspective shift,P
qwen35_9b,gpqa,incomplete,1,911,Question_and_Answering,142,0.15587266739846323,conversational,0.3541147132169576,Question–answer,Q
qwen35_9b,gpqa,incomplete,2,912,Question_and_Answering,138,0.1513157894736842,conversational,0.33576642335766427,Question–answer,Q
qwen35_9b,gpqa,incomplete,3,912,Question_and_Answering,171,0.1875,conversational,0.3995327102803738,Question–answer,Q
qwen35_9b,gpqa,incomplete,4,911,Perspective_Shift,125,0.13721185510428102,conversational,0.3644314868804665,Perspective shift,P
qwen35_9b,gpqa,incomplete,5,912,Perspective_Shift,139,0.1524122807017544,conversational,0.3582474226804124,Perspective shift,P
qwen35_9b,gpqa,incomplete,6,913,Perspective_Shift,165,0.18072289156626506,conversational,0.40145985401459855,Perspective shift,P
qwen35_9b,gpqa,incomplete,7,911,Perspective_Shift,158,0.1734357848518112,conversational,0.35990888382687924,Perspective shift,P
qwen35_9b,gpqa,incomplete,8,912,Perspective_Shift,170,0.18640350877192982,conversational,0.38288288288288286,Perspective shift,P
qwen35_9b,gpqa,incomplete,9,914,Perspective_Shift,159,0.1739606126914661,conversational,0.3822115384615385,Perspective shift,P
qwen35_9b,gpqa,low,0,9305,verification,988,0.10617947340139709,cognitive,0.4698050404184498,Verification,V
qwen35_9b,gpqa,low,1,9257,verification,1253,0.13535702711461597,cognitive,0.5601251676352258,Verification,V
qwen35_9b,gpqa,low,2,9268,verification,1387,0.14965472593871385,cognitive,0.6088674275680421,Verification,V
qwen35_9b,gpqa,low,3,9261,verification,1456,0.15721844293272866,cognitive,0.6543820224719101,Verification,V
qwen35_9b,gpqa,low,4,9254,verification,1384,0.1495569483466609,cognitive,0.6413345690454124,Verification,V
qwen35_9b,gpqa,low,5,9275,verification,1513,0.1631266846361186,cognitive,0.6962724344224575,Verification,V
qwen35_9b,gpqa,low,6,9275,verification,1443,0.15557951482479784,cognitive,0.6809815950920246,Verification,V
qwen35_9b,gpqa,low,7,9254,verification,1512,0.16338880484114976,cognitive,0.6829268292682926,Verification,V
qwen35_9b,gpqa,low,8,9271,verification,1585,0.17096321863876604,cognitive,0.7181694608065247,Verification,V
qwen35_9b,gpqa,low,9,9311,verification,1615,0.17345075716893996,cognitive,0.7146017699115045,Verification,V
qwen35_9b,gpqa,low,0,9305,Perspective_Shift,1567,0.16840408382590005,conversational,0.43551973318510284,Perspective shift,P
qwen35_9b,gpqa,low,1,9257,Perspective_Shift,1580,0.1706816463217025,conversational,0.3923516265209834,Perspective shift,P
qwen35_9b,gpqa,low,2,9268,Perspective_Shift,1510,0.16292619766940009,conversational,0.37413280475718536,Perspective shift,P
qwen35_9b,gpqa,low,3,9261,Perspective_Shift,1465,0.15819026023107655,conversational,0.37258392675483215,Perspective shift,P
qwen35_9b,gpqa,low,4,9254,Perspective_Shift,1457,0.1574454290036741,conversational,0.3604651162790698,Perspective shift,P
qwen35_9b,gpqa,low,5,9275,Perspective_Shift,1479,0.15946091644204852,conversational,0.35985401459854016,Perspective shift,P
qwen35_9b,gpqa,low,6,9275,Perspective_Shift,1425,0.15363881401617252,conversational,0.3777836691410393,Perspective shift,P
qwen35_9b,gpqa,low,7,9254,Perspective_Shift,1455,0.1572293062459477,conversational,0.37183746486072067,Perspective shift,P
qwen35_9b,gpqa,low,8,9271,Perspective_Shift,1469,0.1584510840254557,conversational,0.38305084745762713,Perspective shift,P
qwen35_9b,gpqa,low,9,9311,Perspective_Shift,1330,0.14284180002147998,conversational,0.3619047619047619,Perspective shift,P
qwen35_9b,idea,all,0,10366,verification,2077,0.20036658306000385,cognitive,0.5462914255654918,Verification,V
qwen35_9b,idea,all,1,10206,backtracking,1985,0.19449343523417598,cognitive,0.47762271414821944,Backtracking,B
qwen35_9b,idea,all,2,10231,backtracking,1943,0.18991300948098916,cognitive,0.5424343941931882,Backtracking,B
qwen35_9b,idea,all,3,10201,backtracking,1674,0.16410155867071854,cognitive,0.5377449405717957,Backtracking,B
qwen35_9b,idea,all,4,10158,backtracking,1685,0.16587911006103565,cognitive,0.5239427860696517,Backtracking,B
qwen35_9b,idea,all,5,10275,backtracking,1668,0.16233576642335767,cognitive,0.5111860251302482,Backtracking,B
qwen35_9b,idea,all,6,10233,backtracking,1578,0.15420697742597478,cognitive,0.4816849816849817,Backtracking,B
qwen35_9b,idea,all,7,10199,backtracking,1512,0.14824982841455045,cognitive,0.4643734643734644,Backtracking,B
qwen35_9b,idea,all,8,10238,backtracking,1502,0.14670834147294393,cognitive,0.4537764350453172,Backtracking,B
qwen35_9b,idea,all,9,10398,backtracking,1408,0.1354106558953645,cognitive,0.43190184049079755,Backtracking,B
qwen35_9b,idea,all,0,10366,Perspective_Shift,4058,0.39147212039359447,conversational,0.619447412608762,Perspective shift,P
qwen35_9b,idea,all,1,10206,Perspective_Shift,3778,0.37017440721144423,conversational,0.5901280849734458,Perspective shift,P
qwen35_9b,idea,all,2,10231,Perspective_Shift,2958,0.28912129801583425,conversational,0.5823981098641465,Perspective shift,P
qwen35_9b,idea,all,3,10201,Perspective_Shift,2672,0.2619351044015293,conversational,0.5792326035118145,Perspective shift,P
qwen35_9b,idea,all,4,10158,Perspective_Shift,2666,0.26245323882654065,conversational,0.5826048951048951,Perspective shift,P
qwen35_9b,idea,all,5,10275,Perspective_Shift,2600,0.25304136253041365,conversational,0.5595007531740908,Perspective shift,P
qwen35_9b,idea,all,6,10233,Perspective_Shift,2452,0.23961692563275677,conversational,0.5328118209474142,Perspective shift,P
qwen35_9b,idea,all,7,10199,Perspective_Shift,2377,0.23306206490832435,conversational,0.5215006581834137,Perspective shift,P
qwen35_9b,idea,all,8,10238,Perspective_Shift,2425,0.23686266848993945,conversational,0.522404136148212,Perspective shift,P
qwen35_9b,idea,all,9,10398,Perspective_Shift,2357,0.22667820734756683,conversational,0.518021978021978,Perspective shift,P
qwen35_9b,idea,high,0,5832,verification,1154,0.19787379972565158,cognitive,0.5558766859344895,Verification,V
qwen35_9b,idea,high,1,5743,backtracking,1116,0.19432352429044053,cognitive,0.49271523178807947,Backtracking,B
qwen35_9b,idea,high,2,5756,backtracking,1072,0.1862404447533009,cognitive,0.5565939771547248,Backtracking,B
qwen35_9b,idea,high,3,5736,backtracking,955,0.16649232914923293,cognitive,0.5395480225988701,Backtracking,B
qwen35_9b,idea,high,4,5712,backtracking,929,0.16264005602240897,cognitive,0.5260475651189128,Backtracking,B
qwen35_9b,idea,high,5,5780,backtracking,915,0.1583044982698962,cognitive,0.5052457205963556,Backtracking,B
qwen35_9b,idea,high,6,5756,backtracking,867,0.1506254343293954,cognitive,0.4792703150912106,Backtracking,B
qwen35_9b,idea,high,7,5736,backtracking,823,0.1434797768479777,cognitive,0.4509589041095891,Backtracking,B
qwen35_9b,idea,high,8,5763,backtracking,808,0.14020475446815894,cognitive,0.43936922240348014,Backtracking,B
qwen35_9b,idea,high,9,5851,backtracking,762,0.13023414800888736,cognitive,0.4191419141914191,Backtracking,B
qwen35_9b,idea,high,0,5832,Perspective_Shift,2216,0.37997256515775035,conversational,0.6155555555555556,Perspective shift,P
qwen35_9b,idea,high,1,5743,Perspective_Shift,2177,0.37907017238377155,conversational,0.5944838885854724,Perspective shift,P
qwen35_9b,idea,high,2,5756,Perspective_Shift,1642,0.2852675469075747,conversational,0.5808277325787053,Perspective shift,P
qwen35_9b,idea,high,3,5736,Perspective_Shift,1533,0.2672594142259414,conversational,0.5782723500565824,Perspective shift,P
qwen35_9b,idea,high,4,5712,Perspective_Shift,1482,0.25945378151260506,conversational,0.5717592592592592,Perspective shift,P
qwen35_9b,idea,high,5,5780,Perspective_Shift,1425,0.24653979238754326,conversational,0.5516840882694541,Perspective shift,P
qwen35_9b,idea,high,6,5756,Perspective_Shift,1343,0.2333217512161223,conversational,0.5215533980582524,Perspective shift,P
qwen35_9b,idea,high,7,5736,Perspective_Shift,1293,0.22541841004184102,conversational,0.5172,Perspective shift,P
qwen35_9b,idea,high,8,5763,Perspective_Shift,1323,0.2295679333680375,conversational,0.5149863760217983,Perspective shift,P
qwen35_9b,idea,high,9,5851,Perspective_Shift,1291,0.22064604341138266,conversational,0.5094711917916338,Perspective shift,P
qwen35_9b,idea,low,0,4534,verification,923,0.2035730039700044,cognitive,0.5347624565469293,Verification,V
qwen35_9b,idea,low,1,4463,backtracking,869,0.19471207707819851,cognitive,0.4595452141723956,Backtracking,B
qwen35_9b,idea,low,2,4475,backtracking,871,0.19463687150837988,cognitive,0.5259661835748791,Backtracking,B
qwen35_9b,idea,low,3,4465,backtracking,719,0.16103023516237402,cognitive,0.5353685778108712,Backtracking,B
qwen35_9b,idea,low,4,4446,backtracking,756,0.1700404858299595,cognitive,0.5213793103448277,Backtracking,B
qwen35_9b,idea,low,5,4495,backtracking,753,0.16751946607341492,cognitive,0.5185950413223142,Backtracking,B
qwen35_9b,idea,low,6,4477,backtracking,711,0.15881170426624971,cognitive,0.48466257668711654,Backtracking,B
qwen35_9b,idea,low,7,4463,backtracking,689,0.154380461572933,cognitive,0.48148148148148145,Backtracking,B
qwen35_9b,idea,low,8,4475,backtracking,694,0.15508379888268156,cognitive,0.4717878993881713,Backtracking,B
qwen35_9b,idea,low,9,4547,backtracking,646,0.142071695623488,cognitive,0.44798890429958393,Backtracking,B
qwen35_9b,idea,low,0,4534,Perspective_Shift,1842,0.4062637847375386,conversational,0.62419518807184,Perspective shift,P
qwen35_9b,idea,low,1,4463,Perspective_Shift,1601,0.3587273134662783,conversational,0.5843065693430657,Perspective shift,P
qwen35_9b,idea,low,2,4475,Perspective_Shift,1316,0.2940782122905028,conversational,0.5843694493783304,Perspective shift,P
qwen35_9b,idea,low,3,4465,Perspective_Shift,1139,0.25509518477043674,conversational,0.5805300713557594,Perspective shift,P
qwen35_9b,idea,low,4,4446,Perspective_Shift,1184,0.2663067926225821,conversational,0.5967741935483871,Perspective shift,P
qwen35_9b,idea,low,5,4495,Perspective_Shift,1175,0.26140155728587317,conversational,0.569282945736434,Perspective shift,P
qwen35_9b,idea,low,6,4477,Perspective_Shift,1109,0.24771052043779315,conversational,0.5471139615194869,Perspective shift,P
qwen35_9b,idea,low,7,4463,Perspective_Shift,1084,0.24288595115393233,conversational,0.5267249757045676,Perspective shift,P
qwen35_9b,idea,low,8,4475,Perspective_Shift,1102,0.24625698324022346,conversational,0.5315967197298601,Perspective shift,P
qwen35_9b,idea,low,9,4547,Perspective_Shift,1066,0.23444029030129757,conversational,0.5287698412698413,Perspective shift,P
qwen35_9b,math,all,0,21023,verification,2585,0.12296056699804976,cognitive,0.4816471026644308,Verification,V
qwen35_9b,math,all,1,20816,verification,4014,0.19283243658724059,cognitive,0.6781550937658389,Verification,V
qwen35_9b,math,all,2,20843,verification,4322,0.2073597850597323,cognitive,0.7037941703305651,Verification,V
qwen35_9b,math,all,3,20807,verification,4635,0.22276157062527036,cognitive,0.7348977326779769,Verification,V
qwen35_9b,math,all,4,20749,verification,4564,0.21996240782688323,cognitive,0.7535083374607893,Verification,V
qwen35_9b,math,all,5,20910,verification,4962,0.23730272596843616,cognitive,0.7659771534424205,Verification,V
qwen35_9b,math,all,6,20840,verification,5079,0.24371401151631478,cognitive,0.7810241427033677,Verification,V
qwen35_9b,math,all,7,20810,verification,4885,0.23474291206150888,cognitive,0.771234606883486,Verification,V
qwen35_9b,math,all,8,20849,verification,4932,0.23655810830255647,cognitive,0.7905112998878026,Verification,V
qwen35_9b,math,all,9,21069,verification,5210,0.24728273767146045,cognitive,0.7989572151510504,Verification,V
qwen35_9b,math,all,0,21023,Perspective_Shift,2447,0.11639632783142273,conversational,0.4868682849184242,Perspective shift,P
qwen35_9b,math,all,1,20816,Perspective_Shift,2389,0.11476748654880861,conversational,0.3966461896065084,Perspective shift,P
qwen35_9b,math,all,2,20843,Perspective_Shift,2406,0.11543443842057285,conversational,0.37250348351137946,Perspective shift,P
qwen35_9b,math,all,3,20807,Perspective_Shift,2348,0.11284663815062239,conversational,0.35065710872162487,Perspective shift,P
qwen35_9b,math,all,4,20749,Perspective_Shift,2377,0.11455973781869006,conversational,0.3594435203387268,Perspective shift,P
qwen35_9b,math,all,5,20910,Question_and_Answering,2447,0.11702534672405547,conversational,0.35468908537469196,Question–answer,Q
qwen35_9b,math,all,6,20840,Perspective_Shift,2418,0.11602687140115163,conversational,0.3474637160511568,Perspective shift,P
qwen35_9b,math,all,7,20810,Question_and_Answering,2408,0.11571359923113887,conversational,0.3560550051752181,Question–answer,Q
qwen35_9b,math,all,8,20849,Question_and_Answering,2388,0.11453786752362223,conversational,0.3463881636205396,Question–answer,Q
qwen35_9b,math,all,9,21069,Question_and_Answering,2290,0.10869049314158243,conversational,0.3470222761024398,Question–answer,Q
qwen35_9b,math,high,0,13212,verification,1663,0.12587042082954888,cognitive,0.5193628981886321,Verification,V
qwen35_9b,math,high,1,13095,verification,2460,0.18785796105383734,cognitive,0.6937394247038917,Verification,V
qwen35_9b,math,high,2,13109,verification,2633,0.2008543748569685,cognitive,0.7184174624829468,Verification,V
qwen35_9b,math,high,3,13092,verification,2810,0.21463489153681636,cognitive,0.7455558503581852,Verification,V
qwen35_9b,math,high,4,13063,verification,2768,0.21189619536094312,cognitive,0.7598133406533077,Verification,V
qwen35_9b,math,high,5,13145,verification,3027,0.2302776721186763,cognitive,0.7811612903225806,Verification,V
qwen35_9b,math,high,6,13110,verification,3226,0.24607170099160947,cognitive,0.8073073073073074,Verification,V
qwen35_9b,math,high,7,13091,verification,3080,0.23527614391566726,cognitive,0.7942238267148014,Verification,V
qwen35_9b,math,high,8,13113,verification,3077,0.23465263478990314,cognitive,0.8044444444444444,Verification,V
qwen35_9b,math,high,9,13238,verification,3264,0.24656292491312887,cognitive,0.8147778332501248,Verification,V
qwen35_9b,math,high,0,13212,Perspective_Shift,1500,0.11353315168029064,conversational,0.4649721016738996,Perspective shift,P
qwen35_9b,math,high,1,13095,Perspective_Shift,1461,0.11156930126002292,conversational,0.39137422984195014,Perspective shift,P
qwen35_9b,math,high,2,13109,Perspective_Shift,1464,0.11167899916088184,conversational,0.36282527881040894,Perspective shift,P
qwen35_9b,math,high,3,13092,Perspective_Shift,1421,0.10853956614726551,conversational,0.3430709802028006,Perspective shift,P
qwen35_9b,math,high,4,13063,Perspective_Shift,1464,0.11207226517645258,conversational,0.3537086252718048,Perspective shift,P
qwen35_9b,math,high,5,13145,Question_and_Answering,1524,0.11593761886648916,conversational,0.35026430705584927,Question–answer,Q
qwen35_9b,math,high,6,13110,Question_and_Answering,1565,0.11937452326468345,conversational,0.3521602160216022,Question–answer,Q
qwen35_9b,math,high,7,13091,Question_and_Answering,1549,0.11832556718356123,conversational,0.3685462764691887,Question–answer,Q
qwen35_9b,math,high,8,13113,Question_and_Answering,1510,0.11515290170060245,conversational,0.35255661919215503,Question–answer,Q
qwen35_9b,math,high,9,13238,Question_and_Answering,1443,0.10900438132648436,conversational,0.34931009440813365,Question–answer,Q
qwen35_9b,math,incomplete,0,267,verification,30,0.11235955056179775,cognitive,0.46875,Verification,V
qwen35_9b,math,incomplete,1,267,verification,26,0.09737827715355805,cognitive,0.4126984126984127,Verification,V
qwen35_9b,math,incomplete,2,267,verification,27,0.10112359550561797,cognitive,0.421875,Verification,V
qwen35_9b,math,incomplete,3,267,verification,33,0.12359550561797752,cognitive,0.5,Verification,V
qwen35_9b,math,incomplete,4,267,verification,72,0.2696629213483146,cognitive,0.8674698795180723,Verification,V
qwen35_9b,math,incomplete,5,267,verification,69,0.25842696629213485,cognitive,0.8518518518518519,Verification,V
qwen35_9b,math,incomplete,6,267,verification,55,0.20599250936329588,cognitive,0.632183908045977,Verification,V
qwen35_9b,math,incomplete,7,267,verification,41,0.15355805243445692,cognitive,0.5256410256410257,Verification,V
qwen35_9b,math,incomplete,8,267,verification,31,0.11610486891385768,cognitive,0.484375,Verification,V
qwen35_9b,math,incomplete,9,267,verification,32,0.1198501872659176,cognitive,0.47761194029850745,Verification,V
qwen35_9b,math,incomplete,0,267,Perspective_Shift,38,0.14232209737827714,conversational,0.3454545454545454,Perspective shift,P
qwen35_9b,math,incomplete,1,267,Perspective_Shift,45,0.16853932584269662,conversational,0.4736842105263158,Perspective shift,P
qwen35_9b,math,incomplete,2,267,Perspective_Shift,42,0.15730337078651685,conversational,0.3925233644859813,Perspective shift,P
qwen35_9b,math,incomplete,3,267,Question_and_Answering,46,0.17228464419475656,conversational,0.4,Question–answer,Q
qwen35_9b,math,incomplete,4,267,Question_and_Answering,50,0.18726591760299627,conversational,0.4807692307692308,Question–answer,Q
qwen35_9b,math,incomplete,5,267,Question_and_Answering,51,0.19101123595505617,conversational,0.5204081632653061,Question–answer,Q
qwen35_9b,math,incomplete,6,267,Perspective_Shift,34,0.12734082397003746,conversational,0.36559139784946243,Perspective shift,P
qwen35_9b,math,incomplete,7,267,Perspective_Shift,38,0.14232209737827714,conversational,0.3958333333333333,Perspective shift,P
qwen35_9b,math,incomplete,8,267,Perspective_Shift,52,0.1947565543071161,conversational,0.45217391304347826,Perspective shift,P
qwen35_9b,math,incomplete,9,267,Perspective_Shift,55,0.20599250936329588,conversational,0.4824561403508772,Perspective shift,P
qwen35_9b,math,low,0,7544,subgoal,1057,0.14011134676564158,cognitive,0.5030937648738696,Subgoal setting,S
qwen35_9b,math,low,1,7454,verification,1528,0.20499060906895628,cognitive,0.6614718614718615,Verification,V
qwen35_9b,math,low,2,7467,verification,1662,0.22257934913619928,cognitive,0.6890547263681591,Verification,V
qwen35_9b,math,low,3,7448,verification,1792,0.24060150375939848,cognitive,0.7249190938511326,Verification,V
qwen35_9b,math,low,4,7419,verification,1724,0.2323763310419194,cognitive,0.7395967395967395,Verification,V
qwen35_9b,math,low,5,7498,verification,1866,0.24886636436383036,cognitive,0.7398889770023791,Verification,V
qwen35_9b,math,low,6,7463,verification,1798,0.2409218812809862,cognitive,0.7429752066115702,Verification,V
qwen35_9b,math,low,7,7452,verification,1764,0.23671497584541062,cognitive,0.7417998317914214,Verification,V
qwen35_9b,math,low,8,7469,verification,1824,0.2442093988485741,cognitive,0.7761702127659574,Verification,V
qwen35_9b,math,low,9,7564,verification,1914,0.2530407191961925,cognitive,0.7818627450980391,Verification,V
qwen35_9b,math,low,0,7544,Perspective_Shift,909,0.12049310710498409,conversational,0.5378698224852071,Perspective shift,P
qwen35_9b,math,low,1,7454,Perspective_Shift,883,0.11845988730882748,conversational,0.40227790432801824,Perspective shift,P
qwen35_9b,math,low,2,7467,Perspective_Shift,900,0.12053033346725593,conversational,0.3884333189469141,Perspective shift,P
qwen35_9b,math,low,3,7448,Perspective_Shift,885,0.11882384532760473,conversational,0.3628536285362854,Perspective shift,P
qwen35_9b,math,low,4,7419,Perspective_Shift,896,0.1207709933953363,conversational,0.3780590717299578,Perspective shift,P
qwen35_9b,math,low,5,7498,Perspective_Shift,892,0.1189650573486263,conversational,0.3640816326530612,Perspective shift,P
qwen35_9b,math,low,6,7463,Perspective_Shift,891,0.11938898566260217,conversational,0.36787778695293144,Perspective shift,P
qwen35_9b,math,low,7,7452,Perspective_Shift,852,0.1143317230273752,conversational,0.3457792207792208,Perspective shift,P
qwen35_9b,math,low,8,7469,Perspective_Shift,886,0.11862364439684027,conversational,0.3549679487179487,Perspective shift,P
qwen35_9b,math,low,9,7564,Perspective_Shift,844,0.1115811739820201,conversational,0.3585386576040782,Perspective shift,P
qwen35_9b,moral,all,0,7061,subgoal,1098,0.15550205353349383,cognitive,0.9,Subgoal setting,S
qwen35_9b,moral,all,1,6795,subgoal,857,0.12612214863870494,cognitive,0.7312286689419795,Subgoal setting,S
qwen35_9b,moral,all,2,6852,subgoal,844,0.12317571511967308,cognitive,0.653250773993808,Subgoal setting,S
qwen35_9b,moral,all,3,6801,subgoal,966,0.14203793559770622,cognitive,0.631785480706344,Subgoal setting,S
qwen35_9b,moral,all,4,6760,subgoal,896,0.13254437869822486,cognitive,0.5593008739076154,Subgoal setting,S
qwen35_9b,moral,all,5,6910,subgoal,905,0.1309696092619392,cognitive,0.515963511972634,Subgoal setting,S
qwen35_9b,moral,all,6,6854,subgoal,1026,0.1496936095710534,cognitive,0.5189681335356601,Subgoal setting,S
qwen35_9b,moral,all,7,6799,subgoal,889,0.13075452272392998,cognitive,0.4615784008307373,Subgoal setting,S
qwen35_9b,moral,all,8,6848,subgoal,932,0.1360981308411215,cognitive,0.47551020408163264,Subgoal setting,S
qwen35_9b,moral,all,9,7102,subgoal,998,0.14052379611377078,cognitive,0.5110087045570916,Subgoal setting,S
qwen35_9b,moral,all,0,7061,Perspective_Shift,1178,0.1668318934995043,conversational,0.6704610130904951,Perspective shift,P
qwen35_9b,moral,all,1,6795,Perspective_Shift,1819,0.2676968359087564,conversational,0.58263933376041,Perspective shift,P
qwen35_9b,moral,all,2,6852,Perspective_Shift,1674,0.24430823117338005,conversational,0.5280757097791798,Perspective shift,P
qwen35_9b,moral,all,3,6801,Perspective_Shift,1481,0.21776209380973385,conversational,0.4852555701179554,Perspective shift,P
qwen35_9b,moral,all,4,6760,Perspective_Shift,1386,0.20502958579881655,conversational,0.4590924147068565,Perspective shift,P
qwen35_9b,moral,all,5,6910,Perspective_Shift,1285,0.18596237337192476,conversational,0.4229756418696511,Perspective shift,P
qwen35_9b,moral,all,6,6854,Perspective_Shift,1232,0.1797490516486723,conversational,0.41190237378803074,Perspective shift,P
qwen35_9b,moral,all,7,6799,Perspective_Shift,1115,0.1639947051036917,conversational,0.40515988372093026,Perspective shift,P
qwen35_9b,moral,all,8,6848,Perspective_Shift,1071,0.15639602803738317,conversational,0.40537471612414844,Perspective shift,P
qwen35_9b,moral,all,9,7102,Perspective_Shift,1136,0.15995494226978316,conversational,0.42514970059880236,Perspective shift,P
qwen35_9b,moral,high,0,3730,subgoal,566,0.1517426273458445,cognitive,0.9012738853503185,Subgoal setting,S
qwen35_9b,moral,high,1,3593,subgoal,432,0.12023378792095742,cognitive,0.7309644670050762,Subgoal setting,S
qwen35_9b,moral,high,2,3629,subgoal,405,0.11160099200881786,cognitive,0.6318252730109204,Subgoal setting,S
qwen35_9b,moral,high,3,3593,subgoal,496,0.13804620094628445,cognitive,0.6123456790123457,Subgoal setting,S
qwen35_9b,moral,high,4,3577,subgoal,467,0.13055633212188986,cognitive,0.5380184331797235,Subgoal setting,S
qwen35_9b,moral,high,5,3652,subgoal,453,0.12404162102957283,cognitive,0.4897297297297297,Subgoal setting,S
qwen35_9b,moral,high,6,3620,subgoal,516,0.1425414364640884,cognitive,0.5083743842364532,Subgoal setting,S
qwen35_9b,moral,high,7,3602,subgoal,427,0.11854525263742366,cognitive,0.4278557114228457,Subgoal setting,S
qwen35_9b,moral,high,8,3620,subgoal,474,0.130939226519337,cognitive,0.48715313463514903,Subgoal setting,S
qwen35_9b,moral,high,9,3751,subgoal,502,0.13383097840575847,cognitive,0.5030060120240482,Subgoal setting,S
qwen35_9b,moral,high,0,3730,Perspective_Shift,657,0.17613941018766757,conversational,0.698193411264612,Perspective shift,P
qwen35_9b,moral,high,1,3593,Perspective_Shift,952,0.26495964375173947,conversational,0.5704014379868185,Perspective shift,P
qwen35_9b,moral,high,2,3629,Perspective_Shift,906,0.24965555249379995,conversational,0.5206896551724138,Perspective shift,P
qwen35_9b,moral,high,3,3593,Perspective_Shift,788,0.219315335374339,conversational,0.4822521419828641,Perspective shift,P
qwen35_9b,moral,high,4,3577,Perspective_Shift,701,0.1959742801230081,conversational,0.44621260343730107,Perspective shift,P
qwen35_9b,moral,high,5,3652,Perspective_Shift,655,0.17935377875136913,conversational,0.40708514605344936,Perspective shift,P
qwen35_9b,moral,high,6,3620,Perspective_Shift,651,0.1798342541436464,conversational,0.40662086196127417,Perspective shift,P
qwen35_9b,moral,high,7,3602,Perspective_Shift,577,0.16018878400888395,conversational,0.38855218855218854,Perspective shift,P
qwen35_9b,moral,high,8,3620,Perspective_Shift,541,0.1494475138121547,conversational,0.40433482810164423,Perspective shift,P
qwen35_9b,moral,high,9,3751,Perspective_Shift,562,0.14982671287656624,conversational,0.39858156028368796,Perspective shift,P
qwen35_9b,moral,low,0,3331,subgoal,532,0.15971179825878115,cognitive,0.8986486486486486,Subgoal setting,S
qwen35_9b,moral,low,1,3202,subgoal,425,0.13272954403497814,cognitive,0.7314974182444062,Subgoal setting,S
qwen35_9b,moral,low,2,3223,subgoal,439,0.1362085013962147,cognitive,0.674347158218126,Subgoal setting,S
qwen35_9b,moral,low,3,3208,subgoal,470,0.14650872817955113,cognitive,0.6536856745479833,Subgoal setting,S
qwen35_9b,moral,low,4,3183,subgoal,429,0.1347785108388313,cognitive,0.5844686648501363,Subgoal setting,S
qwen35_9b,moral,low,5,3258,subgoal,452,0.1387354205033763,cognitive,0.5452352231604343,Subgoal setting,S
qwen35_9b,moral,low,6,3234,subgoal,510,0.15769944341372913,cognitive,0.5301455301455302,Subgoal setting,S
qwen35_9b,moral,low,7,3197,subgoal,462,0.1445104785736628,cognitive,0.49784482758620685,Subgoal setting,S
qwen35_9b,moral,low,8,3228,subgoal,458,0.14188351920693928,cognitive,0.46403242147922996,Subgoal setting,S
qwen35_9b,moral,low,9,3351,subgoal,496,0.14801551775589375,cognitive,0.519371727748691,Subgoal setting,S
qwen35_9b,moral,low,0,3331,Perspective_Shift,521,0.15640948664064847,conversational,0.6384803921568628,Perspective shift,P
qwen35_9b,moral,low,1,3202,Perspective_Shift,867,0.2707682698313554,conversational,0.596696490020647,Perspective shift,P
qwen35_9b,moral,low,2,3223,Perspective_Shift,768,0.2382873099596649,conversational,0.5370629370629371,Perspective shift,P
qwen35_9b,moral,low,3,3208,Perspective_Shift,693,0.2160224438902743,conversational,0.4887165021156558,Perspective shift,P
qwen35_9b,moral,low,4,3183,Perspective_Shift,685,0.215205780710022,conversational,0.4730662983425414,Perspective shift,P
qwen35_9b,moral,low,5,3258,Perspective_Shift,630,0.19337016574585636,conversational,0.4408677396780966,Perspective shift,P
qwen35_9b,moral,low,6,3234,Perspective_Shift,581,0.17965367965367965,conversational,0.41798561151079133,Perspective shift,P
qwen35_9b,moral,low,7,3197,Perspective_Shift,538,0.168282765092274,conversational,0.42462509865824777,Perspective shift,P
qwen35_9b,moral,low,8,3228,Perspective_Shift,530,0.16418835192069392,conversational,0.40644171779141103,Perspective shift,P
qwen35_9b,moral,low,9,3351,Perspective_Shift,574,0.17129215159653835,conversational,0.45483359746434227,Perspective shift,P
qwen35_9b,planning,all,0,28924,verification,3389,0.11716913290001382,cognitive,0.6211510263929618,Verification,V
qwen35_9b,planning,all,1,28691,verification,5715,0.19919138405771844,cognitive,0.7758620689655172,Verification,V
qwen35_9b,planning,all,2,28731,verification,6265,0.21805715081271101,cognitive,0.7959598526235548,Verification,V
qwen35_9b,planning,all,3,28680,verification,6373,0.22221059972105997,cognitive,0.8256250809690375,Verification,V
qwen35_9b,planning,all,4,28613,verification,6493,0.22692482438052633,cognitive,0.8370504060848265,Verification,V
qwen35_9b,planning,all,5,28794,verification,6789,0.23577828714315482,cognitive,0.8489433537576592,Verification,V
qwen35_9b,planning,all,6,28725,verification,6879,0.23947780678851174,cognitive,0.8622461769867134,Verification,V
qwen35_9b,planning,all,7,28686,verification,6972,0.2430453879941435,cognitive,0.873246492985972,Verification,V
qwen35_9b,planning,all,8,28736,verification,7099,0.24704203786191536,cognitive,0.8625759416767922,Verification,V
qwen35_9b,planning,all,9,28971,verification,7537,0.2601567084325705,cognitive,0.8755808550185874,Verification,V
qwen35_9b,planning,all,0,28924,Perspective_Shift,2756,0.09528419305766837,conversational,0.395920126418618,Perspective shift,P
qwen35_9b,planning,all,1,28691,Question_and_Answering,4509,0.15715729671325504,conversational,0.47022630096986134,Question–answer,Q
qwen35_9b,planning,all,2,28731,Question_and_Answering,4503,0.1567296648219693,conversational,0.4545271020490562,Question–answer,Q
qwen35_9b,planning,all,3,28680,Question_and_Answering,4147,0.14459553695955368,conversational,0.4250281848928974,Question–answer,Q
qwen35_9b,planning,all,4,28613,Question_and_Answering,4135,0.14451473106629853,conversational,0.4256742845377805,Question–answer,Q
qwen35_9b,planning,all,5,28794,Question_and_Answering,4306,0.14954504410641106,conversational,0.4199336844158377,Question–answer,Q
qwen35_9b,planning,all,6,28725,Question_and_Answering,4335,0.15091383812010445,conversational,0.418962017976225,Question–answer,Q
qwen35_9b,planning,all,7,28686,Question_and_Answering,4256,0.148365056124939,conversational,0.41116800309148877,Question–answer,Q
qwen35_9b,planning,all,8,28736,Question_and_Answering,3964,0.13794543429844097,conversational,0.39204826426664025,Question–answer,Q
qwen35_9b,planning,all,9,28971,Perspective_Shift,3400,0.11735873804839322,conversational,0.36097250238878864,Perspective shift,P
qwen35_9b,planning,high,0,24847,verification,2910,0.11711675453777116,cognitive,0.6148320304246778,Verification,V
qwen35_9b,planning,high,1,24644,verification,4801,0.1948141535465022,cognitive,0.762063492063492,Verification,V
qwen35_9b,planning,high,2,24676,verification,5270,0.2135678391959799,cognitive,0.7827120154463092,Verification,V
qwen35_9b,planning,high,3,24634,verification,5426,0.2202646748396525,cognitive,0.8206291591046582,Verification,V
qwen35_9b,planning,high,4,24589,verification,5580,0.22693074138842573,cognitive,0.8330845028366676,Verification,V
qwen35_9b,planning,high,5,24740,verification,5959,0.24086499595796282,cognitive,0.84729134082184,Verification,V
qwen35_9b,planning,high,6,24671,verification,6055,0.2454298569170281,cognitive,0.8602074158261116,Verification,V
qwen35_9b,planning,high,7,24639,verification,6181,0.25086245383335365,cognitive,0.8717912552891396,Verification,V
qwen35_9b,planning,high,8,24681,verification,6276,0.25428467242008024,cognitive,0.8593728604683006,Verification,V
qwen35_9b,planning,high,9,24890,verification,6656,0.2674166331860185,cognitive,0.8724603486695505,Verification,V
qwen35_9b,planning,high,0,24847,Perspective_Shift,2352,0.09465931500784804,conversational,0.4032230413166467,Perspective shift,P
qwen35_9b,planning,high,1,24644,Question_and_Answering,3696,0.14997565330303522,conversational,0.4550043087529238,Question–answer,Q
qwen35_9b,planning,high,2,24676,Question_and_Answering,3853,0.15614362133246878,conversational,0.454684918574463,Question–answer,Q
qwen35_9b,planning,high,3,24634,Question_and_Answering,3535,0.14350085248031177,conversational,0.42916110234308613,Question–answer,Q
qwen35_9b,planning,high,4,24589,Question_and_Answering,3600,0.1464069299280166,conversational,0.4333694474539545,Question–answer,Q
qwen35_9b,planning,high,5,24740,Question_and_Answering,3723,0.15048504446240907,conversational,0.427734375,Question–answer,Q
qwen35_9b,planning,high,6,24671,Question_and_Answering,3783,0.15333792712091118,conversational,0.4297886843899114,Question–answer,Q
qwen35_9b,planning,high,7,24639,Question_and_Answering,3686,0.14960022728195138,conversational,0.42130529203337524,Question–answer,Q
qwen35_9b,planning,high,8,24681,Question_and_Answering,3507,0.14209310805883069,conversational,0.4041719488302409,Question–answer,Q
qwen35_9b,planning,high,9,24890,Question_and_Answering,2959,0.11888308557653676,conversational,0.37262309532804433,Question–answer,Q
qwen35_9b,planning,incomplete,0,366,verification,24,0.06557377049180328,cognitive,0.39999999999999997,Verification,V
qwen35_9b,planning,incomplete,1,365,verification,56,0.15342465753424658,cognitive,0.6666666666666667,Verification,V
qwen35_9b,planning,incomplete,2,365,verification,57,0.15616438356164383,cognitive,0.6333333333333333,Verification,V
qwen35_9b,planning,incomplete,3,365,verification,44,0.12054794520547946,cognitive,0.5714285714285715,Verification,V
qwen35_9b,planning,incomplete,4,364,verification,55,0.1510989010989011,cognitive,0.6179775280898876,Verification,V
qwen35_9b,planning,incomplete,5,366,verification,62,0.16939890710382513,cognitive,0.7045454545454546,Verification,V
qwen35_9b,planning,incomplete,6,365,verification,64,0.17534246575342466,cognitive,0.7529411764705883,Verification,V
qwen35_9b,planning,incomplete,7,365,verification,57,0.15616438356164383,cognitive,0.7402597402597403,Verification,V
qwen35_9b,planning,incomplete,8,365,verification,46,0.12602739726027398,cognitive,0.696969696969697,Verification,V
qwen35_9b,planning,incomplete,9,366,verification,68,0.18579234972677597,cognitive,0.8607594936708861,Verification,V
qwen35_9b,planning,incomplete,0,366,Perspective_Shift,57,0.1557377049180328,conversational,0.41304347826086957,Perspective shift,P
qwen35_9b,planning,incomplete,1,365,Question_and_Answering,56,0.15342465753424658,conversational,0.4375,Question–answer,Q
qwen35_9b,planning,incomplete,2,365,Question_and_Answering,59,0.16164383561643836,conversational,0.4125874125874126,Question–answer,Q
qwen35_9b,planning,incomplete,3,365,Question_and_Answering,53,0.14520547945205478,conversational,0.4076923076923077,Question–answer,Q
qwen35_9b,planning,incomplete,4,364,Perspective_Shift,54,0.14835164835164835,conversational,0.41860465116279066,Perspective shift,P
qwen35_9b,planning,incomplete,5,366,Question_and_Answering,56,0.15300546448087432,conversational,0.4148148148148148,Question–answer,Q
qwen35_9b,planning,incomplete,6,365,Perspective_Shift,57,0.15616438356164383,conversational,0.4351145038167939,Perspective shift,P
qwen35_9b,planning,incomplete,7,365,Question_and_Answering,59,0.16164383561643836,conversational,0.35975609756097565,Question–answer,Q
qwen35_9b,planning,incomplete,8,365,Perspective_Shift,50,0.136986301369863,conversational,0.390625,Perspective shift,P
qwen35_9b,planning,incomplete,9,366,Perspective_Shift,69,0.1885245901639344,conversational,0.4630872483221476,Perspective shift,P
qwen35_9b,planning,low,0,3695,verification,454,0.12286874154262517,cognitive,0.687878787878788,Verification,V
qwen35_9b,planning,low,1,3666,verification,853,0.2326786688488816,cognitive,0.8775720164609053,Verification,V
qwen35_9b,planning,low,2,3674,verification,932,0.25367446924333154,cognitive,0.8952929875120076,Verification,V
qwen35_9b,planning,low,3,3665,verification,894,0.24392905866302864,cognitive,0.8756121449559255,Verification,V
qwen35_9b,planning,low,4,3645,verification,855,0.2345679012345679,cognitive,0.8869294605809129,Verification,V
qwen35_9b,planning,low,5,3672,verification,766,0.20860566448801743,cognitive,0.8764302059496567,Verification,V
qwen35_9b,planning,low,6,3673,verification,758,0.20637081404846175,cognitive,0.8959810874704491,Verification,V
qwen35_9b,planning,low,7,3666,verification,733,0.19994544462629568,cognitive,0.9004914004914005,Verification,V
qwen35_9b,planning,low,8,3674,verification,773,0.21039738704409364,cognitive,0.9019836639439907,Verification,V
qwen35_9b,planning,low,9,3699,verification,806,0.21789672884563396,cognitive,0.9025755879059351,Verification,V
qwen35_9b,planning,low,0,3695,Question_and_Answering,416,0.11258457374830852,conversational,0.4214792299898683,Question–answer,Q
qwen35_9b,planning,low,1,3666,Question_and_Answering,749,0.2043098745226405,conversational,0.5640060240963856,Question–answer,Q
qwen35_9b,planning,low,2,3674,Question_and_Answering,591,0.1608600979858465,conversational,0.4588509316770186,Question–answer,Q
qwen35_9b,planning,low,3,3665,Question_and_Answering,549,0.14979536152796727,conversational,0.3981145757795504,Question–answer,Q
qwen35_9b,planning,low,4,3645,Question_and_Answering,498,0.13662551440329218,conversational,0.3915094339622641,Question–answer,Q
qwen35_9b,planning,low,5,3672,Perspective_Shift,541,0.14733115468409586,conversational,0.38314447592067985,Perspective shift,P
qwen35_9b,planning,low,6,3673,Perspective_Shift,547,0.1489245848080588,conversational,0.3882185947480483,Perspective shift,P
qwen35_9b,planning,low,7,3666,Perspective_Shift,550,0.15002727768685215,conversational,0.3835425383542538,Perspective shift,P
qwen35_9b,planning,low,8,3674,Perspective_Shift,533,0.14507348938486664,conversational,0.4106317411402157,Perspective shift,P
qwen35_9b,planning,low,9,3699,Perspective_Shift,534,0.14436334144363341,conversational,0.4033232628398791,Perspective shift,P
qwen35_9b,safety,all,0,2273,subgoal,606,0.2666080070391553,cognitive,0.9742765273311897,Subgoal setting,S
qwen35_9b,safety,all,1,2127,subgoal,390,0.18335684062059238,cognitive,0.7753479125248509,Subgoal setting,S
qwen35_9b,safety,all,2,2160,subgoal,391,0.18101851851851852,cognitive,0.6128526645768024,Subgoal setting,S
qwen35_9b,safety,all,3,2118,subgoal,338,0.15958451369216242,cognitive,0.503725782414307,Subgoal setting,S
qwen35_9b,safety,all,4,2096,subgoal,337,0.16078244274809161,cognitive,0.4766619519094767,Subgoal setting,S
qwen35_9b,safety,all,5,2197,subgoal,309,0.1406463359126081,cognitive,0.47685185185185186,Subgoal setting,S
qwen35_9b,safety,all,6,2149,subgoal,294,0.13680781758957655,cognitive,0.46889952153110054,Subgoal setting,S
qwen35_9b,safety,all,7,2129,subgoal,287,0.1348050728041334,cognitive,0.46590909090909094,Subgoal setting,S
qwen35_9b,safety,all,8,2158,subgoal,310,0.14365152919369786,cognitive,0.5272108843537414,Subgoal setting,S
qwen35_9b,safety,all,9,2305,verification,309,0.13405639913232104,cognitive,0.5057283142389525,Verification,V
qwen35_9b,safety,all,0,2273,Perspective_Shift,337,0.1482622085349758,conversational,0.8641025641025641,Perspective shift,P
qwen35_9b,safety,all,1,2127,Perspective_Shift,468,0.22002820874471085,conversational,0.763458401305057,Perspective shift,P
qwen35_9b,safety,all,2,2160,Perspective_Shift,437,0.2023148148148148,conversational,0.5667963683527886,Perspective shift,P
qwen35_9b,safety,all,3,2118,Perspective_Shift,352,0.16619452313503305,conversational,0.44613434727503165,Perspective shift,P
qwen35_9b,safety,all,4,2096,Perspective_Shift,337,0.16078244274809161,conversational,0.437094682230869,Perspective shift,P
qwen35_9b,safety,all,5,2197,Perspective_Shift,353,0.16067364588074648,conversational,0.4352651048088779,Perspective shift,P
qwen35_9b,safety,all,6,2149,Perspective_Shift,319,0.14844113541181944,conversational,0.4512022630834512,Perspective shift,P
qwen35_9b,safety,all,7,2129,Perspective_Shift,329,0.15453264443400658,conversational,0.4306282722513089,Perspective shift,P
qwen35_9b,safety,all,8,2158,Perspective_Shift,306,0.1417979610750695,conversational,0.46788990825688076,Perspective shift,P
qwen35_9b,safety,all,9,2305,Perspective_Shift,316,0.1370932754880694,conversational,0.42077230359520634,Perspective shift,P
qwen35_9b,safety,high,0,2273,subgoal,606,0.2666080070391553,cognitive,0.9742765273311897,Subgoal setting,S
qwen35_9b,safety,high,1,2127,subgoal,390,0.18335684062059238,cognitive,0.7753479125248509,Subgoal setting,S
qwen35_9b,safety,high,2,2160,subgoal,391,0.18101851851851852,cognitive,0.6128526645768024,Subgoal setting,S
qwen35_9b,safety,high,3,2118,subgoal,338,0.15958451369216242,cognitive,0.503725782414307,Subgoal setting,S
qwen35_9b,safety,high,4,2096,subgoal,337,0.16078244274809161,cognitive,0.4766619519094767,Subgoal setting,S
qwen35_9b,safety,high,5,2197,subgoal,309,0.1406463359126081,cognitive,0.47685185185185186,Subgoal setting,S
qwen35_9b,safety,high,6,2149,subgoal,294,0.13680781758957655,cognitive,0.46889952153110054,Subgoal setting,S
qwen35_9b,safety,high,7,2129,subgoal,287,0.1348050728041334,cognitive,0.46590909090909094,Subgoal setting,S
qwen35_9b,safety,high,8,2158,subgoal,310,0.14365152919369786,cognitive,0.5272108843537414,Subgoal setting,S
qwen35_9b,safety,high,9,2305,verification,309,0.13405639913232104,cognitive,0.5057283142389525,Verification,V
qwen35_9b,safety,high,0,2273,Perspective_Shift,337,0.1482622085349758,conversational,0.8641025641025641,Perspective shift,P
qwen35_9b,safety,high,1,2127,Perspective_Shift,468,0.22002820874471085,conversational,0.763458401305057,Perspective shift,P
qwen35_9b,safety,high,2,2160,Perspective_Shift,437,0.2023148148148148,conversational,0.5667963683527886,Perspective shift,P
qwen35_9b,safety,high,3,2118,Perspective_Shift,352,0.16619452313503305,conversational,0.44613434727503165,Perspective shift,P
qwen35_9b,safety,high,4,2096,Perspective_Shift,337,0.16078244274809161,conversational,0.437094682230869,Perspective shift,P
qwen35_9b,safety,high,5,2197,Perspective_Shift,353,0.16067364588074648,conversational,0.4352651048088779,Perspective shift,P
qwen35_9b,safety,high,6,2149,Perspective_Shift,319,0.14844113541181944,conversational,0.4512022630834512,Perspective shift,P
qwen35_9b,safety,high,7,2129,Perspective_Shift,329,0.15453264443400658,conversational,0.4306282722513089,Perspective shift,P
qwen35_9b,safety,high,8,2158,Perspective_Shift,306,0.1417979610750695,conversational,0.46788990825688076,Perspective shift,P
qwen35_9b,safety,high,9,2305,Perspective_Shift,316,0.1370932754880694,conversational,0.42077230359520634,Perspective shift,P
qwen35_9b,security,all,0,10696,subgoal,908,0.08489154824233358,cognitive,0.4616166751398068,Subgoal setting,S
qwen35_9b,security,all,1,10552,verification,1105,0.10471948445792267,cognitive,0.5320173326913817,Verification,V
qwen35_9b,security,all,2,10564,verification,1215,0.11501325255585006,cognitive,0.5903790087463557,Verification,V
qwen35_9b,security,all,3,10537,verification,1434,0.13609186675524343,cognitive,0.6614391143911439,Verification,V
qwen35_9b,security,all,4,10505,verification,1491,0.14193241313660163,cognitive,0.6861481822365394,Verification,V
qwen35_9b,security,all,5,10606,verification,1610,0.1518008674335282,cognitive,0.6851063829787234,Verification,V
qwen35_9b,security,all,6,10580,verification,1674,0.15822306238185255,cognitive,0.7196904557179707,Verification,V
qwen35_9b,security,all,7,10541,verification,1654,0.1569111090029409,cognitive,0.7147796024200519,Verification,V
qwen35_9b,security,all,8,10575,verification,1810,0.17115839243498818,cognitive,0.7363710333604556,Verification,V
qwen35_9b,security,all,9,10721,verification,1946,0.18151291857102883,cognitive,0.7354497354497355,Verification,V
qwen35_9b,security,all,0,10696,Perspective_Shift,1527,0.14276364996260285,conversational,0.5132773109243697,Perspective shift,P
qwen35_9b,security,all,1,10552,Perspective_Shift,1690,0.16015921152388174,conversational,0.47632468996617816,Perspective shift,P
qwen35_9b,security,all,2,10564,Perspective_Shift,1631,0.1543922756531617,conversational,0.44477774747750204,Perspective shift,P
qwen35_9b,security,all,3,10537,Perspective_Shift,1559,0.14795482585176045,conversational,0.41595517609391675,Perspective shift,P
qwen35_9b,security,all,4,10505,Perspective_Shift,1473,0.1402189433603046,conversational,0.4050041242782513,Perspective shift,P
qwen35_9b,security,all,5,10606,Perspective_Shift,1491,0.1405808033188761,conversational,0.3929889298892989,Perspective shift,P
qwen35_9b,security,all,6,10580,Perspective_Shift,1454,0.13742911153119092,conversational,0.3779568494931115,Perspective shift,P
qwen35_9b,security,all,7,10541,Perspective_Shift,1471,0.13955032729342567,conversational,0.39310529128808125,Perspective shift,P
qwen35_9b,security,all,8,10575,Perspective_Shift,1534,0.14505910165484634,conversational,0.4025190238782472,Perspective shift,P
qwen35_9b,security,all,9,10721,Perspective_Shift,1388,0.12946553493144297,conversational,0.38331952499309585,Perspective shift,P
qwen35_9b,security,high,0,7823,subgoal,661,0.08449443947334782,cognitive,0.4521203830369357,Subgoal setting,S
qwen35_9b,security,high,1,7719,verification,795,0.10299261562378546,cognitive,0.5250990752972259,Verification,V
qwen35_9b,security,high,2,7717,verification,921,0.11934689646235584,cognitive,0.5919023136246786,Verification,V
qwen35_9b,security,high,3,7703,verification,1101,0.14293132545761392,cognitive,0.673394495412844,Verification,V
qwen35_9b,security,high,4,7675,verification,1188,0.15478827361563519,cognitive,0.6910994764397905,Verification,V
qwen35_9b,security,high,5,7757,verification,1263,0.16282067809720252,cognitive,0.6901639344262295,Verification,V
qwen35_9b,security,high,6,7738,verification,1310,0.16929439131558544,cognitive,0.7289927657206455,Verification,V
qwen35_9b,security,high,7,7702,verification,1294,0.1680083095299922,cognitive,0.716104039845047,Verification,V
qwen35_9b,security,high,8,7734,verification,1423,0.1839927592448927,cognitive,0.7388369678089304,Verification,V
qwen35_9b,security,high,9,7842,verification,1518,0.19357306809487376,cognitive,0.729106628242075,Verification,V
qwen35_9b,security,high,0,7823,Perspective_Shift,1020,0.13038476287869105,conversational,0.510255127563782,Perspective shift,P
qwen35_9b,security,high,1,7719,Perspective_Shift,1116,0.14457831325301204,conversational,0.4720812182741117,Perspective shift,P
qwen35_9b,security,high,2,7717,Perspective_Shift,1100,0.14254243877154335,conversational,0.438421681944998,Perspective shift,P
qwen35_9b,security,high,3,7703,Perspective_Shift,1048,0.13605088926392314,conversational,0.4082586677054928,Perspective shift,P
qwen35_9b,security,high,4,7675,Perspective_Shift,991,0.12912052117263845,conversational,0.40598115526423595,Perspective shift,P
qwen35_9b,security,high,5,7757,Perspective_Shift,1064,0.1371664303210004,conversational,0.3948051948051949,Perspective shift,P
qwen35_9b,security,high,6,7738,Perspective_Shift,1021,0.13194623933833033,conversational,0.3819678264122709,Perspective shift,P
qwen35_9b,security,high,7,7702,Perspective_Shift,1033,0.13412100753051157,conversational,0.3966973886328725,Perspective shift,P
qwen35_9b,security,high,8,7734,Perspective_Shift,1110,0.143522110162917,conversational,0.4103512014787431,Perspective shift,P
qwen35_9b,security,high,9,7842,Perspective_Shift,978,0.12471308339709258,conversational,0.3836798744605728,Perspective shift,P
qwen35_9b,security,low,0,2860,subgoal,246,0.08601398601398601,cognitive,0.4880952380952381,Subgoal setting,S
qwen35_9b,security,low,1,2822,verification,310,0.10985116938341602,cognitive,0.5516014234875445,Verification,V
qwen35_9b,security,low,2,2835,verification,294,0.1037037037037037,cognitive,0.5891783567134268,Verification,V
qwen35_9b,security,low,3,2823,verification,332,0.11760538434289762,cognitive,0.6240601503759399,Verification,V
qwen35_9b,security,low,4,2818,verification,301,0.10681334279630944,cognitive,0.6688888888888889,Verification,V
qwen35_9b,security,low,5,2837,verification,344,0.12125484666901656,cognitive,0.6666666666666666,Verification,V
qwen35_9b,security,low,6,2830,verification,363,0.12826855123674913,cognitive,0.6875,Verification,V
qwen35_9b,security,low,7,2828,verification,359,0.12694483734087694,cognitive,0.716566866267465,Verification,V
qwen35_9b,security,low,8,2829,verification,384,0.1357370095440085,cognitive,0.725897920604915,Verification,V
qwen35_9b,security,low,9,2866,verification,425,0.14829030006978366,cognitive,0.7575757575757576,Verification,V
qwen35_9b,security,low,0,2860,Perspective_Shift,505,0.17657342657342656,conversational,0.5184804928131417,Perspective shift,P
qwen35_9b,security,low,1,2822,Perspective_Shift,570,0.20198440822111977,conversational,0.48305084745762716,Perspective shift,P
qwen35_9b,security,low,2,2835,Perspective_Shift,529,0.18659611992945327,conversational,0.4584055459272097,Perspective shift,P
qwen35_9b,security,low,3,2823,Perspective_Shift,510,0.1806588735387885,conversational,0.4333050127442651,Perspective shift,P
qwen35_9b,security,low,4,2818,Perspective_Shift,481,0.17068843151171043,conversational,0.4028475711892798,Perspective shift,P
qwen35_9b,security,low,5,2837,Perspective_Shift,426,0.150158618258724,conversational,0.38833181403828626,Perspective shift,P
qwen35_9b,security,low,6,2830,Perspective_Shift,432,0.15265017667844524,conversational,0.3686006825938567,Perspective shift,P
qwen35_9b,security,low,7,2828,Perspective_Shift,436,0.15417256011315417,conversational,0.3844797178130511,Perspective shift,P
qwen35_9b,security,low,8,2829,Perspective_Shift,423,0.14952279957582185,conversational,0.3834995466908432,Perspective shift,P
qwen35_9b,security,low,9,2866,Perspective_Shift,410,0.14305652477320308,conversational,0.38425492033739456,Perspective shift,P
reasoner,code,all,0,8630,verification,745,0.08632676709154113,cognitive,0.3779807204464739,Verification,V
reasoner,code,all,1,8548,verification,1014,0.11862423958820777,cognitive,0.44787985865724383,Verification,V
reasoner,code,all,2,8561,verification,1105,0.12907370634271698,cognitive,0.4638958858102435,Verification,V
reasoner,code,all,3,8547,verification,1217,0.14238914238914238,cognitive,0.49092375958047596,Verification,V
reasoner,code,all,4,8534,verification,1301,0.15244902741973285,cognitive,0.526294498381877,Verification,V
reasoner,code,all,5,8578,verification,1341,0.15633014688738633,cognitive,0.5081470253884047,Verification,V
reasoner,code,all,6,8566,verification,1327,0.1549147793602615,cognitive,0.5355125100887813,Verification,V
reasoner,code,all,7,8542,verification,1373,0.16073519082182158,cognitive,0.5102192493496841,Verification,V
reasoner,code,all,8,8567,verification,1323,0.15442978872417415,cognitive,0.49774266365688485,Verification,V
reasoner,code,all,9,8643,verification,1507,0.1743607543676964,cognitive,0.5256365538890826,Verification,V
reasoner,code,all,0,8630,Perspective_Shift,1224,0.1418308227114716,conversational,0.3718104495747266,Perspective shift,P
reasoner,code,all,1,8548,Perspective_Shift,1410,0.16495086569957884,conversational,0.4171597633136095,Perspective shift,P
reasoner,code,all,2,8561,Perspective_Shift,1500,0.17521317603083753,conversational,0.4427390791027154,Perspective shift,P
reasoner,code,all,3,8547,Perspective_Shift,1507,0.17631917631917632,conversational,0.4505231689088191,Perspective shift,P
reasoner,code,all,4,8534,Perspective_Shift,1535,0.17986876025310522,conversational,0.46026986506746626,Perspective shift,P
reasoner,code,all,5,8578,Perspective_Shift,1423,0.16588948472837492,conversational,0.4593285990961911,Perspective shift,P
reasoner,code,all,6,8566,Perspective_Shift,1389,0.16215269670791502,conversational,0.466733870967742,Perspective shift,P
reasoner,code,all,7,8542,Perspective_Shift,1483,0.17361273706391947,conversational,0.4881500987491771,Perspective shift,P
reasoner,code,all,8,8567,Perspective_Shift,1531,0.17870899964981907,conversational,0.5113560454241817,Perspective shift,P
reasoner,code,all,9,8643,Perspective_Shift,1538,0.1779474719426125,conversational,0.5101160862354892,Perspective shift,P
reasoner,code,high,0,1541,verification,161,0.1044776119402985,cognitive,0.40049751243781095,Verification,V
reasoner,code,high,1,1522,verification,211,0.13863337713534823,cognitive,0.46373626373626375,Verification,V
reasoner,code,high,2,1525,verification,255,0.16721311475409836,cognitive,0.5425531914893618,Verification,V
reasoner,code,high,3,1522,verification,301,0.19776609724047306,cognitive,0.5925196850393701,Verification,V
reasoner,code,high,4,1517,verification,342,0.22544495715227422,cognitive,0.6263736263736264,Verification,V
reasoner,code,high,5,1527,verification,294,0.1925343811394892,cognitive,0.5394495412844037,Verification,V
reasoner,code,high,6,1527,verification,307,0.20104780615586115,cognitive,0.610337972166998,Verification,V
reasoner,code,high,7,1520,verification,350,0.23026315789473684,cognitive,0.6227758007117438,Verification,V
reasoner,code,high,8,1527,verification,323,0.21152586771447282,cognitive,0.6961206896551724,Verification,V
reasoner,code,high,9,1546,verification,410,0.2652005174644243,cognitive,0.7454545454545455,Verification,V
reasoner,code,high,0,1541,Conflict_of_Perspectives,220,0.1427644386761843,conversational,0.3728813559322034,Perspective conflict,C
reasoner,code,high,1,1522,Perspective_Shift,225,0.1478318002628121,conversational,0.40540540540540543,Perspective shift,P
reasoner,code,high,2,1525,Perspective_Shift,250,0.16393442622950818,conversational,0.42735042735042733,Perspective shift,P
reasoner,code,high,3,1522,Perspective_Shift,269,0.17674113009198422,conversational,0.46459412780656306,Perspective shift,P
reasoner,code,high,4,1517,Perspective_Shift,274,0.1806196440342782,conversational,0.4699828473413379,Perspective shift,P
reasoner,code,high,5,1527,Perspective_Shift,240,0.15717092337917485,conversational,0.489795918367347,Perspective shift,P
reasoner,code,high,6,1527,Perspective_Shift,232,0.15193189259986903,conversational,0.45401174168297453,Perspective shift,P
reasoner,code,high,7,1520,Perspective_Shift,244,0.16052631578947368,conversational,0.47378640776699027,Perspective shift,P
reasoner,code,high,8,1527,Perspective_Shift,237,0.15520628683693516,conversational,0.5163398692810457,Perspective shift,P
reasoner,code,high,9,1546,Perspective_Shift,243,0.1571798188874515,conversational,0.5010309278350515,Perspective shift,P
reasoner,code,incomplete,0,64,subgoal,6,0.09375,cognitive,0.8571428571428571,Subgoal setting,S
reasoner,code,incomplete,1,63,verification,7,0.1111111111111111,cognitive,0.4666666666666667,Verification,V
reasoner,code,incomplete,2,63,verification,11,0.1746031746031746,cognitive,0.5789473684210527,Verification,V
reasoner,code,incomplete,3,63,verification,7,0.1111111111111111,cognitive,0.5384615384615384,Verification,V
reasoner,code,incomplete,4,63,verification,5,0.07936507936507936,cognitive,0.5,Verification,V
reasoner,code,incomplete,5,64,verification,12,0.1875,cognitive,0.631578947368421,Verification,V
reasoner,code,incomplete,6,63,subgoal,6,0.09523809523809523,cognitive,0.375,Subgoal setting,S
reasoner,code,incomplete,7,63,verification,13,0.20634920634920634,cognitive,0.52,Verification,V
reasoner,code,incomplete,8,63,subgoal,7,0.1111111111111111,cognitive,0.4375,Subgoal setting,S
reasoner,code,incomplete,9,64,backtracking,7,0.109375,cognitive,0.3888888888888889,Backtracking,B
reasoner,code,incomplete,0,64,Conflict_of_Perspectives,10,0.15625,conversational,0.2857142857142857,Perspective conflict,C
reasoner,code,incomplete,1,63,Perspective_Shift,13,0.20634920634920634,conversational,0.40625,Perspective shift,P
reasoner,code,incomplete,2,63,Perspective_Shift,13,0.20634920634920634,conversational,0.41935483870967744,Perspective shift,P
reasoner,code,incomplete,3,63,Perspective_Shift,16,0.25396825396825395,conversational,0.5517241379310345,Perspective shift,P
reasoner,code,incomplete,4,63,Perspective_Shift,7,0.1111111111111111,conversational,0.3888888888888889,Perspective shift,P
reasoner,code,incomplete,5,64,Conflict_of_Perspectives,12,0.1875,conversational,0.4444444444444444,Perspective conflict,C
reasoner,code,incomplete,6,63,Perspective_Shift,16,0.25396825396825395,conversational,0.5517241379310345,Perspective shift,P
reasoner,code,incomplete,7,63,Perspective_Shift,15,0.23809523809523808,conversational,0.4411764705882353,Perspective shift,P
reasoner,code,incomplete,8,63,Perspective_Shift,17,0.2698412698412698,conversational,0.5862068965517241,Perspective shift,P
reasoner,code,incomplete,9,64,Perspective_Shift,19,0.296875,conversational,0.6129032258064516,Perspective shift,P
reasoner,code,low,0,6869,verification,577,0.08400058232639394,cognitive,0.37935568704799477,Verification,V
reasoner,code,low,1,6809,verification,786,0.11543545307681011,cognitive,0.4478632478632479,Verification,V
reasoner,code,low,2,6817,verification,829,0.12160774534252604,cognitive,0.4466594827586207,Verification,V
reasoner,code,low,3,6809,verification,894,0.13129681304156263,cognitive,0.46732880292733925,Verification,V
reasoner,code,low,4,6799,verification,924,0.13590233857920284,cognitive,0.4935897435897436,Verification,V
reasoner,code,low,5,6832,verification,998,0.14607728337236534,cognitive,0.49332674246169056,Verification,V
reasoner,code,low,6,6822,verification,994,0.14570507182644385,cognitive,0.5174388339406559,Verification,V
reasoner,code,low,7,6804,verification,986,0.14491475602586715,cognitive,0.4809756097560976,Verification,V
reasoner,code,low,8,6822,verification,965,0.1414541190266784,cognitive,0.454331450094162,Verification,V
reasoner,code,low,9,6877,verification,1069,0.15544568852697396,cognitive,0.4723817940786566,Verification,V
reasoner,code,low,0,6869,Perspective_Shift,980,0.14266996651623234,conversational,0.3734756097560975,Perspective shift,P
reasoner,code,low,1,6809,Perspective_Shift,1153,0.1693347040681451,conversational,0.4197306152165999,Perspective shift,P
reasoner,code,low,2,6817,Perspective_Shift,1223,0.17940443010121754,conversational,0.44716636197440585,Perspective shift,P
reasoner,code,low,3,6809,Perspective_Shift,1210,0.1777059773828756,conversational,0.4478164322723908,Perspective shift,P
reasoner,code,low,4,6799,Perspective_Shift,1229,0.18076187674658037,conversational,0.4584110406564714,Perspective shift,P
reasoner,code,low,5,6832,Perspective_Shift,1140,0.16686182669789226,conversational,0.45346062052505964,Perspective shift,P
reasoner,code,low,6,6822,Perspective_Shift,1120,0.1641747288185283,conversational,0.4694048616932104,Perspective shift,P
reasoner,code,low,7,6804,Perspective_Shift,1194,0.17548500881834214,conversational,0.4917627677100494,Perspective shift,P
reasoner,code,low,8,6822,Perspective_Shift,1249,0.1830841395485195,conversational,0.5093800978792822,Perspective shift,P
reasoner,code,low,9,6877,Perspective_Shift,1251,0.1819107168823615,conversational,0.5097799511002445,Perspective shift,P
reasoner,gpqa,all,0,13101,verification,1017,0.07762766201053355,cognitive,0.34265498652291104,Verification,V
reasoner,gpqa,all,1,12855,verification,1753,0.13636717230649553,cognitive,0.4685912857524726,Verification,V
reasoner,gpqa,all,2,12907,verification,1917,0.14852405671341132,cognitive,0.48045112781954885,Verification,V
reasoner,gpqa,all,3,12862,verification,1986,0.1544083346291401,cognitive,0.514641098730241,Verification,V
reasoner,gpqa,all,4,12818,verification,2034,0.15868310188797005,cognitive,0.5178207739307535,Verification,V
reasoner,gpqa,all,5,12940,verification,2107,0.16282843894899537,cognitive,0.5124027237354086,Verification,V
reasoner,gpqa,all,6,12909,verification,2134,0.16531102331706563,cognitive,0.535373808329152,Verification,V
reasoner,gpqa,all,7,12860,verification,2173,0.16897356143079315,cognitive,0.509018505504802,Verification,V
reasoner,gpqa,all,8,12902,verification,2458,0.19051309874438072,cognitive,0.5622140896614821,Verification,V
reasoner,gpqa,all,9,13145,verification,2669,0.20304298212248004,cognitive,0.5927159671330224,Verification,V
reasoner,gpqa,all,0,13101,Perspective_Shift,2049,0.1564002747881841,conversational,0.44408322496749025,Perspective shift,P
reasoner,gpqa,all,1,12855,Perspective_Shift,2592,0.2016336056009335,conversational,0.4357767316745124,Perspective shift,P
reasoner,gpqa,all,2,12907,Perspective_Shift,2585,0.20027891841636322,conversational,0.4405999659110278,Perspective shift,P
reasoner,gpqa,all,3,12862,Perspective_Shift,2692,0.20929870937645778,conversational,0.46518057715569383,Perspective shift,P
reasoner,gpqa,all,4,12818,Perspective_Shift,2650,0.20674052114214386,conversational,0.4722865799322759,Perspective shift,P
reasoner,gpqa,all,5,12940,Perspective_Shift,2739,0.2116692426584235,conversational,0.48443579766536965,Perspective shift,P
reasoner,gpqa,all,6,12909,Perspective_Shift,2769,0.21450151057401812,conversational,0.4949061662198391,Perspective shift,P
reasoner,gpqa,all,7,12860,Perspective_Shift,3012,0.23421461897356144,conversational,0.511462047885889,Perspective shift,P
reasoner,gpqa,all,8,12902,Perspective_Shift,2985,0.2313594791505193,conversational,0.5125343406593407,Perspective shift,P
reasoner,gpqa,all,9,13145,Perspective_Shift,3004,0.2285279573982503,conversational,0.47637170948303204,Perspective shift,P
reasoner,gpqa,high,0,5000,subgoal,410,0.082,cognitive,0.393852065321806,Subgoal setting,S
reasoner,gpqa,high,1,4896,verification,610,0.12459150326797386,cognitive,0.46564885496183206,Verification,V
reasoner,gpqa,high,2,4922,verification,733,0.14892320195042666,cognitive,0.48899266177451634,Verification,V
reasoner,gpqa,high,3,4896,verification,777,0.15870098039215685,cognitive,0.518,Verification,V
reasoner,gpqa,high,4,4887,verification,781,0.15981174544710455,cognitive,0.5210140093395597,Verification,V
reasoner,gpqa,high,5,4933,verification,803,0.16278126900466247,cognitive,0.53003300330033,Verification,V
reasoner,gpqa,high,6,4920,verification,802,0.1630081300813008,cognitive,0.5300727032385988,Verification,V
reasoner,gpqa,high,7,4898,verification,918,0.1874234381380155,cognitive,0.5406360424028268,Verification,V
reasoner,gpqa,high,8,4920,verification,984,0.2,cognitive,0.5805309734513274,Verification,V
reasoner,gpqa,high,9,5024,verification,1110,0.22093949044585987,cognitive,0.6253521126760563,Verification,V
reasoner,gpqa,high,0,5000,Perspective_Shift,726,0.1452,conversational,0.4566037735849056,Perspective shift,P
reasoner,gpqa,high,1,4896,Perspective_Shift,889,0.1815767973856209,conversational,0.4321827904715605,Perspective shift,P
reasoner,gpqa,high,2,4922,Perspective_Shift,911,0.18508736286062577,conversational,0.4315490288962577,Perspective shift,P
reasoner,gpqa,high,3,4896,Perspective_Shift,997,0.20363562091503268,conversational,0.46415270018621974,Perspective shift,P
reasoner,gpqa,high,4,4887,Perspective_Shift,945,0.19337016574585636,conversational,0.45410860163382993,Perspective shift,P
reasoner,gpqa,high,5,4933,Perspective_Shift,961,0.19481046016622744,conversational,0.46969696969696967,Perspective shift,P
reasoner,gpqa,high,6,4920,Perspective_Shift,950,0.19308943089430894,conversational,0.4738154613466334,Perspective shift,P
reasoner,gpqa,high,7,4898,Perspective_Shift,1026,0.20947325438954675,conversational,0.4723756906077348,Perspective shift,P
reasoner,gpqa,high,8,4920,Perspective_Shift,1063,0.2160569105691057,conversational,0.48143115942028986,Perspective shift,P
reasoner,gpqa,high,9,5024,Perspective_Shift,989,0.19685509554140126,conversational,0.43741707209199465,Perspective shift,P
reasoner,gpqa,low,0,6795,verification,587,0.08638704930095659,cognitive,0.3601226993865031,Verification,V
reasoner,gpqa,low,1,6677,verification,964,0.144376216863861,cognitive,0.4737100737100737,Verification,V
reasoner,gpqa,low,2,6703,verification,1002,0.14948530508727437,cognitive,0.47646219686162633,Verification,V
reasoner,gpqa,low,3,6681,verification,1003,0.15012722646310434,cognitive,0.5135688684075781,Verification,V
reasoner,gpqa,low,4,6659,verification,1059,0.15903288782099415,cognitive,0.5232213438735178,Verification,V
reasoner,gpqa,low,5,6720,verification,1114,0.16577380952380952,cognitive,0.5138376383763837,Verification,V
reasoner,gpqa,low,6,6702,verification,1135,0.16935243210981796,cognitive,0.5389363722697056,Verification,V
reasoner,gpqa,low,7,6682,verification,1075,0.16087997605507334,cognitive,0.4913162705667276,Verification,V
reasoner,gpqa,low,8,6698,verification,1252,0.1869214690952523,cognitive,0.5500878734622144,Verification,V
reasoner,gpqa,low,9,6813,verification,1319,0.19360046969029795,cognitive,0.5646404109589042,Verification,V
reasoner,gpqa,low,0,6795,Perspective_Shift,1149,0.16909492273730684,conversational,0.44552151996898026,Perspective shift,P
reasoner,gpqa,low,1,6677,Perspective_Shift,1449,0.21701362887524336,conversational,0.44379785604900457,Perspective shift,P
reasoner,gpqa,low,2,6703,Perspective_Shift,1420,0.2118454423392511,conversational,0.4571796522858983,Perspective shift,P
reasoner,gpqa,low,3,6681,Perspective_Shift,1423,0.21299206705582996,conversational,0.47291458956463944,Perspective shift,P
reasoner,gpqa,low,4,6659,Perspective_Shift,1418,0.21294488661961256,conversational,0.48812392426850254,Perspective shift,P
reasoner,gpqa,low,5,6720,Perspective_Shift,1469,0.21860119047619048,conversational,0.49245725779416694,Perspective shift,P
reasoner,gpqa,low,6,6702,Perspective_Shift,1530,0.22829006266786034,conversational,0.5077995353468304,Perspective shift,P
reasoner,gpqa,low,7,6682,Perspective_Shift,1664,0.2490272373540856,conversational,0.5331624479333547,Perspective shift,P
reasoner,gpqa,low,8,6698,Perspective_Shift,1622,0.24216183935503136,conversational,0.5347840422024398,Perspective shift,P
reasoner,gpqa,low,9,6813,Perspective_Shift,1690,0.24805518861001027,conversational,0.49837805956944853,Perspective shift,P
reasoner,idea,all,0,3143,subgoal,678,0.215717467387846,cognitive,0.7911318553092181,Subgoal setting,S
reasoner,idea,all,1,2892,subgoal,277,0.09578146611341633,cognitive,0.38959212376933894,Subgoal setting,S
reasoner,idea,all,2,2963,backtracking,363,0.12251096861289233,cognitive,0.4554579673776662,Backtracking,B
reasoner,idea,all,3,2882,backtracking,309,0.10721721027064539,cognitive,0.4147651006711409,Backtracking,B
reasoner,idea,all,4,2875,backtracking,275,0.09565217391304348,cognitive,0.35667963683527887,Backtracking,B
reasoner,idea,all,5,2991,verification,331,0.11066532932129723,cognitive,0.39879518072289155,Verification,V
reasoner,idea,all,6,2945,verification,324,0.1100169779286927,cognitive,0.37718277066356226,Verification,V
reasoner,idea,all,7,2900,verification,327,0.11275862068965517,cognitive,0.3824561403508772,Verification,V
reasoner,idea,all,8,2955,verification,335,0.11336717428087986,cognitive,0.3841743119266055,Verification,V
reasoner,idea,all,9,3199,verification,536,0.16755236011253516,cognitive,0.5577523413111342,Verification,V
reasoner,idea,all,0,3143,Perspective_Shift,719,0.22876232898504614,conversational,0.6477477477477478,Perspective shift,P
reasoner,idea,all,1,2892,Perspective_Shift,1172,0.40525587828492393,conversational,0.6165176223040505,Perspective shift,P
reasoner,idea,all,2,2963,Perspective_Shift,1164,0.392845089436382,conversational,0.5664233576642336,Perspective shift,P
reasoner,idea,all,3,2882,Perspective_Shift,1109,0.3848022206800833,conversational,0.5661051556916794,Perspective shift,P
reasoner,idea,all,4,2875,Perspective_Shift,1116,0.38817391304347826,conversational,0.5582791395697849,Perspective shift,P
reasoner,idea,all,5,2991,Perspective_Shift,1151,0.38482113005683716,conversational,0.5781014565544952,Perspective shift,P
reasoner,idea,all,6,2945,Perspective_Shift,1098,0.3728353140916808,conversational,0.5751702462022001,Perspective shift,P
reasoner,idea,all,7,2900,Perspective_Shift,1063,0.366551724137931,conversational,0.5869685256764218,Perspective shift,P
reasoner,idea,all,8,2955,Perspective_Shift,925,0.3130287648054145,conversational,0.5716934487021014,Perspective shift,P
reasoner,idea,all,9,3199,Perspective_Shift,532,0.16630196936542668,conversational,0.4466834592779177,Perspective shift,P
reasoner,idea,high,0,2298,subgoal,481,0.2093124456048738,cognitive,0.7671451355661882,Subgoal setting,S
reasoner,idea,high,1,2131,backtracking,206,0.09666823087752228,cognitive,0.38007380073800734,Backtracking,B
reasoner,idea,high,2,2177,backtracking,289,0.13275149288011023,cognitive,0.45655608214849913,Backtracking,B
reasoner,idea,high,3,2113,backtracking,239,0.11310932323710364,cognitive,0.41565217391304343,Backtracking,B
reasoner,idea,high,4,2116,verification,219,0.10349716446124764,cognitive,0.3855633802816901,Verification,V
reasoner,idea,high,5,2203,verification,251,0.11393554244212438,cognitive,0.4148760330578512,Verification,V
reasoner,idea,high,6,2154,verification,252,0.116991643454039,cognitive,0.39498432601880873,Verification,V
reasoner,idea,high,7,2136,verification,254,0.11891385767790262,cognitive,0.3987441130298273,Verification,V
reasoner,idea,high,8,2172,verification,254,0.11694290976058933,cognitive,0.3860182370820669,Verification,V
reasoner,idea,high,9,2332,verification,408,0.17495711835334476,cognitive,0.5698324022346368,Verification,V
reasoner,idea,high,0,2298,Perspective_Shift,554,0.2410791993037424,conversational,0.6571767497034401,Perspective shift,P
reasoner,idea,high,1,2131,Perspective_Shift,881,0.41342092914124823,conversational,0.6075862068965517,Perspective shift,P
reasoner,idea,high,2,2177,Perspective_Shift,862,0.39595774000918693,conversational,0.5671052631578948,Perspective shift,P
reasoner,idea,high,3,2113,Perspective_Shift,837,0.396119261713204,conversational,0.5804438280166435,Perspective shift,P
reasoner,idea,high,4,2116,Perspective_Shift,818,0.38657844990548207,conversational,0.5583617747440274,Perspective shift,P
reasoner,idea,high,5,2203,Perspective_Shift,854,0.38765320018157057,conversational,0.5861358956760466,Perspective shift,P
reasoner,idea,high,6,2154,Perspective_Shift,809,0.3755803156917363,conversational,0.584115523465704,Perspective shift,P
reasoner,idea,high,7,2136,Perspective_Shift,792,0.3707865168539326,conversational,0.5968349660889224,Perspective shift,P
reasoner,idea,high,8,2172,Perspective_Shift,696,0.32044198895027626,conversational,0.5771144278606964,Perspective shift,P
reasoner,idea,high,9,2332,Perspective_Shift,404,0.1732418524871355,conversational,0.4534231200897867,Perspective shift,P
reasoner,idea,low,0,845,subgoal,197,0.2331360946745562,cognitive,0.8565217391304347,Subgoal setting,S
reasoner,idea,low,1,761,subgoal,83,0.10906701708278581,cognitive,0.4911242603550296,Subgoal setting,S
reasoner,idea,low,2,786,backtracking,74,0.09414758269720101,cognitive,0.45121951219512196,Backtracking,B
reasoner,idea,low,3,769,backtracking,70,0.09102730819245773,cognitive,0.4117647058823529,Backtracking,B
reasoner,idea,low,4,759,backtracking,78,0.10276679841897234,cognitive,0.3842364532019705,Backtracking,B
reasoner,idea,low,5,788,verification,80,0.10152284263959391,cognitive,0.35555555555555557,Verification,V
reasoner,idea,low,6,791,subgoal,81,0.10240202275600506,cognitive,0.3665158371040724,Subgoal setting,S
reasoner,idea,low,7,764,subgoal,75,0.09816753926701571,cognitive,0.34403669724770647,Subgoal setting,S
reasoner,idea,low,8,783,subgoal,81,0.10344827586206896,cognitive,0.37850467289719625,Subgoal setting,S
reasoner,idea,low,9,867,verification,128,0.14763552479815456,cognitive,0.5224489795918367,Verification,V
reasoner,idea,low,0,845,Perspective_Shift,165,0.1952662721893491,conversational,0.6179775280898877,Perspective shift,P
reasoner,idea,low,1,761,Perspective_Shift,291,0.3823915900131406,conversational,0.6452328159645233,Perspective shift,P
reasoner,idea,low,2,786,Perspective_Shift,302,0.3842239185750636,conversational,0.5644859813084112,Perspective shift,P
reasoner,idea,low,3,769,Perspective_Shift,272,0.35370611183355005,conversational,0.5261121856866537,Perspective shift,P
reasoner,idea,low,4,759,Perspective_Shift,298,0.3926218708827404,conversational,0.5580524344569289,Perspective shift,P
reasoner,idea,low,5,788,Perspective_Shift,297,0.3769035532994924,conversational,0.5561797752808989,Perspective shift,P
reasoner,idea,low,6,791,Perspective_Shift,289,0.36536030341340076,conversational,0.5515267175572519,Perspective shift,P
reasoner,idea,low,7,764,Perspective_Shift,271,0.35471204188481675,conversational,0.5599173553719009,Perspective shift,P
reasoner,idea,low,8,783,Perspective_Shift,229,0.29246487867177523,conversational,0.5558252427184467,Perspective shift,P
reasoner,idea,low,9,867,Perspective_Shift,128,0.14763552479815456,conversational,0.4266666666666667,Perspective shift,P
reasoner,math,all,0,7318,subgoal,932,0.1273572014211533,cognitive,0.5814098565190269,Subgoal setting,S
reasoner,math,all,1,7064,verification,865,0.12245186862967157,cognitive,0.46505376344086025,Verification,V
reasoner,math,all,2,7122,verification,1110,0.15585509688289806,cognitive,0.5326295585412668,Verification,V
reasoner,math,all,3,7059,verification,1168,0.16546253010341408,cognitive,0.5301861098502042,Verification,V
reasoner,math,all,4,7014,verification,1221,0.1740804106073567,cognitive,0.5754005655042412,Verification,V
reasoner,math,all,5,7171,verification,1386,0.19327848277785525,cognitive,0.5961290322580646,Verification,V
reasoner,math,all,6,7122,verification,1597,0.2242347655153047,cognitive,0.6558521560574948,Verification,V
reasoner,math,all,7,7059,verification,1472,0.20852812013033006,cognitive,0.6295979469632164,Verification,V
reasoner,math,all,8,7127,verification,1510,0.2118703521818437,cognitive,0.6489041684572411,Verification,V
reasoner,math,all,9,7357,verification,1883,0.2559467174119886,cognitive,0.7541049259110933,Verification,V
reasoner,math,all,0,7318,Perspective_Shift,846,0.11560535665482372,conversational,0.49706227967097527,Perspective shift,P
reasoner,math,all,1,7064,Perspective_Shift,888,0.12570781426953567,conversational,0.43808584114454857,Perspective shift,P
reasoner,math,all,2,7122,Perspective_Shift,916,0.12861555742768885,conversational,0.42368177613320995,Perspective shift,P
reasoner,math,all,3,7059,Perspective_Shift,999,0.14152146196345092,conversational,0.43529411764705883,Perspective shift,P
reasoner,math,all,4,7014,Perspective_Shift,908,0.129455374964357,conversational,0.42134570765661256,Perspective shift,P
reasoner,math,all,5,7171,Perspective_Shift,977,0.13624320178496724,conversational,0.4233102253032929,Perspective shift,P
reasoner,math,all,6,7122,Perspective_Shift,1044,0.14658803706823925,conversational,0.43463780183180684,Perspective shift,P
reasoner,math,all,7,7059,Perspective_Shift,1056,0.14959626009349766,conversational,0.4468895471857808,Perspective shift,P
reasoner,math,all,8,7127,Perspective_Shift,1060,0.14873018100182406,conversational,0.44001660440016604,Perspective shift,P
reasoner,math,all,9,7357,Perspective_Shift,975,0.13252684518145982,conversational,0.38860103626943004,Perspective shift,P
reasoner,math,high,0,4983,subgoal,685,0.13746738912301826,cognitive,0.6342592592592592,Subgoal setting,S
reasoner,math,high,1,4776,verification,563,0.11788107202680068,cognitive,0.4468253968253968,Verification,V
reasoner,math,high,2,4831,verification,757,0.15669633616228523,cognitive,0.5368794326241135,Verification,V
reasoner,math,high,3,4773,verification,791,0.165723863398282,cognitive,0.5425240054869684,Verification,V
reasoner,math,high,4,4743,verification,815,0.17183217372970694,cognitive,0.592296511627907,Verification,V
reasoner,math,high,5,4864,verification,940,0.19325657894736842,cognitive,0.6127770534550196,Verification,V
reasoner,math,high,6,4825,verification,1117,0.23150259067357512,cognitive,0.6831804281345565,Verification,V
reasoner,math,high,7,4779,verification,1079,0.22577945176815234,cognitive,0.6648182378311769,Verification,V
reasoner,math,high,8,4828,verification,1098,0.22742336371168187,cognitive,0.6727941176470589,Verification,V
reasoner,math,high,9,5013,verification,1366,0.272491522042689,cognitive,0.7983635300993571,Verification,V
reasoner,math,high,0,4983,Perspective_Shift,561,0.11258278145695365,conversational,0.5199258572752549,Perspective shift,P
reasoner,math,high,1,4776,Perspective_Shift,598,0.12520938023450587,conversational,0.4513207547169812,Perspective shift,P
reasoner,math,high,2,4831,Perspective_Shift,571,0.11819499068515835,conversational,0.4239049740163326,Perspective shift,P
reasoner,math,high,3,4773,Perspective_Shift,626,0.13115441022417768,conversational,0.435933147632312,Perspective shift,P
reasoner,math,high,4,4743,Perspective_Shift,580,0.12228547332911659,conversational,0.4224326292789512,Perspective shift,P
reasoner,math,high,5,4864,Perspective_Shift,620,0.12746710526315788,conversational,0.4189189189189189,Perspective shift,P
reasoner,math,high,6,4825,Perspective_Shift,657,0.1361658031088083,conversational,0.41980830670926517,Perspective shift,P
reasoner,math,high,7,4779,Perspective_Shift,673,0.1408244402594685,conversational,0.43391360412637003,Perspective shift,P
reasoner,math,high,8,4828,Perspective_Shift,690,0.14291632145816072,conversational,0.42990654205607476,Perspective shift,P
reasoner,math,high,9,5013,Perspective_Shift,552,0.11011370436864153,conversational,0.35475578406169667,Perspective shift,P
reasoner,math,low,0,2335,subgoal,247,0.10578158458244111,cognitive,0.47227533460803056,Subgoal setting,S
reasoner,math,low,1,2288,verification,302,0.131993006993007,cognitive,0.5033333333333334,Verification,V
reasoner,math,low,2,2291,verification,353,0.15408118725447403,cognitive,0.5237388724035609,Verification,V
reasoner,math,low,3,2286,verification,377,0.16491688538932633,cognitive,0.5060402684563758,Verification,V
reasoner,math,low,4,2271,verification,406,0.1787758696609423,cognitive,0.5442359249329758,Verification,V
reasoner,math,low,5,2307,verification,446,0.19332466406588644,cognitive,0.5638432364096081,Verification,V
reasoner,math,low,6,2297,verification,480,0.20896821941663038,cognitive,0.6,Verification,V
reasoner,math,low,7,2280,verification,393,0.1723684210526316,cognitive,0.5496503496503496,Verification,V
reasoner,math,low,8,2299,verification,412,0.17920835145715527,cognitive,0.5928057553956835,Verification,V
reasoner,math,low,9,2344,verification,517,0.22056313993174062,cognitive,0.657760814249364,Verification,V
reasoner,math,low,0,2335,Perspective_Shift,285,0.12205567451820129,conversational,0.45746388443017655,Perspective shift,P
reasoner,math,low,1,2288,Perspective_Shift,290,0.12674825174825174,conversational,0.4131054131054131,Perspective shift,P
reasoner,math,low,2,2291,Perspective_Shift,345,0.1505892623308599,conversational,0.4233128834355828,Perspective shift,P
reasoner,math,low,3,2286,Perspective_Shift,373,0.163167104111986,conversational,0.4342258440046565,Perspective shift,P
reasoner,math,low,4,2271,Perspective_Shift,328,0.1444297666226332,conversational,0.4194373401534527,Perspective shift,P
reasoner,math,low,5,2307,Perspective_Shift,357,0.15474642392717816,conversational,0.4311594202898551,Perspective shift,P
reasoner,math,low,6,2297,Perspective_Shift,387,0.16848062690465826,conversational,0.46236559139784944,Perspective shift,P
reasoner,math,low,7,2280,Perspective_Shift,383,0.16798245614035087,conversational,0.47167487684729065,Perspective shift,P
reasoner,math,low,8,2299,Perspective_Shift,370,0.16093953892996954,conversational,0.46019900497512434,Perspective shift,P
reasoner,math,low,9,2344,Perspective_Shift,423,0.1804607508532423,conversational,0.44386149003147957,Perspective shift,P
reasoner,moral,all,0,2468,subgoal,327,0.13249594813614263,cognitive,1.0,Subgoal setting,S
reasoner,moral,all,1,2220,subgoal,172,0.07747747747747748,cognitive,0.9885057471264367,Subgoal setting,S
reasoner,moral,all,2,2274,subgoal,287,0.12620932277924363,cognitive,0.9965277777777777,Subgoal setting,S
reasoner,moral,all,3,2223,subgoal,297,0.13360323886639677,cognitive,0.9580645161290323,Subgoal setting,S
reasoner,moral,all,4,2171,subgoal,348,0.16029479502533395,cognitive,0.9329758713136729,Subgoal setting,S
reasoner,moral,all,5,2323,subgoal,375,0.16142918639690057,cognitive,0.9079903147699758,Subgoal setting,S
reasoner,moral,all,6,2276,subgoal,358,0.15729349736379614,cognitive,0.8927680798004988,Subgoal setting,S
reasoner,moral,all,7,2221,subgoal,317,0.14272850067537146,cognitive,0.8590785907859079,Subgoal setting,S
reasoner,moral,all,8,2273,subgoal,305,0.13418389793224814,cognitive,0.8764367816091955,Subgoal setting,S
reasoner,moral,all,9,2516,subgoal,133,0.05286168521462639,cognitive,0.7964071856287425,Subgoal setting,S
reasoner,moral,all,0,2468,Perspective_Shift,243,0.09846029173419774,conversational,0.7363636363636363,Perspective shift,P
reasoner,moral,all,1,2220,Perspective_Shift,573,0.2581081081081081,conversational,0.6134903640256959,Perspective shift,P
reasoner,moral,all,2,2274,Perspective_Shift,639,0.28100263852242746,conversational,0.5452218430034129,Perspective shift,P
reasoner,moral,all,3,2223,Perspective_Shift,612,0.27530364372469635,conversational,0.49594813614262556,Perspective shift,P
reasoner,moral,all,4,2171,Perspective_Shift,643,0.29617687701520035,conversational,0.5078988941548184,Perspective shift,P
reasoner,moral,all,5,2323,Perspective_Shift,674,0.2901420576840293,conversational,0.48734634851771513,Perspective shift,P
reasoner,moral,all,6,2276,Perspective_Shift,661,0.29042179261862916,conversational,0.4751976994967649,Perspective shift,P
reasoner,moral,all,7,2221,Perspective_Shift,605,0.27239981990094553,conversational,0.4358789625360231,Perspective shift,P
reasoner,moral,all,8,2273,Perspective_Shift,627,0.27584689837219534,conversational,0.46478873239436613,Perspective shift,P
reasoner,moral,all,9,2516,Reconciliation,819,0.325516693163752,conversational,0.5567641060503059,Reconciliation,R
reasoner,moral,high,0,1262,subgoal,153,0.12123613312202852,cognitive,1.0,Subgoal setting,S
reasoner,moral,high,1,1135,subgoal,83,0.07312775330396476,cognitive,0.9764705882352942,Subgoal setting,S
reasoner,moral,high,2,1159,subgoal,147,0.12683347713546161,cognitive,1.0,Subgoal setting,S
reasoner,moral,high,3,1139,subgoal,159,0.1395961369622476,cognitive,0.9636363636363635,Subgoal setting,S
reasoner,moral,high,4,1111,subgoal,175,0.15751575157515751,cognitive,0.9308510638297873,Subgoal setting,S
reasoner,moral,high,5,1186,subgoal,194,0.163575042158516,cognitive,0.9326923076923077,Subgoal setting,S
reasoner,moral,high,6,1168,subgoal,188,0.16095890410958905,cognitive,0.9591836734693877,Subgoal setting,S
reasoner,moral,high,7,1130,subgoal,163,0.14424778761061946,cognitive,0.8624338624338623,Subgoal setting,S
reasoner,moral,high,8,1164,subgoal,170,0.14604810996563575,cognitive,0.8808290155440416,Subgoal setting,S
reasoner,moral,high,9,1288,subgoal,67,0.05201863354037267,cognitive,0.7976190476190477,Subgoal setting,S
reasoner,moral,high,0,1262,Perspective_Shift,123,0.09746434231378764,conversational,0.75,Perspective shift,P
reasoner,moral,high,1,1135,Perspective_Shift,292,0.25726872246696036,conversational,0.6266094420600858,Perspective shift,P
reasoner,moral,high,2,1159,Perspective_Shift,312,0.26919758412424505,conversational,0.553191489361702,Perspective shift,P
reasoner,moral,high,3,1139,Perspective_Shift,315,0.276558384547849,conversational,0.5,Perspective shift,P
reasoner,moral,high,4,1111,Perspective_Shift,341,0.3069306930693069,conversational,0.5182370820668692,Perspective shift,P
reasoner,moral,high,5,1186,Perspective_Shift,345,0.290893760539629,conversational,0.49426934097421205,Perspective shift,P
reasoner,moral,high,6,1168,Perspective_Shift,337,0.288527397260274,conversational,0.47531734837799716,Perspective shift,P
reasoner,moral,high,7,1130,Perspective_Shift,318,0.2814159292035398,conversational,0.46020260492040516,Perspective shift,P
reasoner,moral,high,8,1164,Perspective_Shift,328,0.281786941580756,conversational,0.4672364672364673,Perspective shift,P
reasoner,moral,high,9,1288,Reconciliation,405,0.3144409937888199,conversational,0.537135278514589,Reconciliation,R
reasoner,moral,low,0,1206,subgoal,174,0.14427860696517414,cognitive,1.0,Subgoal setting,S
reasoner,moral,low,1,1085,subgoal,89,0.08202764976958525,cognitive,1.0,Subgoal setting,S
reasoner,moral,low,2,1115,subgoal,140,0.12556053811659193,cognitive,0.9929078014184397,Subgoal setting,S
reasoner,moral,low,3,1084,subgoal,138,0.12730627306273062,cognitive,0.9517241379310345,Subgoal setting,S
reasoner,moral,low,4,1060,subgoal,173,0.1632075471698113,cognitive,0.9351351351351351,Subgoal setting,S
reasoner,moral,low,5,1137,subgoal,181,0.15919085312225154,cognitive,0.8829268292682927,Subgoal setting,S
reasoner,moral,low,6,1108,subgoal,170,0.15342960288808663,cognitive,0.8292682926829268,Subgoal setting,S
reasoner,moral,low,7,1091,subgoal,154,0.14115490375802017,cognitive,0.8555555555555555,Subgoal setting,S
reasoner,moral,low,8,1109,subgoal,135,0.12173128944995491,cognitive,0.870967741935484,Subgoal setting,S
reasoner,moral,low,9,1228,subgoal,66,0.05374592833876222,cognitive,0.7951807228915663,Subgoal setting,S
reasoner,moral,low,0,1206,Perspective_Shift,120,0.09950248756218906,conversational,0.7228915662650602,Perspective shift,P
reasoner,moral,low,1,1085,Perspective_Shift,281,0.2589861751152074,conversational,0.6004273504273505,Perspective shift,P
reasoner,moral,low,2,1115,Perspective_Shift,327,0.2932735426008969,conversational,0.537828947368421,Perspective shift,P
reasoner,moral,low,3,1084,Perspective_Shift,297,0.27398523985239853,conversational,0.4917218543046358,Perspective shift,P
reasoner,moral,low,4,1060,Perspective_Shift,302,0.2849056603773585,conversational,0.4967105263157895,Perspective shift,P
reasoner,moral,low,5,1137,Perspective_Shift,329,0.28935795954265614,conversational,0.4802919708029197,Perspective shift,P
reasoner,moral,low,6,1108,Perspective_Shift,324,0.2924187725631769,conversational,0.4750733137829912,Perspective shift,P
reasoner,moral,low,7,1091,Perspective_Shift,287,0.26306141154903756,conversational,0.411764705882353,Perspective shift,P
reasoner,moral,low,8,1109,Perspective_Shift,299,0.2696122633002705,conversational,0.46213292117465216,Perspective shift,P
reasoner,moral,low,9,1228,Reconciliation,414,0.33713355048859933,conversational,0.5774058577405858,Reconciliation,R
reasoner,planning,all,0,9109,subgoal,703,0.07717641892633659,cognitive,0.4881944444444445,Subgoal setting,S
reasoner,planning,all,1,8891,verification,1106,0.12439545607918119,cognitive,0.5733540694660446,Verification,V
reasoner,planning,all,2,8932,verification,1315,0.14722346618898344,cognitive,0.5865298840321143,Verification,V
reasoner,planning,all,3,8892,verification,1468,0.16509221772379667,cognitive,0.6207188160676533,Verification,V
reasoner,planning,all,4,8844,verification,1666,0.18837630031659883,cognitive,0.6637450199203188,Verification,V
reasoner,planning,all,5,8972,verification,1732,0.1930450289790459,cognitive,0.6687258687258688,Verification,V
reasoner,planning,all,6,8932,verification,1790,0.20040304523063143,cognitive,0.6731854080481384,Verification,V
reasoner,planning,all,7,8892,verification,1812,0.203778677462888,cognitive,0.6931905126243305,Verification,V
reasoner,planning,all,8,8931,verification,2015,0.22561863173216884,cognitive,0.7130219391365888,Verification,V
reasoner,planning,all,9,9171,verification,2426,0.2645294951477483,cognitive,0.7576514678326046,Verification,V
reasoner,planning,all,0,9109,Perspective_Shift,817,0.08969151388736414,conversational,0.4628895184135977,Perspective shift,P
reasoner,planning,all,1,8891,Perspective_Shift,1114,0.12529524237993478,conversational,0.3830811554332875,Perspective shift,P
reasoner,planning,all,2,8932,Perspective_Shift,1293,0.14476041200179132,conversational,0.39432753888380606,Perspective shift,P
reasoner,planning,all,3,8892,Perspective_Shift,1218,0.1369770580296896,conversational,0.3485975958786491,Perspective shift,P
reasoner,planning,all,4,8844,Perspective_Shift,1245,0.14077340569877883,conversational,0.3540955631399318,Perspective shift,P
reasoner,planning,all,5,8972,Perspective_Shift,1276,0.1422202407489969,conversational,0.37082243533856435,Perspective shift,P
reasoner,planning,all,6,8932,Perspective_Shift,1288,0.14420062695924765,conversational,0.39160839160839167,Perspective shift,P
reasoner,planning,all,7,8892,Perspective_Shift,1402,0.1576698155645524,conversational,0.4073213248111563,Perspective shift,P
reasoner,planning,all,8,8931,Perspective_Shift,1646,0.18430186989138955,conversational,0.4354497354497354,Perspective shift,P
reasoner,planning,all,9,9171,Perspective_Shift,1676,0.1827499727401592,conversational,0.4011488750598372,Perspective shift,P
reasoner,planning,high,0,4965,subgoal,391,0.07875125881168177,cognitive,0.5453277545327754,Subgoal setting,S
reasoner,planning,high,1,4843,verification,557,0.11501135659715053,cognitive,0.5677879714576963,Verification,V
reasoner,planning,high,2,4858,verification,706,0.14532729518320298,cognitive,0.6003401360544218,Verification,V
reasoner,planning,high,3,4848,verification,795,0.1639851485148515,cognitive,0.625,Verification,V
reasoner,planning,high,4,4809,verification,896,0.18631732168850074,cognitive,0.6711610486891386,Verification,V
reasoner,planning,high,5,4884,verification,941,0.19266994266994267,cognitive,0.6784426820475847,Verification,V
reasoner,planning,high,6,4871,verification,952,0.1954424142886471,cognitive,0.6893555394641564,Verification,V
reasoner,planning,high,7,4835,verification,993,0.20537745604963806,cognitive,0.7103004291845493,Verification,V
reasoner,planning,high,8,4866,verification,1092,0.22441430332922319,cognitive,0.7403389830508474,Verification,V
reasoner,planning,high,9,5006,verification,1388,0.27726727926488215,cognitive,0.7931428571428571,Verification,V
reasoner,planning,high,0,4965,Perspective_Shift,425,0.08559919436052367,conversational,0.4644808743169399,Perspective shift,P
reasoner,planning,high,1,4843,Perspective_Shift,608,0.12554201940945695,conversational,0.39378238341968913,Perspective shift,P
reasoner,planning,high,2,4858,Perspective_Shift,656,0.1350349938246192,conversational,0.40846824408468246,Perspective shift,P
reasoner,planning,high,3,4848,Perspective_Shift,624,0.12871287128712872,conversational,0.370986920332937,Perspective shift,P
reasoner,planning,high,4,4809,Perspective_Shift,635,0.13204408400914952,conversational,0.3664166185804963,Perspective shift,P
reasoner,planning,high,5,4884,Perspective_Shift,662,0.13554463554463556,conversational,0.3931116389548694,Perspective shift,P
reasoner,planning,high,6,4871,Perspective_Shift,644,0.13221104495996716,conversational,0.4225721784776903,Perspective shift,P
reasoner,planning,high,7,4835,Perspective_Shift,688,0.1422957600827301,conversational,0.4387755102040817,Perspective shift,P
reasoner,planning,high,8,4866,Perspective_Shift,801,0.16461159062885328,conversational,0.4574528840662479,Perspective shift,P
reasoner,planning,high,9,5006,Perspective_Shift,769,0.15361566120655215,conversational,0.4011476264997392,Perspective shift,P
reasoner,planning,incomplete,0,407,verification,34,0.08353808353808354,cognitive,0.425,Verification,V
reasoner,planning,incomplete,1,399,verification,66,0.16541353383458646,cognitive,0.6407766990291263,Verification,V
reasoner,planning,incomplete,2,401,verification,59,0.14713216957605985,cognitive,0.59,Verification,V
reasoner,planning,incomplete,3,399,verification,64,0.16040100250626566,cognitive,0.64,Verification,V
reasoner,planning,incomplete,4,397,verification,82,0.20654911838790932,cognitive,0.6721311475409836,Verification,V
reasoner,planning,incomplete,5,404,verification,69,0.1707920792079208,cognitive,0.6831683168316832,Verification,V
reasoner,planning,incomplete,6,399,verification,90,0.22556390977443608,cognitive,0.6293706293706294,Verification,V
reasoner,planning,incomplete,7,401,verification,99,0.24688279301745636,cognitive,0.7443609022556391,Verification,V
reasoner,planning,incomplete,8,399,verification,92,0.23057644110275688,cognitive,0.6764705882352942,Verification,V
reasoner,planning,incomplete,9,408,verification,84,0.20588235294117646,cognitive,0.7058823529411765,Verification,V
reasoner,planning,incomplete,0,407,Perspective_Shift,50,0.12285012285012285,conversational,0.5,Perspective shift,P
reasoner,planning,incomplete,1,399,Perspective_Shift,62,0.15538847117794485,conversational,0.3668639053254438,Perspective shift,P
reasoner,planning,incomplete,2,401,Conflict_of_Perspectives,63,0.1571072319201995,conversational,0.36,Perspective conflict,C
reasoner,planning,incomplete,3,399,Perspective_Shift,65,0.16290726817042606,conversational,0.4012345679012346,Perspective shift,P
reasoner,planning,incomplete,4,397,Perspective_Shift,51,0.12846347607052896,conversational,0.3805970149253732,Perspective shift,P
reasoner,planning,incomplete,5,404,Perspective_Shift,70,0.17326732673267325,conversational,0.5147058823529411,Perspective shift,P
reasoner,planning,incomplete,6,399,Perspective_Shift,75,0.18796992481203006,conversational,0.47770700636942676,Perspective shift,P
reasoner,planning,incomplete,7,401,Perspective_Shift,64,0.1596009975062344,conversational,0.4324324324324324,Perspective shift,P
reasoner,planning,incomplete,8,399,Perspective_Shift,119,0.2982456140350877,conversational,0.5219298245614035,Perspective shift,P
reasoner,planning,incomplete,9,408,Perspective_Shift,114,0.27941176470588236,conversational,0.4653061224489796,Perspective shift,P
reasoner,planning,low,0,3115,verification,247,0.07929373996789728,cognitive,0.45155393053016457,Verification,V
reasoner,planning,low,1,3041,verification,387,0.12726076948372245,cognitive,0.5716395864106351,Verification,V
reasoner,planning,low,2,3061,verification,467,0.15256452139823587,cognitive,0.5737100737100738,Verification,V
reasoner,planning,low,3,3037,verification,511,0.16825814948962792,cognitive,0.6054502369668247,Verification,V
reasoner,planning,low,4,3031,verification,604,0.19927416694160344,cognitive,0.6508620689655173,Verification,V
reasoner,planning,low,5,3072,verification,594,0.193359375,cognitive,0.649890590809628,Verification,V
reasoner,planning,low,6,3049,verification,607,0.19908166612003936,cognitive,0.6416490486257928,Verification,V
reasoner,planning,low,7,3049,verification,596,0.19547392587733683,cognitive,0.6527929901423878,Verification,V
reasoner,planning,low,8,3053,verification,710,0.23255813953488372,cognitive,0.6807286673058485,Verification,V
reasoner,planning,low,9,3132,verification,810,0.25862068965517243,cognitive,0.7068062827225131,Verification,V
reasoner,planning,low,0,3115,Perspective_Shift,276,0.0886035313001605,conversational,0.44805194805194803,Perspective shift,P
reasoner,planning,low,1,3041,Perspective_Shift,355,0.116737915159487,conversational,0.36224489795918363,Perspective shift,P
reasoner,planning,low,2,3061,Perspective_Shift,438,0.1430904933028422,conversational,0.37308347529812613,Perspective shift,P
reasoner,planning,low,3,3037,Conflict_of_Perspectives,438,0.14422127099110965,conversational,0.3323216995447648,Perspective conflict,C
reasoner,planning,low,4,3031,Perspective_Shift,442,0.14582645991421972,conversational,0.33408919123204833,Perspective shift,P
reasoner,planning,low,5,3072,Conflict_of_Perspectives,454,0.14778645833333334,conversational,0.3541341653666147,Perspective conflict,C
reasoner,planning,low,6,3049,Perspective_Shift,444,0.14562151525090195,conversational,0.3504340962904499,Perspective shift,P
reasoner,planning,low,7,3049,Perspective_Shift,515,0.16890783863561823,conversational,0.37373004354136424,Perspective shift,P
reasoner,planning,low,8,3053,Perspective_Shift,579,0.18964952505732066,conversational,0.3946830265848671,Perspective shift,P
reasoner,planning,low,9,3132,Perspective_Shift,634,0.20242656449553,conversational,0.38331318016928656,Perspective shift,P
reasoner,safety,all,0,1623,subgoal,261,0.16081330868761554,cognitive,0.9422382671480145,Subgoal setting,S
reasoner,safety,all,1,1475,subgoal,209,0.14169491525423727,cognitive,0.8196078431372549,Subgoal setting,S
reasoner,safety,all,2,1495,subgoal,194,0.12976588628762542,cognitive,0.779116465863454,Subgoal setting,S
reasoner,safety,all,3,1478,subgoal,195,0.13193504736129905,cognitive,0.7862903225806452,Subgoal setting,S
reasoner,safety,all,4,1441,subgoal,151,0.10478834142956281,cognitive,0.7512437810945274,Subgoal setting,S
reasoner,safety,all,5,1529,subgoal,163,0.1066056245912361,cognitive,0.7761904761904762,Subgoal setting,S
reasoner,safety,all,6,1513,subgoal,163,0.10773298083278256,cognitive,0.7212389380530974,Subgoal setting,S
reasoner,safety,all,7,1460,subgoal,152,0.10410958904109589,cognitive,0.6666666666666667,Subgoal setting,S
reasoner,safety,all,8,1510,subgoal,194,0.12847682119205298,cognitive,0.7293233082706766,Subgoal setting,S
reasoner,safety,all,9,1656,subgoal,125,0.07548309178743962,cognitive,0.6127450980392157,Subgoal setting,S
reasoner,safety,all,0,1623,Perspective_Shift,426,0.26247689463955637,conversational,0.6348733233979136,Perspective shift,P
reasoner,safety,all,1,1475,Perspective_Shift,481,0.32610169491525426,conversational,0.5216919739696313,Perspective shift,P
reasoner,safety,all,2,1495,Perspective_Shift,510,0.3411371237458194,conversational,0.5257731958762887,Perspective shift,P
reasoner,safety,all,3,1478,Perspective_Shift,518,0.35047361299052776,conversational,0.5749167591564928,Perspective shift,P
reasoner,safety,all,4,1441,Perspective_Shift,510,0.35392088827203333,conversational,0.6174334140435837,Perspective shift,P
reasoner,safety,all,5,1529,Perspective_Shift,528,0.34532374100719426,conversational,0.5808580858085809,Perspective shift,P
reasoner,safety,all,6,1513,Perspective_Shift,541,0.35756774619960346,conversational,0.5810955961331902,Perspective shift,P
reasoner,safety,all,7,1460,Perspective_Shift,527,0.36095890410958903,conversational,0.5961538461538461,Perspective shift,P
reasoner,safety,all,8,1510,Perspective_Shift,551,0.3649006622516556,conversational,0.6318807339449541,Perspective shift,P
reasoner,safety,all,9,1656,Perspective_Shift,388,0.23429951690821257,conversational,0.4145299145299145,Perspective shift,P
reasoner,safety,high,0,799,subgoal,134,0.1677096370463079,cognitive,0.950354609929078,Subgoal setting,S
reasoner,safety,high,1,709,subgoal,120,0.1692524682651622,cognitive,0.8510638297872339,Subgoal setting,S
reasoner,safety,high,2,724,subgoal,108,0.14917127071823205,cognitive,0.7659574468085106,Subgoal setting,S
reasoner,safety,high,3,711,subgoal,110,0.15471167369901548,cognitive,0.8208955223880597,Subgoal setting,S
reasoner,safety,high,4,694,subgoal,93,0.1340057636887608,cognitive,0.788135593220339,Subgoal setting,S
reasoner,safety,high,5,743,subgoal,88,0.11843876177658143,cognitive,0.7394957983193278,Subgoal setting,S
reasoner,safety,high,6,735,subgoal,89,0.12108843537414966,cognitive,0.7063492063492064,Subgoal setting,S
reasoner,safety,high,7,700,subgoal,82,0.11714285714285715,cognitive,0.6307692307692307,Subgoal setting,S
reasoner,safety,high,8,733,subgoal,98,0.13369713506139155,cognitive,0.6805555555555556,Subgoal setting,S
reasoner,safety,high,9,820,subgoal,65,0.07926829268292683,cognitive,0.6018518518518519,Subgoal setting,S
reasoner,safety,high,0,799,Perspective_Shift,175,0.2190237797246558,conversational,0.625,Perspective shift,P
reasoner,safety,high,1,709,Perspective_Shift,182,0.2566995768688293,conversational,0.45161290322580644,Perspective shift,P
reasoner,safety,high,2,724,Perspective_Shift,186,0.2569060773480663,conversational,0.4366197183098592,Perspective shift,P
reasoner,safety,high,3,711,Perspective_Shift,183,0.25738396624472576,conversational,0.4668367346938776,Perspective shift,P
reasoner,safety,high,4,694,Perspective_Shift,199,0.28674351585014407,conversational,0.5407608695652174,Perspective shift,P
reasoner,safety,high,5,743,Perspective_Shift,197,0.2651413189771198,conversational,0.47815533980582525,Perspective shift,P
reasoner,safety,high,6,735,Perspective_Shift,233,0.31700680272108844,conversational,0.5200892857142857,Perspective shift,P
reasoner,safety,high,7,700,Perspective_Shift,206,0.29428571428571426,conversational,0.5175879396984925,Perspective shift,P
reasoner,safety,high,8,733,Perspective_Shift,226,0.3083219645293315,conversational,0.5931758530183727,Perspective shift,P
reasoner,safety,high,9,820,Reconciliation,224,0.2731707317073171,conversational,0.5818181818181818,Reconciliation,R
reasoner,safety,low,0,824,subgoal,127,0.154126213592233,cognitive,0.9338235294117647,Subgoal setting,S
reasoner,safety,low,1,766,subgoal,89,0.11618798955613577,cognitive,0.7807017543859649,Subgoal setting,S
reasoner,safety,low,2,771,subgoal,86,0.11154345006485085,cognitive,0.7962962962962963,Subgoal setting,S
reasoner,safety,low,3,767,subgoal,85,0.11082138200782268,cognitive,0.7456140350877192,Subgoal setting,S
reasoner,safety,low,4,747,subgoal,58,0.07764390896921017,cognitive,0.6987951807228916,Subgoal setting,S
reasoner,safety,low,5,786,subgoal,75,0.09541984732824428,cognitive,0.824175824175824,Subgoal setting,S
reasoner,safety,low,6,778,subgoal,74,0.09511568123393316,cognitive,0.74,Subgoal setting,S
reasoner,safety,low,7,760,subgoal,70,0.09210526315789473,cognitive,0.7142857142857142,Subgoal setting,S
reasoner,safety,low,8,777,subgoal,96,0.12355212355212356,cognitive,0.7868852459016393,Subgoal setting,S
reasoner,safety,low,9,836,subgoal,60,0.07177033492822966,cognitive,0.625,Subgoal setting,S
reasoner,safety,low,0,824,Perspective_Shift,251,0.30461165048543687,conversational,0.6419437340153452,Perspective shift,P
reasoner,safety,low,1,766,Perspective_Shift,299,0.39033942558746737,conversational,0.5761078998073218,Perspective shift,P
reasoner,safety,low,2,771,Perspective_Shift,324,0.42023346303501946,conversational,0.5955882352941176,Perspective shift,P
reasoner,safety,low,3,767,Perspective_Shift,335,0.4367666232073012,conversational,0.6581532416502948,Perspective shift,P
reasoner,safety,low,4,747,Perspective_Shift,311,0.41633199464524767,conversational,0.6790393013100436,Perspective shift,P
reasoner,safety,low,5,786,Perspective_Shift,331,0.4211195928753181,conversational,0.6659959758551308,Perspective shift,P
reasoner,safety,low,6,778,Perspective_Shift,308,0.39588688946015427,conversational,0.6376811594202898,Perspective shift,P
reasoner,safety,low,7,760,Perspective_Shift,321,0.42236842105263156,conversational,0.6604938271604938,Perspective shift,P
reasoner,safety,low,8,777,Perspective_Shift,325,0.41827541827541825,conversational,0.6619144602851323,Perspective shift,P
reasoner,safety,low,9,836,Perspective_Shift,282,0.3373205741626794,conversational,0.5117967332123412,Perspective shift,P
reasoner,security,all,0,5463,subgoal,525,0.09610104338275673,cognitive,0.5028735632183908,Subgoal setting,S
reasoner,security,all,1,5266,verification,518,0.09836688188378276,cognitive,0.4211382113821138,Verification,V
reasoner,security,all,2,5289,verification,545,0.10304405369635092,cognitive,0.44058205335489087,Verification,V
reasoner,security,all,3,5271,verification,594,0.11269208878770631,cognitive,0.46698113207547165,Verification,V
reasoner,security,all,4,5222,verification,639,0.12236690923018001,cognitive,0.5107913669064748,Verification,V
reasoner,security,all,5,5350,verification,638,0.11925233644859813,cognitive,0.5083665338645418,Verification,V
reasoner,security,all,6,5307,verification,592,0.11155078198605616,cognitive,0.4828711256117455,Verification,V
reasoner,security,all,7,5253,verification,698,0.13287645155149438,cognitive,0.4985714285714286,Verification,V
reasoner,security,all,8,5302,verification,688,0.12976235382874388,cognitive,0.504029304029304,Verification,V
reasoner,security,all,9,5515,verification,786,0.14252039891205803,cognitive,0.5531315974665728,Verification,V
reasoner,security,all,0,5463,Perspective_Shift,515,0.09427054731832327,conversational,0.4316848281642917,Perspective shift,P
reasoner,security,all,1,5266,Perspective_Shift,825,0.15666540068363083,conversational,0.43284365162644284,Perspective shift,P
reasoner,security,all,2,5289,Perspective_Shift,910,0.17205520892418227,conversational,0.4621635347892331,Perspective shift,P
reasoner,security,all,3,5271,Perspective_Shift,890,0.16884841586036806,conversational,0.4594734124935467,Perspective shift,P
reasoner,security,all,4,5222,Perspective_Shift,917,0.17560321715817695,conversational,0.4734124935467217,Perspective shift,P
reasoner,security,all,5,5350,Perspective_Shift,932,0.17420560747663552,conversational,0.5073489384866631,Perspective shift,P
reasoner,security,all,6,5307,Perspective_Shift,942,0.17750141322781232,conversational,0.502132196162047,Perspective shift,P
reasoner,security,all,7,5253,Perspective_Shift,1045,0.19893394250904245,conversational,0.5173267326732673,Perspective shift,P
reasoner,security,all,8,5302,Perspective_Shift,1061,0.2001131648434553,conversational,0.5076555023923445,Perspective shift,P
reasoner,security,all,9,5515,Perspective_Shift,1237,0.2242973708068903,conversational,0.4787151702786378,Perspective shift,P
reasoner,security,high,0,1236,subgoal,136,0.11003236245954692,cognitive,0.6507177033492824,Subgoal setting,S
reasoner,security,high,1,1173,verification,93,0.0792838874680307,cognitive,0.3661417322834646,Verification,V
reasoner,security,high,2,1178,verification,104,0.08828522920203735,cognitive,0.4406779661016949,Verification,V
reasoner,security,high,3,1173,verification,104,0.0886615515771526,cognitive,0.4333333333333333,Verification,V
reasoner,security,high,4,1157,verification,126,0.10890233362143474,cognitive,0.4772727272727273,Verification,V
reasoner,security,high,5,1203,verification,142,0.11803823773898586,cognitive,0.5378787878787878,Verification,V
reasoner,security,high,6,1184,verification,118,0.09966216216216216,cognitive,0.4538461538461538,Verification,V
reasoner,security,high,7,1167,verification,149,0.12767780634104542,cognitive,0.520979020979021,Verification,V
reasoner,security,high,8,1184,verification,165,0.13935810810810811,cognitive,0.5481727574750831,Verification,V
reasoner,security,high,9,1253,verification,184,0.14684756584197925,cognitive,0.584126984126984,Verification,V
reasoner,security,high,0,1236,Perspective_Shift,97,0.0784789644012945,conversational,0.47317073170731705,Perspective shift,P
reasoner,security,high,1,1173,Perspective_Shift,194,0.16538789428815004,conversational,0.47317073170731705,Perspective shift,P
reasoner,security,high,2,1178,Perspective_Shift,199,0.16893039049235994,conversational,0.47951807228915666,Perspective shift,P
reasoner,security,high,3,1173,Perspective_Shift,202,0.17220801364023872,conversational,0.5,Perspective shift,P
reasoner,security,high,4,1157,Perspective_Shift,195,0.16853932584269662,conversational,0.4698795180722891,Perspective shift,P
reasoner,security,high,5,1203,Perspective_Shift,223,0.1853699085619285,conversational,0.522248243559719,Perspective shift,P
reasoner,security,high,6,1184,Perspective_Shift,218,0.18412162162162163,conversational,0.5093457943925235,Perspective shift,P
reasoner,security,high,7,1167,Perspective_Shift,246,0.21079691516709512,conversational,0.537117903930131,Perspective shift,P
reasoner,security,high,8,1184,Perspective_Shift,244,0.20608108108108109,conversational,0.5224839400428266,Perspective shift,P
reasoner,security,high,9,1253,Perspective_Shift,270,0.2154828411811652,conversational,0.4440789473684211,Perspective shift,P
reasoner,security,incomplete,0,35,subgoal,2,0.05714285714285714,cognitive,1.0,Subgoal setting,S
reasoner,security,incomplete,1,35,backtracking,2,0.05714285714285714,cognitive,0.4,Backtracking,B
reasoner,security,incomplete,2,35,backward_chaining,4,0.11428571428571428,cognitive,0.4,Backward chaining,K
reasoner,security,incomplete,3,35,verification,12,0.34285714285714286,cognitive,0.6666666666666667,Verification,V
reasoner,security,incomplete,4,34,subgoal,4,0.11764705882352941,cognitive,0.3636363636363636,Subgoal setting,S
reasoner,security,incomplete,5,35,verification,6,0.17142857142857143,cognitive,0.6000000000000001,Verification,V
reasoner,security,incomplete,6,35,verification,7,0.2,cognitive,0.4375,Verification,V
reasoner,security,incomplete,7,35,verification,9,0.2571428571428571,cognitive,0.5294117647058824,Verification,V
reasoner,security,incomplete,8,35,verification,3,0.08571428571428572,cognitive,0.5,Verification,V
reasoner,security,incomplete,9,35,verification,2,0.05714285714285714,cognitive,0.5,Verification,V
reasoner,security,incomplete,0,35,Conflict_of_Perspectives,3,0.08571428571428572,conversational,0.5,Perspective conflict,C
reasoner,security,incomplete,1,35,Perspective_Shift,5,0.14285714285714285,conversational,0.38461538461538464,Perspective shift,P
reasoner,security,incomplete,2,35,Question_and_Answering,6,0.17142857142857143,conversational,0.42857142857142855,Question–answer,Q
reasoner,security,incomplete,3,35,Conflict_of_Perspectives,3,0.08571428571428572,conversational,0.5,Perspective conflict,C
reasoner,security,incomplete,4,34,Conflict_of_Perspectives,5,0.14705882352941177,conversational,0.45454545454545453,Perspective conflict,C
reasoner,security,incomplete,5,35,Conflict_of_Perspectives,6,0.17142857142857143,conversational,0.6000000000000001,Perspective conflict,C
reasoner,security,incomplete,6,35,Conflict_of_Perspectives,9,0.2571428571428571,conversational,0.5625,Perspective conflict,C
reasoner,security,incomplete,7,35,Conflict_of_Perspectives,5,0.14285714285714285,conversational,0.45454545454545453,Perspective conflict,C
reasoner,security,incomplete,8,35,Conflict_of_Perspectives,3,0.08571428571428572,conversational,0.42857142857142855,Perspective conflict,C
reasoner,security,incomplete,9,35,Perspective_Shift,12,0.34285714285714286,conversational,0.6315789473684211,Perspective shift,P
reasoner,security,low,0,3070,subgoal,274,0.08925081433224756,cognitive,0.44771241830065356,Subgoal setting,S
reasoner,security,low,1,2965,verification,340,0.11467116357504216,cognitive,0.4676753782668501,Verification,V
reasoner,security,low,2,2986,verification,353,0.11821835231078366,cognitive,0.45963541666666663,Verification,V
reasoner,security,low,3,2971,verification,350,0.11780545270952542,cognitive,0.478796169630643,Verification,V
reasoner,security,low,4,2948,verification,403,0.13670284938941654,cognitive,0.5468113975576662,Verification,V
reasoner,security,low,5,3008,verification,368,0.12234042553191489,cognitive,0.50480109739369,Verification,V
reasoner,security,low,6,2993,verification,357,0.11927831607083195,cognitive,0.49445983379501385,Verification,V
reasoner,security,low,7,2964,verification,420,0.1417004048582996,cognitive,0.5072463768115941,Verification,V
reasoner,security,low,8,2987,verification,399,0.1335788416471376,cognitive,0.5031525851197982,Verification,V
reasoner,security,low,9,3095,verification,447,0.14442649434571891,cognitive,0.532777115613826,Verification,V
reasoner,security,low,0,3070,Perspective_Shift,303,0.0986970684039088,conversational,0.41506849315068495,Perspective shift,P
reasoner,security,low,1,2965,Perspective_Shift,442,0.1490725126475548,conversational,0.407373271889401,Perspective shift,P
reasoner,security,low,2,2986,Perspective_Shift,555,0.18586738111185533,conversational,0.4656040268456376,Perspective shift,P
reasoner,security,low,3,2971,Perspective_Shift,523,0.17603500504880512,conversational,0.4512510785159621,Perspective shift,P
reasoner,security,low,4,2948,Perspective_Shift,547,0.1855495251017639,conversational,0.4802458296751536,Perspective shift,P
reasoner,security,low,5,3008,Perspective_Shift,516,0.17154255319148937,conversational,0.4952015355086372,Perspective shift,P
reasoner,security,low,6,2993,Perspective_Shift,541,0.1807550952221851,conversational,0.5051353874883286,Perspective shift,P
reasoner,security,low,7,2964,Perspective_Shift,599,0.20209176788124156,conversational,0.5150472914875323,Perspective shift,P
reasoner,security,low,8,2987,Perspective_Shift,602,0.20154000669568128,conversational,0.5025041736227045,Perspective shift,P
reasoner,security,low,9,3095,Perspective_Shift,710,0.2294022617124394,conversational,0.4820095044127631,Perspective shift,P
