gen_model,model_label,task_type,domain,signature_family,layer,behavior,behavior_label,n_domain,shapley_gain,shapley_ci_low,shapley_ci_high,shapley_p_value,shapley_unit,direction_effect,direction_ci_low,direction_ci_high,direction_unit,shapley_q_value,supported
reasoner,DeepSeek-R1 Distill 8B,math,Math,conversational,amount,Question_and_Answering,Question–answer,498,0.08851099550019909,0.06538989852923299,0.11174896760436392,0.000999000999000999,bits per held-out trace,-0.509620197419581,-0.5723010754255385,-0.44872527654664046,standardized rate difference: domain minus other domains,0.001510300722899148,True
reasoner,DeepSeek-R1 Distill 8B,math,Math,conversational,amount,Perspective_Shift,Perspective shift,498,0.23104967757288986,0.09069318462087478,0.3697542569791456,0.001998001998001998,bits per held-out trace,-1.0706003482515352,-1.1515100362971307,-0.979430543391297,standardized rate difference: domain minus other domains,0.002950895258587566,True
reasoner,DeepSeek-R1 Distill 8B,math,Math,conversational,amount,Conflict_of_Perspectives,Perspective conflict,498,0.36847187843005186,0.28843214056546806,0.451663859271114,0.000999000999000999,bits per held-out trace,-0.9802187579971395,-1.0623160566953302,-0.9008211953419162,standardized rate difference: domain minus other domains,0.001510300722899148,True
reasoner,DeepSeek-R1 Distill 8B,math,Math,conversational,amount,Reconciliation,Reconciliation,498,0.032658621993307824,-0.01688527988778222,0.07742471090595568,0.0959040959040959,bits per held-out trace,-0.6279777756297149,-0.7152903013027694,-0.5466202424593323,standardized rate difference: domain minus other domains,0.1143701019477417,False
reasoner,DeepSeek-R1 Distill 8B,math,Math,conversational,timing,Question_and_Answering,Question–answer,498,0.005711938833371236,-0.004821427265444961,0.015148024774963926,0.12887112887112886,bits per held-out trace,0.050829384983049064,0.01978605766302187,0.07936905122305522,conditional timing centroid difference: positive means later,0.24620155963439547,False
reasoner,DeepSeek-R1 Distill 8B,math,Math,conversational,timing,Perspective_Shift,Perspective shift,498,0.02095681743656616,-0.0004928523038071654,0.04420721169649181,0.03796203796203796,bits per held-out trace,0.011307885887393176,-0.005296910518991185,0.028292840385959434,conditional timing centroid difference: positive means later,0.10640454436074874,False
reasoner,DeepSeek-R1 Distill 8B,math,Math,conversational,timing,Conflict_of_Perspectives,Perspective conflict,498,-3.0354004974252107e-05,-0.011586342758000143,0.011767405934022857,0.5004995004995005,bits per held-out trace,-0.02338179034818655,-0.04554094745630459,0.00010149115916693,conditional timing centroid difference: positive means later,0.6301370760387154,False
reasoner,DeepSeek-R1 Distill 8B,math,Math,conversational,timing,Reconciliation,Reconciliation,498,0.04803374717491146,0.023569596490594834,0.07194876289271486,0.000999000999000999,bits per held-out trace,-0.05201374788348623,-0.07498353996168852,-0.028959763347491452,conditional timing centroid difference: positive means later,0.0073772381464689155,True
reasoner,DeepSeek-R1 Distill 8B,code,Code,conversational,amount,Question_and_Answering,Question–answer,154,0.04659865309636006,0.0070317087230684396,0.08849837460916704,0.01898101898101898,bits per held-out trace,-0.3164673856198975,-0.3855649223180903,-0.2532226761163723,standardized rate difference: domain minus other domains,0.024624024624024625,True
reasoner,DeepSeek-R1 Distill 8B,code,Code,conversational,amount,Perspective_Shift,Perspective shift,154,0.04159118486499351,0.012483832062415184,0.07019130223138209,0.005994005994005994,bits per held-out trace,-0.38447867248748835,-0.48961738642253266,-0.2796153859771777,standardized rate difference: domain minus other domains,0.008431129310250191,True
reasoner,DeepSeek-R1 Distill 8B,code,Code,conversational,amount,Conflict_of_Perspectives,Perspective conflict,154,0.05295579705355265,-0.01666280403992903,0.11923491347417509,0.07792207792207792,bits per held-out trace,0.4068375121445761,0.2703917865170137,0.5404828151506283,standardized rate difference: domain minus other domains,0.09350649350649351,False
reasoner,DeepSeek-R1 Distill 8B,code,Code,conversational,amount,Reconciliation,Reconciliation,154,-7.997182894773443e-05,-0.008741156610528602,0.00756571907353884,0.5014985014985015,bits per held-out trace,-0.3534342740940417,-0.4280732748330372,-0.27067666011503855,standardized rate difference: domain minus other domains,0.5334499295718131,False
reasoner,DeepSeek-R1 Distill 8B,code,Code,conversational,timing,Question_and_Answering,Question–answer,154,0.00448079451260705,-0.01886317253593958,0.02803266290709267,0.34265734265734266,bits per held-out trace,-0.03518622694404183,-0.06264194561081837,-0.008769011693343117,conditional timing centroid difference: positive means later,0.48733488733488733,False
reasoner,DeepSeek-R1 Distill 8B,code,Code,conversational,timing,Perspective_Shift,Perspective shift,154,-0.0023826793571277076,-0.033562955047819296,0.02591080158630143,0.5454545454545454,bits per held-out trace,-0.007338118439628172,-0.021851907930985435,0.008118133591348978,conditional timing centroid difference: positive means later,0.6694961089865548,False
reasoner,DeepSeek-R1 Distill 8B,code,Code,conversational,timing,Conflict_of_Perspectives,Perspective conflict,154,0.059116303524563395,-0.008514143370534603,0.12862967026464894,0.053946053946053944,bits per held-out trace,-0.0827821996456583,-0.10142776263402227,-0.06289617552418372,conditional timing centroid difference: positive means later,0.1390287564784209,False
reasoner,DeepSeek-R1 Distill 8B,code,Code,conversational,timing,Reconciliation,Reconciliation,154,0.06896492249274477,-0.0031354463773931355,0.13336973250179052,0.027972027972027972,bits per held-out trace,-0.2783946034479889,-0.3010207108979262,-0.25729855556941206,conditional timing centroid difference: positive means later,0.08524808524808525,False
reasoner,DeepSeek-R1 Distill 8B,gpqa,GPQA,conversational,amount,Question_and_Answering,Question–answer,484,0.07391765380005183,0.031711349535116645,0.11676782269208183,0.000999000999000999,bits per held-out trace,-0.4516355060861147,-0.5116130273213141,-0.3914364963595194,standardized rate difference: domain minus other domains,0.001510300722899148,True
reasoner,DeepSeek-R1 Distill 8B,gpqa,GPQA,conversational,amount,Perspective_Shift,Perspective shift,484,0.13166426660150451,0.09422828827816054,0.1680859075703531,0.000999000999000999,bits per held-out trace,0.00025746355762007445,-0.07319186319759104,0.0750121513484661,standardized rate difference: domain minus other domains,0.001510300722899148,True
reasoner,DeepSeek-R1 Distill 8B,gpqa,GPQA,conversational,amount,Conflict_of_Perspectives,Perspective conflict,484,0.14441942391067863,0.09829683280635397,0.18504887553301844,0.000999000999000999,bits per held-out trace,0.9092198598615324,0.8261615504879724,1.0028490397652998,standardized rate difference: domain minus other domains,0.001510300722899148,True
reasoner,DeepSeek-R1 Distill 8B,gpqa,GPQA,conversational,amount,Reconciliation,Reconciliation,484,0.009735778026550807,-0.01097573824443891,0.026032178603762796,0.16683316683316685,bits per held-out trace,-0.20475815582617884,-0.2715986771981053,-0.13326992065637158,standardized rate difference: domain minus other domains,0.1912356300416002,False
reasoner,DeepSeek-R1 Distill 8B,gpqa,GPQA,conversational,timing,Question_and_Answering,Question–answer,484,0.005831724757620975,-0.00940311346734655,0.01927606222847203,0.22277722277722278,bits per held-out trace,-0.08410464705289633,-0.1091523511349909,-0.059490924450922265,conditional timing centroid difference: positive means later,0.36248497265446417,False
reasoner,DeepSeek-R1 Distill 8B,gpqa,GPQA,conversational,timing,Perspective_Shift,Perspective shift,484,0.011551694906847553,-0.00433275970435212,0.028807108937176883,0.0959040959040959,bits per held-out trace,0.003565791995074341,-0.005859960848522023,0.013062253877650235,conditional timing centroid difference: positive means later,0.2068942293661395,False
reasoner,DeepSeek-R1 Distill 8B,gpqa,GPQA,conversational,timing,Conflict_of_Perspectives,Perspective conflict,484,0.005850074990806791,-0.0017981255431733152,0.013090920455390566,0.08191808191808192,bits per held-out trace,-0.001308372762598875,-0.015710146582396167,0.012074126316963987,conditional timing centroid difference: positive means later,0.18613339323398495,False
reasoner,DeepSeek-R1 Distill 8B,gpqa,GPQA,conversational,timing,Reconciliation,Reconciliation,484,0.024390755321782198,0.007428397191939541,0.04247346640471352,0.004995004995004995,bits per held-out trace,-0.13738467997426107,-0.15619541920331606,-0.11741146904145355,conditional timing centroid difference: positive means later,0.02491015478028465,True
reasoner,DeepSeek-R1 Distill 8B,planning,Planning,conversational,amount,Question_and_Answering,Question–answer,458,0.10277874705798011,0.07090773959922726,0.13431902684959818,0.000999000999000999,bits per held-out trace,-0.31298420628939205,-0.37844437688789057,-0.24852919682571845,standardized rate difference: domain minus other domains,0.001510300722899148,True
reasoner,DeepSeek-R1 Distill 8B,planning,Planning,conversational,amount,Perspective_Shift,Perspective shift,458,0.42431814100044746,0.3364192296773056,0.5131072200798876,0.000999000999000999,bits per held-out trace,-0.7587389001781255,-0.8249608421451444,-0.6987153319424576,standardized rate difference: domain minus other domains,0.001510300722899148,True
reasoner,DeepSeek-R1 Distill 8B,planning,Planning,conversational,amount,Conflict_of_Perspectives,Perspective conflict,458,0.05200961949908523,0.02285549626531855,0.08447922408276294,0.001998001998001998,bits per held-out trace,0.0003062777036666519,-0.0815988697713845,0.08074834663272062,standardized rate difference: domain minus other domains,0.002950895258587566,True
reasoner,DeepSeek-R1 Distill 8B,planning,Planning,conversational,amount,Reconciliation,Reconciliation,458,0.05429166547238271,0.027266792715768758,0.08230705615808573,0.001998001998001998,bits per held-out trace,-0.011923414611585408,-0.11712703495879252,0.09160312618445031,standardized rate difference: domain minus other domains,0.002950895258587566,True
reasoner,DeepSeek-R1 Distill 8B,planning,Planning,conversational,timing,Question_and_Answering,Question–answer,458,0.017530294773553355,-0.006538341411878672,0.04077960454656953,0.06593406593406594,bits per held-out trace,0.043642889387938255,0.015812233495409146,0.07142030173027805,conditional timing centroid difference: positive means later,0.16126548610625047,False
reasoner,DeepSeek-R1 Distill 8B,planning,Planning,conversational,timing,Perspective_Shift,Perspective shift,458,0.017753266614525497,-0.013388337502017898,0.047455763957827385,0.13286713286713286,bits per held-out trace,0.04520431881376641,0.03382070874935433,0.057122991358671264,conditional timing centroid difference: positive means later,0.25010283833813246,False
reasoner,DeepSeek-R1 Distill 8B,planning,Planning,conversational,timing,Conflict_of_Perspectives,Perspective conflict,458,0.03152198918970086,0.005749039826799836,0.05387255974923708,0.006993006993006993,bits per held-out trace,0.056329679342881356,0.03738341788963045,0.07506493925022734,conditional timing centroid difference: positive means later,0.03159193747429042,True
reasoner,DeepSeek-R1 Distill 8B,planning,Planning,conversational,timing,Reconciliation,Reconciliation,458,0.011648951226025179,-0.009860989069652375,0.03491140812748711,0.15684315684315683,bits per held-out trace,-0.0873553121299605,-0.1089568366076112,-0.06475487970949133,conditional timing centroid difference: positive means later,0.281438187980244,False
reasoner,DeepSeek-R1 Distill 8B,moral,Moral,conversational,amount,Question_and_Answering,Question–answer,500,0.015899334281653157,-0.021053016724727612,0.04833907805524979,0.17382617382617382,bits per held-out trace,0.43267436523708847,0.32851132245039566,0.5423948225836134,standardized rate difference: domain minus other domains,0.19806899332121883,False
reasoner,DeepSeek-R1 Distill 8B,moral,Moral,conversational,amount,Perspective_Shift,Perspective shift,500,0.22945183533802335,0.20359690072224806,0.2545821337185589,0.000999000999000999,bits per held-out trace,0.49513722089188505,0.43762270717357604,0.5501009097917057,standardized rate difference: domain minus other domains,0.001510300722899148,True
reasoner,DeepSeek-R1 Distill 8B,moral,Moral,conversational,amount,Conflict_of_Perspectives,Perspective conflict,500,0.13989171747577098,0.09466945661561343,0.18159591352091312,0.000999000999000999,bits per held-out trace,0.23399581052334137,0.15310669386128947,0.3097238039125498,standardized rate difference: domain minus other domains,0.001510300722899148,True
reasoner,DeepSeek-R1 Distill 8B,moral,Moral,conversational,amount,Reconciliation,Reconciliation,500,0.16471891409450395,0.10767273667968283,0.21618767817858936,0.000999000999000999,bits per held-out trace,0.8823138860038338,0.7698212424185397,0.9880180524769927,standardized rate difference: domain minus other domains,0.001510300722899148,True
reasoner,DeepSeek-R1 Distill 8B,moral,Moral,conversational,timing,Question_and_Answering,Question–answer,500,0.060723272921355494,0.014609087370146224,0.10762673609980519,0.006993006993006993,bits per held-out trace,0.14403107337030568,0.11722275644055857,0.1727395820873601,conditional timing centroid difference: positive means later,0.03159193747429042,True
reasoner,DeepSeek-R1 Distill 8B,moral,Moral,conversational,timing,Perspective_Shift,Perspective shift,500,0.021871782418400577,-0.0001995252725361778,0.04144812265879606,0.01898101898101898,bits per held-out trace,-0.011468664320556932,-0.01965968761836265,-0.0030489713162789814,conditional timing centroid difference: positive means later,0.06393606393606394,False
reasoner,DeepSeek-R1 Distill 8B,moral,Moral,conversational,timing,Conflict_of_Perspectives,Perspective conflict,500,-0.009746222844851857,-0.01898854835206084,0.0001545939185535353,0.97002997002997,bits per held-out trace,0.002055752829244084,-0.01663169152311312,0.019510875817946336,conditional timing centroid difference: positive means later,0.9751086609725353,False
reasoner,DeepSeek-R1 Distill 8B,moral,Moral,conversational,timing,Reconciliation,Reconciliation,500,0.14773501528682317,0.09082341870903626,0.20285873526918857,0.000999000999000999,bits per held-out trace,0.17289748105537583,0.15785941346008814,0.18740260414067933,conditional timing centroid difference: positive means later,0.0073772381464689155,True
reasoner,DeepSeek-R1 Distill 8B,idea,Idea,conversational,amount,Question_and_Answering,Question–answer,493,0.2181922703757987,0.15873745350278035,0.2729509505396969,0.000999000999000999,bits per held-out trace,0.8895537077460406,0.7736381106483646,1.0068553378994938,standardized rate difference: domain minus other domains,0.001510300722899148,True
reasoner,DeepSeek-R1 Distill 8B,idea,Idea,conversational,amount,Perspective_Shift,Perspective shift,493,0.591036317173564,0.4823585464236547,0.7011020935799805,0.000999000999000999,bits per held-out trace,1.2147573246546723,1.1155259077617092,1.3168018681285236,standardized rate difference: domain minus other domains,0.001510300722899148,True
reasoner,DeepSeek-R1 Distill 8B,idea,Idea,conversational,amount,Conflict_of_Perspectives,Perspective conflict,493,0.06901065808571294,0.05804351742630017,0.07979521323659419,0.000999000999000999,bits per held-out trace,-0.14026945457716242,-0.22153916666497186,-0.05848151422768919,standardized rate difference: domain minus other domains,0.001510300722899148,True
reasoner,DeepSeek-R1 Distill 8B,idea,Idea,conversational,amount,Reconciliation,Reconciliation,493,0.00987439560484361,-0.010930756244913922,0.029082830929167067,0.17082917082917082,bits per held-out trace,0.0054747821194201865,-0.07875013582287246,0.09967122909236852,standardized rate difference: domain minus other domains,0.19523333809048093,False
reasoner,DeepSeek-R1 Distill 8B,idea,Idea,conversational,timing,Question_and_Answering,Question–answer,493,0.06184602397986504,0.028732723618409207,0.09462392320860166,0.000999000999000999,bits per held-out trace,-0.07012976498858692,-0.09289807623768187,-0.048102812700784904,conditional timing centroid difference: positive means later,0.0073772381464689155,True
reasoner,DeepSeek-R1 Distill 8B,idea,Idea,conversational,timing,Perspective_Shift,Perspective shift,493,0.08590415088836513,0.03489715763491562,0.13265565519542968,0.000999000999000999,bits per held-out trace,-0.07473631676974024,-0.08332031319340266,-0.06517845856002502,conditional timing centroid difference: positive means later,0.0073772381464689155,True
reasoner,DeepSeek-R1 Distill 8B,idea,Idea,conversational,timing,Conflict_of_Perspectives,Perspective conflict,493,-0.005549197680851087,-0.02165325688229445,0.010165349189629715,0.7682317682317682,bits per held-out trace,-0.034210759299435956,-0.055346043940873314,-0.015459886645171207,conditional timing centroid difference: positive means later,0.8286544915758399,False
reasoner,DeepSeek-R1 Distill 8B,idea,Idea,conversational,timing,Reconciliation,Reconciliation,493,0.06357650919989837,0.02540609441182325,0.10516719928495542,0.000999000999000999,bits per held-out trace,0.0424509757891508,0.02327309826476041,0.06220900143300569,conditional timing centroid difference: positive means later,0.0073772381464689155,True
reasoner,DeepSeek-R1 Distill 8B,safety,Safety,conversational,amount,Question_and_Answering,Question–answer,312,0.17320942525120692,0.10249831728636641,0.2466497898361119,0.000999000999000999,bits per held-out trace,0.8358467132516861,0.7026887504321093,0.9783160220470399,standardized rate difference: domain minus other domains,0.001510300722899148,True
reasoner,DeepSeek-R1 Distill 8B,safety,Safety,conversational,amount,Perspective_Shift,Perspective shift,312,0.2726151962518307,0.21752114716836812,0.32939927628015536,0.000999000999000999,bits per held-out trace,0.6024090966010165,0.5166072511670194,0.699200040768763,standardized rate difference: domain minus other domains,0.001510300722899148,True
reasoner,DeepSeek-R1 Distill 8B,safety,Safety,conversational,amount,Conflict_of_Perspectives,Perspective conflict,312,-0.05800715653057955,-0.08554882635066283,-0.03484452709786587,1.0,bits per held-out trace,-0.2030359402967164,-0.32096089450653686,-0.08168042572734076,standardized rate difference: domain minus other domains,1.0,False
reasoner,DeepSeek-R1 Distill 8B,safety,Safety,conversational,amount,Reconciliation,Reconciliation,312,0.018543583507322325,0.00032712355857180894,0.03571802531008155,0.024975024975024976,bits per held-out trace,0.32703586154784264,0.22617759989301975,0.43539854176321424,standardized rate difference: domain minus other domains,0.03196803196803197,True
reasoner,DeepSeek-R1 Distill 8B,safety,Safety,conversational,timing,Question_and_Answering,Question–answer,312,0.07784144642120025,0.019831520212229628,0.13242362634628596,0.005994005994005994,bits per held-out trace,-0.04747657599064159,-0.07921367111971751,-0.015039436996524653,conditional timing centroid difference: positive means later,0.028069491484125634,True
reasoner,DeepSeek-R1 Distill 8B,safety,Safety,conversational,timing,Perspective_Shift,Perspective shift,312,0.03816362717978792,-1.2111665966109424e-05,0.07733617987620717,0.017982017982017984,bits per held-out trace,-0.019213635494576997,-0.02985443063277423,-0.008153377951112324,conditional timing centroid difference: positive means later,0.062208062208062215,False
reasoner,DeepSeek-R1 Distill 8B,safety,Safety,conversational,timing,Conflict_of_Perspectives,Perspective conflict,312,0.030220001664542827,-0.006547563613937949,0.0659806619757556,0.054945054945054944,bits per held-out trace,-0.0657410664735757,-0.09624974343428919,-0.03893813782201057,conditional timing centroid difference: positive means later,0.14065934065934066,False
reasoner,DeepSeek-R1 Distill 8B,safety,Safety,conversational,timing,Reconciliation,Reconciliation,312,0.07604629951161977,0.021180860747117072,0.13279549453321693,0.005994005994005994,bits per held-out trace,0.10305179284921107,0.07903235897721339,0.12884747474885141,conditional timing centroid difference: positive means later,0.028069491484125634,True
reasoner,DeepSeek-R1 Distill 8B,security,Security,conversational,amount,Question_and_Answering,Question–answer,398,0.4848117696648011,0.39221492462169893,0.5807252779012944,0.000999000999000999,bits per held-out trace,-0.630812401969681,-0.689330946613285,-0.5741821333944774,standardized rate difference: domain minus other domains,0.001510300722899148,True
reasoner,DeepSeek-R1 Distill 8B,security,Security,conversational,amount,Perspective_Shift,Perspective shift,398,0.14298396773672328,0.08315657913274926,0.19371711387049248,0.000999000999000999,bits per held-out trace,-0.23237490294575516,-0.30861979249498983,-0.1563641550473454,standardized rate difference: domain minus other domains,0.001510300722899148,True
reasoner,DeepSeek-R1 Distill 8B,security,Security,conversational,amount,Conflict_of_Perspectives,Perspective conflict,398,0.003514735021743227,-0.024421125333901225,0.03153143451370291,0.4225774225774226,bits per held-out trace,-0.011380088119667921,-0.11919728188535518,0.0938211005397711,standardized rate difference: domain minus other domains,0.4545370595790764,False
reasoner,DeepSeek-R1 Distill 8B,security,Security,conversational,amount,Reconciliation,Reconciliation,398,0.05170643005852731,0.015299056806029785,0.08558599466660799,0.002997002997002997,bits per held-out trace,-0.1779937961781508,-0.25061960644083087,-0.0951541037182053,standardized rate difference: domain minus other domains,0.004392554010874622,True
reasoner,DeepSeek-R1 Distill 8B,security,Security,conversational,timing,Question_and_Answering,Question–answer,398,0.0035773176215803015,-0.014503869372916041,0.022149297073460635,0.3836163836163836,bits per held-out trace,-0.021782613364399017,-0.06124409713989932,0.01662113807863444,conditional timing centroid difference: positive means later,0.520525410984775,False
reasoner,DeepSeek-R1 Distill 8B,security,Security,conversational,timing,Perspective_Shift,Perspective shift,398,0.059855136816715275,0.01343814862569392,0.10144686200644111,0.008991008991008992,bits per held-out trace,0.055612732952352584,0.0420917950051994,0.07022210043124877,conditional timing centroid difference: positive means later,0.03752768970160275,True
reasoner,DeepSeek-R1 Distill 8B,security,Security,conversational,timing,Conflict_of_Perspectives,Perspective conflict,398,0.007422137720798878,-0.00773161501613874,0.021528068058783694,0.1798201798201798,bits per held-out trace,0.0864103018128568,0.06569652466833818,0.10695666144922862,conditional timing centroid difference: positive means later,0.311040311040311,False
reasoner,DeepSeek-R1 Distill 8B,security,Security,conversational,timing,Reconciliation,Reconciliation,398,0.03905314953655049,0.0028027459658853267,0.07694753723817352,0.03196803196803197,bits per held-out trace,0.0829557833118576,0.06014221637144016,0.10572053340043495,conditional timing centroid difference: positive means later,0.09516065330018818,False
reasoner,DeepSeek-R1 Distill 8B,math,Math,cognitive,amount,verification,Verification,498,0.4806156455774755,0.4156734499688923,0.5414092995213022,0.000999000999000999,bits per held-out trace,0.42372575040114796,0.31713014823877106,0.5282585997467322,standardized rate difference: domain minus other domains,0.001510300722899148,True
reasoner,DeepSeek-R1 Distill 8B,math,Math,cognitive,amount,backtracking,Backtracking,498,0.11561615229776086,0.08454929599876802,0.14581586571708754,0.000999000999000999,bits per held-out trace,-0.3935599101557092,-0.4573930096442847,-0.3270247310129215,standardized rate difference: domain minus other domains,0.001510300722899148,True
reasoner,DeepSeek-R1 Distill 8B,math,Math,cognitive,amount,subgoal,Subgoal setting,498,0.019157899603472486,-0.043401273655351576,0.0750312769137612,0.2827172827172827,bits per held-out trace,0.7841440655278749,0.6074059512875342,0.9605780411955621,standardized rate difference: domain minus other domains,0.31107001880640844,False
reasoner,DeepSeek-R1 Distill 8B,math,Math,cognitive,amount,backward_chaining,Backward chaining,498,-0.01854467484283534,-0.07647677147604562,0.011983219581700165,0.4985014985014985,bits per held-out trace,-0.04381590282412701,-0.15111085558181428,0.10980532076911728,standardized rate difference: domain minus other domains,0.5317349317349318,False
reasoner,DeepSeek-R1 Distill 8B,math,Math,cognitive,timing,verification,Verification,498,0.0068437620574471345,-0.007352577109995575,0.02098960244446659,0.1838161838161838,bits per held-out trace,0.03292079157443728,0.014926269202709456,0.05160953662924306,conditional timing centroid difference: positive means later,0.3137129537129537,False
reasoner,DeepSeek-R1 Distill 8B,math,Math,cognitive,timing,backtracking,Backtracking,498,0.0017929175583272818,-0.01738938813870297,0.01900281151914639,0.4275724275724276,bits per held-out trace,-0.05400992892488998,-0.08198787699638356,-0.02626934717071275,conditional timing centroid difference: positive means later,0.5642192858687705,False
reasoner,DeepSeek-R1 Distill 8B,math,Math,cognitive,timing,subgoal,Subgoal setting,498,0.01605797259209885,-0.016848108894051177,0.04348988094850172,0.15684315684315683,bits per held-out trace,-0.0380310212369504,-0.057684495343044775,-0.018652730148922377,conditional timing centroid difference: positive means later,0.281438187980244,False
reasoner,DeepSeek-R1 Distill 8B,math,Math,cognitive,timing,backward_chaining,Backward chaining,498,0.0056427650849427274,-0.007708560462838818,0.02152567494858189,0.23076923076923078,bits per held-out trace,-0.061532398411487,-0.16970704641124276,0.045911503309599117,conditional timing centroid difference: positive means later,0.3676986913501436,False
reasoner,DeepSeek-R1 Distill 8B,code,Code,cognitive,amount,verification,Verification,154,0.0807489148676796,0.03807229272860642,0.12088823006238374,0.000999000999000999,bits per held-out trace,0.6770754971343167,0.5595691154605534,0.8018454663271556,standardized rate difference: domain minus other domains,0.001510300722899148,True
reasoner,DeepSeek-R1 Distill 8B,code,Code,cognitive,amount,backtracking,Backtracking,154,0.11987115975730764,0.041760600428531254,0.18928862878141053,0.000999000999000999,bits per held-out trace,0.5023286076672965,0.39534311445480796,0.6168454033592735,standardized rate difference: domain minus other domains,0.001510300722899148,True
reasoner,DeepSeek-R1 Distill 8B,code,Code,cognitive,amount,subgoal,Subgoal setting,154,0.30983954138161585,0.21225571485882672,0.4022090136021927,0.000999000999000999,bits per held-out trace,-0.18249737215287098,-0.24919550652245184,-0.10972908149171241,standardized rate difference: domain minus other domains,0.001510300722899148,True
reasoner,DeepSeek-R1 Distill 8B,code,Code,cognitive,amount,backward_chaining,Backward chaining,154,0.02814230733842301,-0.0855205289948943,0.10983268661331187,0.31368631368631367,bits per held-out trace,-0.07159043450773256,-0.1739435568311319,0.05054073135063992,standardized rate difference: domain minus other domains,0.33931139283251954,False
reasoner,DeepSeek-R1 Distill 8B,code,Code,cognitive,timing,verification,Verification,154,0.013123000711706842,-0.005380208967120279,0.03255003786096854,0.0989010989010989,bits per held-out trace,-0.0645141058272305,-0.08552003616348149,-0.04282255731303731,conditional timing centroid difference: positive means later,0.2098233258454253,False
reasoner,DeepSeek-R1 Distill 8B,code,Code,cognitive,timing,backtracking,Backtracking,154,0.06708403794277226,0.011399733421640796,0.1262767354928113,0.00999000999000999,bits per held-out trace,-0.10292878341153394,-0.13023032110185456,-0.07788889404502435,conditional timing centroid difference: positive means later,0.04081025357621102,True
reasoner,DeepSeek-R1 Distill 8B,code,Code,cognitive,timing,subgoal,Subgoal setting,154,-0.013988010840763388,-0.06984796898906222,0.03567714603811641,0.6863136863136863,bits per held-out trace,0.11428787267414492,0.08538412950868482,0.14286570418809538,conditional timing centroid difference: positive means later,0.7705978232294022,False
reasoner,DeepSeek-R1 Distill 8B,code,Code,cognitive,timing,backward_chaining,Backward chaining,154,0.017114020747104167,-0.009267079541350627,0.0419416062296418,0.11188811188811189,bits per held-out trace,-0.0995515970091077,-0.21902223665779047,0.03387854093742308,conditional timing centroid difference: positive means later,0.22613176297386825,False
reasoner,DeepSeek-R1 Distill 8B,gpqa,GPQA,cognitive,amount,verification,Verification,484,0.030880734422285047,-0.006289983210833282,0.0659514349834938,0.054945054945054944,bits per held-out trace,0.5412711652677421,0.46254553742089244,0.6157001250370545,standardized rate difference: domain minus other domains,0.06719395254427102,False
reasoner,DeepSeek-R1 Distill 8B,gpqa,GPQA,cognitive,amount,backtracking,Backtracking,484,0.20729339632822824,0.1537588757117789,0.2583044100180395,0.000999000999000999,bits per held-out trace,0.9933844214297407,0.898489979691289,1.101990702023248,standardized rate difference: domain minus other domains,0.001510300722899148,True
reasoner,DeepSeek-R1 Distill 8B,gpqa,GPQA,cognitive,amount,subgoal,Subgoal setting,484,0.08431458795864329,-0.10436952572195834,0.22892030227059856,0.1918081918081918,bits per held-out trace,-0.5838046888077583,-0.6425503638463285,-0.5074019321005429,standardized rate difference: domain minus other domains,0.2159951485464682,False
reasoner,DeepSeek-R1 Distill 8B,gpqa,GPQA,cognitive,amount,backward_chaining,Backward chaining,484,0.0030270967343405415,-0.0036178809311994083,0.010130779038840711,0.18281718281718282,bits per held-out trace,0.18406332895849892,0.08931244273206874,0.280881410134263,standardized rate difference: domain minus other domains,0.2070849504477823,False
reasoner,DeepSeek-R1 Distill 8B,gpqa,GPQA,cognitive,timing,verification,Verification,484,-0.0030921358839500913,-0.01690055002682018,0.010684566428728528,0.6663336663336663,bits per held-out trace,-0.043301244977432596,-0.05930816760468385,-0.025434915931776377,conditional timing centroid difference: positive means later,0.7570181297991948,False
reasoner,DeepSeek-R1 Distill 8B,gpqa,GPQA,cognitive,timing,backtracking,Backtracking,484,0.006236632636448465,-0.005555307248993154,0.01950757980618872,0.19880119880119881,bits per held-out trace,-0.02388254080189456,-0.0445887615189836,-0.004641802079403681,conditional timing centroid difference: positive means later,0.3319115666941754,False
reasoner,DeepSeek-R1 Distill 8B,gpqa,GPQA,cognitive,timing,subgoal,Subgoal setting,484,0.024592931415213314,-0.0016979147316718104,0.05029738529238552,0.03296703296703297,bits per held-out trace,-0.0234212341501574,-0.04293781920584684,-0.00430346051444246,conditional timing centroid difference: positive means later,0.09737954353338969,False
reasoner,DeepSeek-R1 Distill 8B,gpqa,GPQA,cognitive,timing,backward_chaining,Backward chaining,484,-0.006210883695733911,-0.017317555792242707,0.004783503630652053,0.8641358641358642,bits per held-out trace,0.06498953439582855,0.0036901494588943997,0.12427485503883154,conditional timing centroid difference: positive means later,0.8964835703380178,False
reasoner,DeepSeek-R1 Distill 8B,planning,Planning,cognitive,amount,verification,Verification,458,0.40151240093847745,0.30910245808595055,0.5018007472916456,0.000999000999000999,bits per held-out trace,1.159356816741816,1.063887209599988,1.2473540364749767,standardized rate difference: domain minus other domains,0.001510300722899148,True
reasoner,DeepSeek-R1 Distill 8B,planning,Planning,cognitive,amount,backtracking,Backtracking,458,0.19485306993509957,0.08372811942359483,0.28738756886153294,0.000999000999000999,bits per held-out trace,-0.12082427147029784,-0.19674701498402836,-0.05292370784096594,standardized rate difference: domain minus other domains,0.001510300722899148,True
reasoner,DeepSeek-R1 Distill 8B,planning,Planning,cognitive,amount,subgoal,Subgoal setting,458,0.2226743885928573,0.11775674346592883,0.33443081360850735,0.000999000999000999,bits per held-out trace,-0.6451549705656693,-0.6927696472603103,-0.5957516003897989,standardized rate difference: domain minus other domains,0.001510300722899148,True
reasoner,DeepSeek-R1 Distill 8B,planning,Planning,cognitive,amount,backward_chaining,Backward chaining,458,0.018920603170522157,0.004731722024441368,0.03497600077771039,0.007992007992007992,bits per held-out trace,0.278563307974351,0.15902701122174848,0.4015744714253747,standardized rate difference: domain minus other domains,0.010999752935236806,True
reasoner,DeepSeek-R1 Distill 8B,planning,Planning,cognitive,timing,verification,Verification,458,0.009331115407240144,-0.0038128652445961345,0.02237184966473842,0.0939060939060939,bits per held-out trace,0.007856625767346026,-0.009374780827922626,0.025272588780419263,conditional timing centroid difference: positive means later,0.20605680034251464,False
reasoner,DeepSeek-R1 Distill 8B,planning,Planning,cognitive,timing,backtracking,Backtracking,458,0.01726087094235137,-0.008913915685697184,0.04251026886722278,0.0959040959040959,bits per held-out trace,0.04548646891589214,0.018171703591111015,0.0724247604092835,conditional timing centroid difference: positive means later,0.2068942293661395,False
reasoner,DeepSeek-R1 Distill 8B,planning,Planning,cognitive,timing,subgoal,Subgoal setting,458,0.0446680647851761,0.01751921463125922,0.07197017326874645,0.000999000999000999,bits per held-out trace,-0.12334364576433654,-0.14548149417716774,-0.10278126452465007,conditional timing centroid difference: positive means later,0.0073772381464689155,True
reasoner,DeepSeek-R1 Distill 8B,planning,Planning,cognitive,timing,backward_chaining,Backward chaining,458,-0.002671533202405783,-0.013453058782949556,0.008112365608889458,0.6603396603396603,bits per held-out trace,-0.06111604128368303,-0.1285742255606873,0.004098151289861522,conditional timing centroid difference: positive means later,0.7524345091110669,False
reasoner,DeepSeek-R1 Distill 8B,moral,Moral,cognitive,amount,verification,Verification,500,0.7359751268616235,0.6731039787733029,0.7913308788181188,0.000999000999000999,bits per held-out trace,-1.1557043273690033,-1.1928245664318553,-1.1169089395584926,standardized rate difference: domain minus other domains,0.001510300722899148,True
reasoner,DeepSeek-R1 Distill 8B,moral,Moral,cognitive,amount,backtracking,Backtracking,500,0.2991632270289623,0.24310644216138275,0.3470391716639815,0.000999000999000999,bits per held-out trace,-0.9104639282451586,-0.9524284516587563,-0.86900580510425,standardized rate difference: domain minus other domains,0.001510300722899148,True
reasoner,DeepSeek-R1 Distill 8B,moral,Moral,cognitive,amount,subgoal,Subgoal setting,500,0.1038493293201602,0.07727452043815877,0.1301154148359929,0.000999000999000999,bits per held-out trace,0.42852607230159845,0.3621882274175369,0.49313154133506254,standardized rate difference: domain minus other domains,0.001510300722899148,True
reasoner,DeepSeek-R1 Distill 8B,moral,Moral,cognitive,amount,backward_chaining,Backward chaining,500,0.04195045380152534,0.022609886875133642,0.05495320558861237,0.000999000999000999,bits per held-out trace,-0.25626770189147347,-0.29554394032417847,-0.22060887442260155,standardized rate difference: domain minus other domains,0.001510300722899148,True
reasoner,DeepSeek-R1 Distill 8B,moral,Moral,cognitive,timing,verification,Verification,500,0.012462156527396967,0.004593179839892376,0.021540562431374585,0.000999000999000999,bits per held-out trace,0.1258648253462099,0.06626948543846062,0.18599841505742568,conditional timing centroid difference: positive means later,0.0073772381464689155,True
reasoner,DeepSeek-R1 Distill 8B,moral,Moral,cognitive,timing,backtracking,Backtracking,500,0.058406498508839916,0.038453718501719004,0.07982123898876899,0.000999000999000999,bits per held-out trace,0.24706469181879043,0.20092431262504873,0.2922150076565244,conditional timing centroid difference: positive means later,0.0073772381464689155,True
reasoner,DeepSeek-R1 Distill 8B,moral,Moral,cognitive,timing,subgoal,Subgoal setting,500,0.06396572991045764,0.024091094937681773,0.10389353796579777,0.000999000999000999,bits per held-out trace,0.13214020246248254,0.11185846064403766,0.14965786119946714,conditional timing centroid difference: positive means later,0.0073772381464689155,True
reasoner,DeepSeek-R1 Distill 8B,moral,Moral,cognitive,timing,backward_chaining,Backward chaining,500,0.004114869316834452,0.0005519283517274385,0.009391787708400419,0.004995004995004995,bits per held-out trace,,,,conditional timing centroid difference: positive means later,0.02491015478028465,True
reasoner,DeepSeek-R1 Distill 8B,idea,Idea,cognitive,amount,verification,Verification,493,0.2411716142370179,0.20463154282443655,0.27653828031589456,0.000999000999000999,bits per held-out trace,-0.2138554194327459,-0.27638123032093925,-0.14713481524122266,standardized rate difference: domain minus other domains,0.001510300722899148,True
reasoner,DeepSeek-R1 Distill 8B,idea,Idea,cognitive,amount,backtracking,Backtracking,493,0.5382528239123207,0.4396231599999912,0.6308844132341415,0.000999000999000999,bits per held-out trace,0.7423475702862251,0.6349140199212594,0.8565515648002432,standardized rate difference: domain minus other domains,0.001510300722899148,True
reasoner,DeepSeek-R1 Distill 8B,idea,Idea,cognitive,amount,subgoal,Subgoal setting,493,0.18116660233088344,0.15234612775229286,0.20881308947763927,0.000999000999000999,bits per held-out trace,0.17497992621621652,0.11893192659093609,0.23255669515508595,standardized rate difference: domain minus other domains,0.001510300722899148,True
reasoner,DeepSeek-R1 Distill 8B,idea,Idea,cognitive,amount,backward_chaining,Backward chaining,493,0.0065478896144837056,-0.012409833848090713,0.020566155268090587,0.2597402597402597,bits per held-out trace,-0.1777009131007047,-0.227227875802081,-0.12585103382627782,standardized rate difference: domain minus other domains,0.2874359070324488,False
reasoner,DeepSeek-R1 Distill 8B,idea,Idea,cognitive,timing,verification,Verification,493,0.01818651545483484,-0.00803188790681084,0.043163890162606015,0.06593406593406594,bits per held-out trace,0.027981232032953995,0.006196613874131374,0.05132606556759006,conditional timing centroid difference: positive means later,0.16126548610625047,False
reasoner,DeepSeek-R1 Distill 8B,idea,Idea,cognitive,timing,backtracking,Backtracking,493,0.047098957799728045,0.01742691300047122,0.07342814229139781,0.002997002997002997,bits per held-out trace,-0.10132188061192365,-0.12640890187245143,-0.07610122866863585,conditional timing centroid difference: positive means later,0.016924252218369868,True
reasoner,DeepSeek-R1 Distill 8B,idea,Idea,cognitive,timing,subgoal,Subgoal setting,493,0.08252349434424405,0.04623888586095879,0.11710212136389095,0.000999000999000999,bits per held-out trace,0.08533894922059443,0.06889539286122541,0.10147128539434555,conditional timing centroid difference: positive means later,0.0073772381464689155,True
reasoner,DeepSeek-R1 Distill 8B,idea,Idea,cognitive,timing,backward_chaining,Backward chaining,493,-0.0033293741473484247,-0.010871205101869516,0.00389201443636908,0.7952047952047953,bits per held-out trace,0.07422364431346029,-0.07156660654617124,0.2175382475985926,conditional timing centroid difference: positive means later,0.8469314618899105,False
reasoner,DeepSeek-R1 Distill 8B,safety,Safety,cognitive,amount,verification,Verification,312,0.4316321557500319,0.34109284706265247,0.5275595627019455,0.000999000999000999,bits per held-out trace,-0.9584798466940024,-1.0077197079437255,-0.9099312843221864,standardized rate difference: domain minus other domains,0.001510300722899148,True
reasoner,DeepSeek-R1 Distill 8B,safety,Safety,cognitive,amount,backtracking,Backtracking,312,-0.035319601112898814,-0.10673675561402807,0.020889849925546974,0.8721278721278721,bits per held-out trace,-0.4853655415127178,-0.5655563438581901,-0.4029949376799815,standardized rate difference: domain minus other domains,0.8813081655186918,False
reasoner,DeepSeek-R1 Distill 8B,safety,Safety,cognitive,amount,subgoal,Subgoal setting,312,0.11862468886879303,0.04508462348108905,0.19566327715464718,0.002997002997002997,bits per held-out trace,0.471882462672362,0.3739661975904363,0.5724363280986349,standardized rate difference: domain minus other domains,0.004392554010874622,True
reasoner,DeepSeek-R1 Distill 8B,safety,Safety,cognitive,amount,backward_chaining,Backward chaining,312,-0.0006757489316764806,-0.006579390881734577,0.006459632655960038,0.5794205794205795,bits per held-out trace,-0.14675511550699324,-0.21239524111071634,-0.0823688173152208,standardized rate difference: domain minus other domains,0.6062602247888352,False
reasoner,DeepSeek-R1 Distill 8B,safety,Safety,cognitive,timing,verification,Verification,312,0.007434065891609528,-0.028907674416995655,0.04294219777438758,0.34465534465534464,bits per held-out trace,-0.050454995340939,-0.12630186754741768,0.023693036941218073,conditional timing centroid difference: positive means later,0.48836772084004554,False
reasoner,DeepSeek-R1 Distill 8B,safety,Safety,cognitive,timing,backtracking,Backtracking,312,-0.019567443339067014,-0.05599915436060172,0.01289643211394297,0.8611388611388612,bits per held-out trace,0.11098564012043433,0.05218694599658956,0.16759514352660299,conditional timing centroid difference: positive means later,0.8961445059006036,False
reasoner,DeepSeek-R1 Distill 8B,safety,Safety,cognitive,timing,subgoal,Subgoal setting,312,0.07079850872787911,0.030392884000291564,0.10912617771083502,0.000999000999000999,bits per held-out trace,0.044301505456500745,0.018583406509939598,0.06855981867409548,conditional timing centroid difference: positive means later,0.0073772381464689155,True
reasoner,DeepSeek-R1 Distill 8B,safety,Safety,cognitive,timing,backward_chaining,Backward chaining,312,0.005448783697546965,-0.016363017664364134,0.029915938894124024,0.36063936063936064,bits per held-out trace,-0.08909456429535628,-0.2883239333519742,0.11332612445553705,conditional timing centroid difference: positive means later,0.4999477057238791,False
reasoner,DeepSeek-R1 Distill 8B,security,Security,cognitive,amount,verification,Verification,398,0.18684541523847475,0.12183244378601749,0.2457635018458383,0.000999000999000999,bits per held-out trace,-0.310472581328487,-0.39023171173258375,-0.23131854849828054,standardized rate difference: domain minus other domains,0.001510300722899148,True
reasoner,DeepSeek-R1 Distill 8B,security,Security,cognitive,amount,backtracking,Backtracking,398,0.07308300795460938,0.04474386124569755,0.09962431803912138,0.000999000999000999,bits per held-out trace,-0.1653853442309996,-0.25978352483482,-0.0684406334423001,standardized rate difference: domain minus other domains,0.001510300722899148,True
reasoner,DeepSeek-R1 Distill 8B,security,Security,cognitive,amount,subgoal,Subgoal setting,398,0.4325242442611763,0.34282369053892625,0.5179820312508221,0.000999000999000999,bits per held-out trace,-0.5647641192028797,-0.6130177731394935,-0.5146912808911492,standardized rate difference: domain minus other domains,0.001510300722899148,True
reasoner,DeepSeek-R1 Distill 8B,security,Security,cognitive,amount,backward_chaining,Backward chaining,398,0.024043474850967746,-0.000810567867805274,0.053593130872130634,0.056943056943056944,bits per held-out trace,0.1938248572631994,0.07272582652621894,0.3442681900174057,standardized rate difference: domain minus other domains,0.06941629798772656,False
reasoner,DeepSeek-R1 Distill 8B,security,Security,cognitive,timing,verification,Verification,398,0.0038447985532350237,-0.010719548677262549,0.018547940755964897,0.3116883116883117,bits per held-out trace,-0.004691754926330671,-0.033499314323581365,0.022106108846623514,conditional timing centroid difference: positive means later,0.4618151079689542,False
reasoner,DeepSeek-R1 Distill 8B,security,Security,cognitive,timing,backtracking,Backtracking,398,0.025736185735466974,0.0016959218898671708,0.04813184767930262,0.01898101898101898,bits per held-out trace,0.07883186401492259,0.04648102972075209,0.11534304808108028,conditional timing centroid difference: positive means later,0.06393606393606394,False
reasoner,DeepSeek-R1 Distill 8B,security,Security,cognitive,timing,subgoal,Subgoal setting,398,0.04168858295053291,0.0013099031016170488,0.0815167713627525,0.03396603396603397,bits per held-out trace,-0.13831920996906957,-0.16283384563961245,-0.11506284773363143,conditional timing centroid difference: positive means later,0.09956455757982476,False
reasoner,DeepSeek-R1 Distill 8B,security,Security,cognitive,timing,backward_chaining,Backward chaining,398,0.00805940335928117,-0.008043393490588049,0.023719442689674256,0.17882117882117882,bits per held-out trace,0.06958077148904551,-0.0199857557766885,0.15742487681976086,conditional timing centroid difference: positive means later,0.31071191252186725,False
gemma4_e4b,Gemma 4 E4B,math,Math,conversational,amount,Question_and_Answering,Question–answer,485,0.2837959068902343,0.1756001368059512,0.37413603904995424,0.000999000999000999,bits per held-out trace,-0.5123112500345691,-0.5744656860434796,-0.4508752421099974,standardized rate difference: domain minus other domains,0.001510300722899148,True
gemma4_e4b,Gemma 4 E4B,math,Math,conversational,amount,Perspective_Shift,Perspective shift,485,-0.0024164545479527545,-0.02895830353471946,0.02451115470490325,0.5674325674325674,bits per held-out trace,0.0421579776659178,-0.0826133195318634,0.16152746372350318,standardized rate difference: domain minus other domains,0.5953390871423658,False
gemma4_e4b,Gemma 4 E4B,math,Math,conversational,amount,Conflict_of_Perspectives,Perspective conflict,485,0.2987151805279104,0.21625357241527873,0.37224392365309694,0.000999000999000999,bits per held-out trace,-0.7017820134205409,-0.7727282992739943,-0.6261864395027573,standardized rate difference: domain minus other domains,0.001510300722899148,True
gemma4_e4b,Gemma 4 E4B,math,Math,conversational,amount,Reconciliation,Reconciliation,485,0.02021125735870411,-0.0024161594005190122,0.03941209472905895,0.03896103896103896,bits per held-out trace,-0.22782929836617072,-0.31887305515771286,-0.13536642816105032,standardized rate difference: domain minus other domains,0.049376366208049374,False
gemma4_e4b,Gemma 4 E4B,math,Math,conversational,timing,Question_and_Answering,Question–answer,485,-0.005901826311351137,-0.021314512521824345,0.009977583725210633,0.7732267732267732,bits per held-out trace,0.051246642546873944,-0.00926688085948997,0.10206099560442214,conditional timing centroid difference: positive means later,0.8317061090170333,False
gemma4_e4b,Gemma 4 E4B,math,Math,conversational,timing,Perspective_Shift,Perspective shift,485,0.0296393183646397,-0.0048793238195249,0.06392110519261629,0.04995004995004995,bits per held-out trace,-0.02978206594360111,-0.049939066340480814,-0.010565498710662763,conditional timing centroid difference: positive means later,0.1296001296001296,False
gemma4_e4b,Gemma 4 E4B,math,Math,conversational,timing,Conflict_of_Perspectives,Perspective conflict,485,0.047288786553056975,0.019938567159951643,0.0751136882940987,0.000999000999000999,bits per held-out trace,-0.1192028728045822,-0.1687653020234997,-0.07363235576219271,conditional timing centroid difference: positive means later,0.0073772381464689155,True
gemma4_e4b,Gemma 4 E4B,math,Math,conversational,timing,Reconciliation,Reconciliation,485,0.028823897660289026,0.011438898588025378,0.048020172838382,0.001998001998001998,bits per held-out trace,0.027719040624317293,-0.006934881745738991,0.06087274635527187,conditional timing centroid difference: positive means later,0.012178297892583607,True
gemma4_e4b,Gemma 4 E4B,code,Code,conversational,amount,Question_and_Answering,Question–answer,175,0.11372545964845908,0.0644419274276729,0.15602232787752582,0.000999000999000999,bits per held-out trace,-0.5480727930916839,-0.5906360705460039,-0.503678501836533,standardized rate difference: domain minus other domains,0.001510300722899148,True
gemma4_e4b,Gemma 4 E4B,code,Code,conversational,amount,Perspective_Shift,Perspective shift,175,0.04737660199082764,0.024748992243779726,0.06725447651201014,0.000999000999000999,bits per held-out trace,-0.579167341073065,-0.6358555271146372,-0.5263536918593545,standardized rate difference: domain minus other domains,0.001510300722899148,True
gemma4_e4b,Gemma 4 E4B,code,Code,conversational,amount,Conflict_of_Perspectives,Perspective conflict,175,0.15071332951178998,0.09839872309964014,0.20470346039506782,0.000999000999000999,bits per held-out trace,-0.41504195087743784,-0.49922946593728545,-0.3306021819860548,standardized rate difference: domain minus other domains,0.001510300722899148,True
gemma4_e4b,Gemma 4 E4B,code,Code,conversational,amount,Reconciliation,Reconciliation,175,0.08152705219666373,0.04055943963312037,0.1210551791554952,0.000999000999000999,bits per held-out trace,-0.3958998290895028,-0.4617939108742045,-0.3246520758946828,standardized rate difference: domain minus other domains,0.001510300722899148,True
gemma4_e4b,Gemma 4 E4B,code,Code,conversational,timing,Question_and_Answering,Question–answer,175,0.033353087933654005,-0.008720245207121936,0.0757953436164809,0.04695304695304695,bits per held-out trace,-0.18039623505922653,-0.24108149183752114,-0.12363204513955824,conditional timing centroid difference: positive means later,0.1226528573467349,False
gemma4_e4b,Gemma 4 E4B,code,Code,conversational,timing,Perspective_Shift,Perspective shift,175,0.04918768967537129,-0.006427897749552914,0.10395715804858023,0.03596403596403597,bits per held-out trace,-0.08927218064865666,-0.10658206748934035,-0.07007583820598697,conditional timing centroid difference: positive means later,0.10306111798649113,False
gemma4_e4b,Gemma 4 E4B,code,Code,conversational,timing,Conflict_of_Perspectives,Perspective conflict,175,0.038369098896871595,0.0017725775764194246,0.07587671964155174,0.013986013986013986,bits per held-out trace,-0.20449316141973856,-0.24096668542416627,-0.16357948012801785,conditional timing centroid difference: positive means later,0.053706293706293706,False
gemma4_e4b,Gemma 4 E4B,code,Code,conversational,timing,Reconciliation,Reconciliation,175,0.046110652916188086,0.004710612357338798,0.08753418766172277,0.024975024975024976,bits per held-out trace,-0.22362598487413954,-0.2636844935114632,-0.1830761935147447,conditional timing centroid difference: positive means later,0.0792595833918148,False
gemma4_e4b,Gemma 4 E4B,gpqa,GPQA,conversational,amount,Question_and_Answering,Question–answer,500,0.16536580409322987,0.09435661382978244,0.22651628271724647,0.000999000999000999,bits per held-out trace,-0.5324704416815518,-0.5817059628961507,-0.4783255450037608,standardized rate difference: domain minus other domains,0.001510300722899148,True
gemma4_e4b,Gemma 4 E4B,gpqa,GPQA,conversational,amount,Perspective_Shift,Perspective shift,500,0.024025591224149614,0.009872811709445168,0.0367626350889086,0.000999000999000999,bits per held-out trace,0.15465605111344505,0.0832007237102181,0.22299016092160837,standardized rate difference: domain minus other domains,0.001510300722899148,True
gemma4_e4b,Gemma 4 E4B,gpqa,GPQA,conversational,amount,Conflict_of_Perspectives,Perspective conflict,500,0.0375855552934791,0.0023992031341124446,0.0687194630319763,0.005994005994005994,bits per held-out trace,0.43914954970922726,0.3352725747928679,0.5416306818955204,standardized rate difference: domain minus other domains,0.008431129310250191,True
gemma4_e4b,Gemma 4 E4B,gpqa,GPQA,conversational,amount,Reconciliation,Reconciliation,500,0.032648882739179895,0.013925652628204587,0.04984649459261615,0.000999000999000999,bits per held-out trace,0.4338739317837586,0.34293102105729023,0.5227247887562537,standardized rate difference: domain minus other domains,0.001510300722899148,True
gemma4_e4b,Gemma 4 E4B,gpqa,GPQA,conversational,timing,Question_and_Answering,Question–answer,500,0.003994684160014512,-0.00913829296301759,0.016670401126358998,0.2677322677322677,bits per held-out trace,0.014823068030712983,-0.035096958458383724,0.06326687901375183,conditional timing centroid difference: positive means later,0.41123676323676317,False
gemma4_e4b,Gemma 4 E4B,gpqa,GPQA,conversational,timing,Perspective_Shift,Perspective shift,500,0.038707471240923025,0.008891830214480919,0.0669152879785874,0.002997002997002997,bits per held-out trace,-0.05799569463521104,-0.07264230292063525,-0.04155318895450015,conditional timing centroid difference: positive means later,0.016924252218369868,True
gemma4_e4b,Gemma 4 E4B,gpqa,GPQA,conversational,timing,Conflict_of_Perspectives,Perspective conflict,500,-0.00035112619676336943,-0.010605086068003198,0.008270898969649117,0.5624375624375625,bits per held-out trace,-0.029712954114789247,-0.05900599741073943,-0.0022033032502020433,conditional timing centroid difference: positive means later,0.6813123784732619,False
gemma4_e4b,Gemma 4 E4B,gpqa,GPQA,conversational,timing,Reconciliation,Reconciliation,500,0.023715617461580015,-0.0052681812946889645,0.05591704685081782,0.06893106893106893,bits per held-out trace,0.05281019912110807,0.027047756431519666,0.0770614381194228,conditional timing centroid difference: positive means later,0.16507129234401963,False
gemma4_e4b,Gemma 4 E4B,planning,Planning,conversational,amount,Question_and_Answering,Question–answer,500,0.09033284207659746,0.04802517123328265,0.13157101419092063,0.000999000999000999,bits per held-out trace,0.08709448332751524,-0.0026423439587377104,0.18581034404377467,standardized rate difference: domain minus other domains,0.001510300722899148,True
gemma4_e4b,Gemma 4 E4B,planning,Planning,conversational,amount,Perspective_Shift,Perspective shift,500,0.06247103104546758,0.036770438028106756,0.08862578222445461,0.000999000999000999,bits per held-out trace,-0.4309335729733371,-0.4897421010605938,-0.37312423975532566,standardized rate difference: domain minus other domains,0.001510300722899148,True
gemma4_e4b,Gemma 4 E4B,planning,Planning,conversational,amount,Conflict_of_Perspectives,Perspective conflict,500,0.06468209750328348,-0.011448332938095706,0.11657812003713118,0.007992007992007992,bits per held-out trace,-0.4313249818265586,-0.5019884576011181,-0.3482946811934606,standardized rate difference: domain minus other domains,0.010999752935236806,False
gemma4_e4b,Gemma 4 E4B,planning,Planning,conversational,amount,Reconciliation,Reconciliation,500,0.01594358188719848,-0.002819482296266783,0.03281334571464645,0.03996003996003996,bits per held-out trace,-0.2921685459074033,-0.3624701823181923,-0.2226936154116666,standardized rate difference: domain minus other domains,0.050145932498873676,False
gemma4_e4b,Gemma 4 E4B,planning,Planning,conversational,timing,Question_and_Answering,Question–answer,500,-0.002440431097109175,-0.01767398939715876,0.012815982774845506,0.5974025974025974,bits per held-out trace,0.01754919288044532,-0.01785362002157862,0.053059065145689324,conditional timing centroid difference: positive means later,0.7058541458541459,False
gemma4_e4b,Gemma 4 E4B,planning,Planning,conversational,timing,Perspective_Shift,Perspective shift,500,0.03825689551464784,0.01016980009940163,0.06597068294006316,0.006993006993006993,bits per held-out trace,0.04848024610853374,0.030689642000617693,0.06444846553435513,conditional timing centroid difference: positive means later,0.03159193747429042,True
gemma4_e4b,Gemma 4 E4B,planning,Planning,conversational,timing,Conflict_of_Perspectives,Perspective conflict,500,-0.007105939287279735,-0.02788666919325067,0.013508931714999063,0.7412587412587412,bits per held-out trace,0.02594724892347333,-0.005818309641994681,0.060339594436219265,conditional timing centroid difference: positive means later,0.8063551179698488,False
gemma4_e4b,Gemma 4 E4B,planning,Planning,conversational,timing,Reconciliation,Reconciliation,500,0.00973898800636818,-0.005978648115565281,0.026719605397321745,0.13086913086913088,bits per held-out trace,0.01525884442120895,-0.015645262345790698,0.04504477392732831,conditional timing centroid difference: positive means later,0.2487809220482488,False
gemma4_e4b,Gemma 4 E4B,moral,Moral,conversational,amount,Question_and_Answering,Question–answer,500,0.1576989854862459,0.09161851300030022,0.22395392287601656,0.000999000999000999,bits per held-out trace,0.2988183845858605,0.18852503223385136,0.40725920340978117,standardized rate difference: domain minus other domains,0.001510300722899148,True
gemma4_e4b,Gemma 4 E4B,moral,Moral,conversational,amount,Perspective_Shift,Perspective shift,500,0.034780950934311154,-0.00360097207589257,0.06968391783140658,0.03996003996003996,bits per held-out trace,-0.507475443276628,-0.6291032738126328,-0.39146124673389476,standardized rate difference: domain minus other domains,0.050145932498873676,False
gemma4_e4b,Gemma 4 E4B,moral,Moral,conversational,amount,Conflict_of_Perspectives,Perspective conflict,500,0.007737589694151484,-0.003177217102901057,0.017597689465698053,0.08191808191808192,bits per held-out trace,-0.16015621392049775,-0.25752757100866197,-0.05827738951697034,standardized rate difference: domain minus other domains,0.09799546248144379,False
gemma4_e4b,Gemma 4 E4B,moral,Moral,conversational,amount,Reconciliation,Reconciliation,500,0.030040456561235482,0.0065634462057046995,0.054852860273833015,0.00999000999000999,bits per held-out trace,0.12826229778204318,0.0021775586157398497,0.26511647339736943,standardized rate difference: domain minus other domains,0.013603417858737006,True
gemma4_e4b,Gemma 4 E4B,moral,Moral,conversational,timing,Question_and_Answering,Question–answer,500,0.008417333326877692,-0.0019469988905735794,0.019669541436671177,0.06893106893106893,bits per held-out trace,0.09841518262153393,0.05852677912423436,0.13699647759278416,conditional timing centroid difference: positive means later,0.16507129234401963,False
gemma4_e4b,Gemma 4 E4B,moral,Moral,conversational,timing,Perspective_Shift,Perspective shift,500,0.039563190191053886,0.013302949189155996,0.06468036474515988,0.003996003996003996,bits per held-out trace,0.05019372402947386,0.018640652453580243,0.0800602970070953,conditional timing centroid difference: positive means later,0.021612190626275132,True
gemma4_e4b,Gemma 4 E4B,moral,Moral,conversational,timing,Conflict_of_Perspectives,Perspective conflict,500,0.022318747877808805,0.0011160414619302244,0.04392357136989336,0.023976023976023976,bits per held-out trace,0.2087946921368432,0.17656320005851286,0.24286169647632272,conditional timing centroid difference: positive means later,0.07802367124401023,False
gemma4_e4b,Gemma 4 E4B,moral,Moral,conversational,timing,Reconciliation,Reconciliation,500,0.052474587977590456,0.018179201467566762,0.08682903718111903,0.000999000999000999,bits per held-out trace,0.027254903769735828,-0.0022357627024986114,0.05815666068553611,conditional timing centroid difference: positive means later,0.0073772381464689155,True
gemma4_e4b,Gemma 4 E4B,idea,Idea,conversational,amount,Question_and_Answering,Question–answer,500,0.6774211994438357,0.6132572616321086,0.7416072163443305,0.000999000999000999,bits per held-out trace,1.4268509422712898,1.3362672591005003,1.5256697279746345,standardized rate difference: domain minus other domains,0.001510300722899148,True
gemma4_e4b,Gemma 4 E4B,idea,Idea,conversational,amount,Perspective_Shift,Perspective shift,500,0.1761584794717884,0.14360164957754076,0.20966315778689357,0.000999000999000999,bits per held-out trace,0.8973189314530801,0.8263052124329288,0.9712473501540876,standardized rate difference: domain minus other domains,0.001510300722899148,True
gemma4_e4b,Gemma 4 E4B,idea,Idea,conversational,amount,Conflict_of_Perspectives,Perspective conflict,500,0.18128254104607427,0.13783877941392472,0.22899593456349143,0.000999000999000999,bits per held-out trace,0.586417562496861,0.49448026018510227,0.6776350631253424,standardized rate difference: domain minus other domains,0.001510300722899148,True
gemma4_e4b,Gemma 4 E4B,idea,Idea,conversational,amount,Reconciliation,Reconciliation,500,0.014597898560032742,0.0015770538184536641,0.02664936488853841,0.02097902097902098,bits per held-out trace,-0.12087886950649025,-0.2134237184253912,-0.028741293569996218,standardized rate difference: domain minus other domains,0.0271243907607544,True
gemma4_e4b,Gemma 4 E4B,idea,Idea,conversational,timing,Question_and_Answering,Question–answer,500,-0.0019059892968174292,-0.021046397776899622,0.016407957828476333,0.5684315684315684,bits per held-out trace,-0.07668137480050385,-0.10624914748588095,-0.04780256743941638,conditional timing centroid difference: positive means later,0.6842561826887845,False
gemma4_e4b,Gemma 4 E4B,idea,Idea,conversational,timing,Perspective_Shift,Perspective shift,500,0.1228327165931793,0.06869925668997703,0.1726673271594277,0.000999000999000999,bits per held-out trace,-0.021956100280733026,-0.03427852148832572,-0.008547229393075726,conditional timing centroid difference: positive means later,0.0073772381464689155,True
gemma4_e4b,Gemma 4 E4B,idea,Idea,conversational,timing,Conflict_of_Perspectives,Perspective conflict,500,0.014615747486326719,-0.004305926848820844,0.032617484097022954,0.06693306693306693,bits per held-out trace,-0.03352713879247238,-0.058856153664190114,-0.008045026571558365,conditional timing centroid difference: positive means later,0.16267277026770696,False
gemma4_e4b,Gemma 4 E4B,idea,Idea,conversational,timing,Reconciliation,Reconciliation,500,0.0527090967330741,0.017216661189749228,0.09216236344470723,0.004995004995004995,bits per held-out trace,-0.10562901640063271,-0.13428092227036387,-0.07608186566584361,conditional timing centroid difference: positive means later,0.02491015478028465,True
gemma4_e4b,Gemma 4 E4B,safety,Safety,conversational,amount,Question_and_Answering,Question–answer,57,-0.038535311762395254,-0.3597769361550777,0.14402758946692992,0.5184815184815185,bits per held-out trace,-0.45137125330962097,-0.5829766857316608,-0.2792724932135697,standardized rate difference: domain minus other domains,0.5484763170713584,False
gemma4_e4b,Gemma 4 E4B,safety,Safety,conversational,amount,Perspective_Shift,Perspective shift,57,0.043545766795248804,-0.013298702692535967,0.09564588808940519,0.04595404595404595,bits per held-out trace,-0.05948317686990023,-0.36328720230180084,0.23919891778245497,standardized rate difference: domain minus other domains,0.05692372143985047,False
gemma4_e4b,Gemma 4 E4B,safety,Safety,conversational,amount,Conflict_of_Perspectives,Perspective conflict,57,0.053679299041306944,-0.044054434603055685,0.1420427385075027,0.11188811188811189,bits per held-out trace,0.24730742036972084,0.02051307484007136,0.48242045123921734,standardized rate difference: domain minus other domains,0.13179458578231584,False
gemma4_e4b,Gemma 4 E4B,safety,Safety,conversational,amount,Reconciliation,Reconciliation,57,-0.026264447827991918,-0.09933115120467473,0.06008148478601197,0.7322677322677322,bits per held-out trace,0.2476347995991606,-0.11947960692164297,0.6275530511397915,standardized rate difference: domain minus other domains,0.7518470833978855,False
gemma4_e4b,Gemma 4 E4B,safety,Safety,conversational,timing,Question_and_Answering,Question–answer,57,0.07141784545333181,-0.0017008659727534062,0.16263416944340353,0.04295704295704296,bits per held-out trace,0.30958267927734395,0.16063040808693363,0.41884939300459445,conditional timing centroid difference: positive means later,0.11535317829024125,False
gemma4_e4b,Gemma 4 E4B,safety,Safety,conversational,timing,Perspective_Shift,Perspective shift,57,0.08757583034695789,-0.03955057842480136,0.21664997951736414,0.12287712287712288,bits per held-out trace,0.22158823639899494,0.15069812119240308,0.2873622339994189,conditional timing centroid difference: positive means later,0.23951682834931567,False
gemma4_e4b,Gemma 4 E4B,safety,Safety,conversational,timing,Conflict_of_Perspectives,Perspective conflict,57,0.15207354620398006,-0.030284555904160737,0.3286554750932904,0.04295704295704296,bits per held-out trace,0.32883220792193646,0.26655823513117505,0.3739703331381232,conditional timing centroid difference: positive means later,0.11535317829024125,False
gemma4_e4b,Gemma 4 E4B,safety,Safety,conversational,timing,Reconciliation,Reconciliation,57,0.1108369362964191,0.04455255198449525,0.22165393827522856,0.000999000999000999,bits per held-out trace,0.1940554293396305,0.10838997016749834,0.2426827900368614,conditional timing centroid difference: positive means later,0.0073772381464689155,True
gemma4_e4b,Gemma 4 E4B,security,Security,conversational,amount,Question_and_Answering,Question–answer,500,0.23508670062823106,0.1264003335972069,0.324215101503698,0.000999000999000999,bits per held-out trace,-0.5059906860818464,-0.5637476442854186,-0.4440850706047985,standardized rate difference: domain minus other domains,0.001510300722899148,True
gemma4_e4b,Gemma 4 E4B,security,Security,conversational,amount,Perspective_Shift,Perspective shift,500,0.01013515602763697,-0.007913410844636388,0.027356763454845678,0.12887112887112886,bits per held-out trace,0.0801577585793972,0.0008567595675534874,0.15569650177834224,standardized rate difference: domain minus other domains,0.14950608304082624,False
gemma4_e4b,Gemma 4 E4B,security,Security,conversational,amount,Conflict_of_Perspectives,Perspective conflict,500,0.04158863793376345,0.010021884020651567,0.07554298219898209,0.007992007992007992,bits per held-out trace,0.3802517894041222,0.28559721718524017,0.4810768781727037,standardized rate difference: domain minus other domains,0.010999752935236806,True
gemma4_e4b,Gemma 4 E4B,security,Security,conversational,amount,Reconciliation,Reconciliation,500,0.026844406722495495,0.017457405257255594,0.03671012086949486,0.000999000999000999,bits per held-out trace,0.19543210659386961,0.12161661941722275,0.27802414491805333,standardized rate difference: domain minus other domains,0.001510300722899148,True
gemma4_e4b,Gemma 4 E4B,security,Security,conversational,timing,Question_and_Answering,Question–answer,500,0.02164278228857888,0.007769244998011365,0.03654464068441018,0.000999000999000999,bits per held-out trace,0.04190214886666477,-0.01068890955595201,0.09104168886271927,conditional timing centroid difference: positive means later,0.0073772381464689155,True
gemma4_e4b,Gemma 4 E4B,security,Security,conversational,timing,Perspective_Shift,Perspective shift,500,0.11876441152777296,0.07187614264917112,0.16937184015881843,0.000999000999000999,bits per held-out trace,0.03723971471644982,0.02081296280198658,0.054222842912939606,conditional timing centroid difference: positive means later,0.0073772381464689155,True
gemma4_e4b,Gemma 4 E4B,security,Security,conversational,timing,Conflict_of_Perspectives,Perspective conflict,500,0.009735697076549659,-0.0025855238608899337,0.022711368610498297,0.07092907092907093,bits per held-out trace,0.0036366100472888796,-0.024207259502339543,0.028061092392595587,conditional timing centroid difference: positive means later,0.16507129234401963,False
gemma4_e4b,Gemma 4 E4B,security,Security,conversational,timing,Reconciliation,Reconciliation,500,0.045293934772686326,0.011479366051976296,0.07927280557586953,0.008991008991008992,bits per held-out trace,0.04950931646938084,0.02586861752086388,0.07334466962831887,conditional timing centroid difference: positive means later,0.03752768970160275,True
gemma4_e4b,Gemma 4 E4B,math,Math,cognitive,amount,verification,Verification,485,0.041324837823161806,0.016278266028931367,0.07024177632148151,0.003996003996003996,bits per held-out trace,0.025036664412189324,-0.06338757488923585,0.11826717967373362,standardized rate difference: domain minus other domains,0.005790435979115225,True
gemma4_e4b,Gemma 4 E4B,math,Math,cognitive,amount,backtracking,Backtracking,485,0.06099496174065427,0.035750946664829614,0.08346063583286893,0.000999000999000999,bits per held-out trace,-0.3197238132476713,-0.39454938881600804,-0.2449448472388948,standardized rate difference: domain minus other domains,0.001510300722899148,True
gemma4_e4b,Gemma 4 E4B,math,Math,cognitive,amount,subgoal,Subgoal setting,485,-0.0611084577407516,-0.1442577621924157,0.016069045843749696,0.9250749250749251,bits per held-out trace,0.42749053350566957,0.3064628558646978,0.5478325166587903,standardized rate difference: domain minus other domains,0.929918249289977,False
gemma4_e4b,Gemma 4 E4B,math,Math,cognitive,amount,backward_chaining,Backward chaining,485,0.0515400448891629,0.036444495450642864,0.06954803094797254,0.000999000999000999,bits per held-out trace,-0.18263637447572678,-0.25423554908156115,-0.10018371023715122,standardized rate difference: domain minus other domains,0.001510300722899148,True
gemma4_e4b,Gemma 4 E4B,math,Math,cognitive,timing,verification,Verification,485,0.09598377185383156,0.050301197993509,0.13514015520185177,0.000999000999000999,bits per held-out trace,0.08848671247514772,0.06995998679010336,0.1066153970342131,conditional timing centroid difference: positive means later,0.0073772381464689155,True
gemma4_e4b,Gemma 4 E4B,math,Math,cognitive,timing,backtracking,Backtracking,485,0.04311992852041263,0.015956530884485884,0.07106293747317721,0.000999000999000999,bits per held-out trace,-0.13666936548114283,-0.19129354206876523,-0.08060362031919313,conditional timing centroid difference: positive means later,0.0073772381464689155,True
gemma4_e4b,Gemma 4 E4B,math,Math,cognitive,timing,subgoal,Subgoal setting,485,0.03972965995669709,-0.01865358747626856,0.09707094818768718,0.1028971028971029,bits per held-out trace,0.01567472342904469,-3.4499211588007047e-05,0.029978617285630137,conditional timing centroid difference: positive means later,0.21591523230867493,False
gemma4_e4b,Gemma 4 E4B,math,Math,cognitive,timing,backward_chaining,Backward chaining,485,0.019927857159605232,-0.010271199922204328,0.051323545078495264,0.10989010989010989,bits per held-out trace,-0.21651768585186404,-0.32451708400359136,-0.11152095055182223,conditional timing centroid difference: positive means later,0.22529851101279674,False
gemma4_e4b,Gemma 4 E4B,code,Code,cognitive,amount,verification,Verification,175,0.30739543522412766,0.2009266849384964,0.41165529878966395,0.000999000999000999,bits per held-out trace,-0.6574751253949254,-0.7334175055492279,-0.5786852522936309,standardized rate difference: domain minus other domains,0.001510300722899148,True
gemma4_e4b,Gemma 4 E4B,code,Code,cognitive,amount,backtracking,Backtracking,175,0.11359442681038802,0.0702898708044245,0.15691040046833046,0.000999000999000999,bits per held-out trace,-0.04927864186471793,-0.13130676468704547,0.0321798930844649,standardized rate difference: domain minus other domains,0.001510300722899148,True
gemma4_e4b,Gemma 4 E4B,code,Code,cognitive,amount,subgoal,Subgoal setting,175,0.05076099744384341,-0.009874263005537393,0.10343787276721181,0.053946053946053944,bits per held-out trace,-0.9045967114937399,-0.9785414077513951,-0.8267330900059849,standardized rate difference: domain minus other domains,0.06618301825969557,False
gemma4_e4b,Gemma 4 E4B,code,Code,cognitive,amount,backward_chaining,Backward chaining,175,0.15848630757593893,0.019321496197603743,0.2547435779562416,0.000999000999000999,bits per held-out trace,-0.2067633428148752,-0.273674705397626,-0.12885472395984618,standardized rate difference: domain minus other domains,0.001510300722899148,True
gemma4_e4b,Gemma 4 E4B,code,Code,cognitive,timing,verification,Verification,175,0.010359570528470386,-0.010592133689985066,0.032789601339675165,0.1958041958041958,bits per held-out trace,-0.10381499262186067,-0.12627724805864113,-0.08015276301432055,conditional timing centroid difference: positive means later,0.3283354200384768,False
gemma4_e4b,Gemma 4 E4B,code,Code,cognitive,timing,backtracking,Backtracking,175,-0.03467271999877281,-0.07611214527994721,-6.898507464373879e-05,0.952047952047952,bits per held-out trace,-0.2412835321981182,-0.2915234886129126,-0.19190374619658693,conditional timing centroid difference: positive means later,0.9646079514153393,False
gemma4_e4b,Gemma 4 E4B,code,Code,cognitive,timing,subgoal,Subgoal setting,175,-0.02008346254597555,-0.07299908816387461,0.03555339072677999,0.7602397602397603,bits per held-out trace,0.1016818757363463,0.0756065597540976,0.12891459116132237,conditional timing centroid difference: positive means later,0.8223438533297688,False
gemma4_e4b,Gemma 4 E4B,code,Code,cognitive,timing,backward_chaining,Backward chaining,175,0.015036478441936547,-0.021352133907762423,0.05040894887243313,0.22477522477522477,bits per held-out trace,-0.2564195066154621,-0.3670847667591308,-0.1459836856869005,conditional timing centroid difference: positive means later,0.36419276925606037,False
gemma4_e4b,Gemma 4 E4B,gpqa,GPQA,cognitive,amount,verification,Verification,500,0.036419382882556944,0.01750226271220742,0.05269404000992519,0.000999000999000999,bits per held-out trace,-0.05899258489520014,-0.13289722373790835,0.01595553939550862,standardized rate difference: domain minus other domains,0.001510300722899148,True
gemma4_e4b,Gemma 4 E4B,gpqa,GPQA,cognitive,amount,backtracking,Backtracking,500,0.035127337074493066,0.01644709370177604,0.05505087726935783,0.000999000999000999,bits per held-out trace,0.3555733102914986,0.2438031435154277,0.4659159596292317,standardized rate difference: domain minus other domains,0.001510300722899148,True
gemma4_e4b,Gemma 4 E4B,gpqa,GPQA,cognitive,amount,subgoal,Subgoal setting,500,0.03374516874197623,-0.001281016737453603,0.06893368340726366,0.04995004995004995,bits per held-out trace,-0.37194738223142726,-0.43887163825279313,-0.30600624618147526,standardized rate difference: domain minus other domains,0.06147698455390763,False
gemma4_e4b,Gemma 4 E4B,gpqa,GPQA,cognitive,amount,backward_chaining,Backward chaining,500,-0.00967867007405227,-0.026361860324265136,0.006839032690692569,0.8461538461538461,bits per held-out trace,0.32300343664132575,0.20519328102531692,0.4469973088597059,standardized rate difference: domain minus other domains,0.8573168256545565,False
gemma4_e4b,Gemma 4 E4B,gpqa,GPQA,cognitive,timing,verification,Verification,500,0.007559072562063744,-0.014483271353092072,0.02717786383294901,0.24175824175824176,bits per held-out trace,0.003546065787716546,-0.014559042101407156,0.023584556391617877,conditional timing centroid difference: positive means later,0.3804719870293641,False
gemma4_e4b,Gemma 4 E4B,gpqa,GPQA,cognitive,timing,backtracking,Backtracking,500,0.025871210258821335,-0.01000891545032573,0.06081834106111085,0.07092907092907093,bits per held-out trace,-0.14618689010870534,-0.1860251123622668,-0.10956163762004217,conditional timing centroid difference: positive means later,0.16507129234401963,False
gemma4_e4b,Gemma 4 E4B,gpqa,GPQA,cognitive,timing,subgoal,Subgoal setting,500,0.06715017909421318,0.04331030962703866,0.08911189326757281,0.000999000999000999,bits per held-out trace,-0.035923197697742715,-0.0500308494460828,-0.02220736450157642,conditional timing centroid difference: positive means later,0.0073772381464689155,True
gemma4_e4b,Gemma 4 E4B,gpqa,GPQA,cognitive,timing,backward_chaining,Backward chaining,500,-0.001325169448304103,-0.015329556019366052,0.013800386146557642,0.5424575424575424,bits per held-out trace,0.016134756150493867,-0.04131309560716165,0.07721695403922359,conditional timing centroid difference: positive means later,0.6694961089865548,False
gemma4_e4b,Gemma 4 E4B,planning,Planning,cognitive,amount,verification,Verification,500,0.2712114965402558,0.2009476538948531,0.3405337709651407,0.000999000999000999,bits per held-out trace,0.8895540606001077,0.7852121664856407,0.9873107506777306,standardized rate difference: domain minus other domains,0.001510300722899148,True
gemma4_e4b,Gemma 4 E4B,planning,Planning,cognitive,amount,backtracking,Backtracking,500,0.09868329398464562,0.035609512852567256,0.15313937864459834,0.000999000999000999,bits per held-out trace,-0.3957161514509252,-0.45877061859480417,-0.3346151553003467,standardized rate difference: domain minus other domains,0.001510300722899148,True
gemma4_e4b,Gemma 4 E4B,planning,Planning,cognitive,amount,subgoal,Subgoal setting,500,0.27678081334531235,0.21661060949251063,0.33048627201692293,0.000999000999000999,bits per held-out trace,-0.9895778916203978,-1.0391388882864108,-0.9414623281152101,standardized rate difference: domain minus other domains,0.001510300722899148,True
gemma4_e4b,Gemma 4 E4B,planning,Planning,cognitive,amount,backward_chaining,Backward chaining,500,-0.00171915562591386,-0.017555651924055723,0.014756917645060067,0.5854145854145855,bits per held-out trace,0.2263846935996336,0.10004647608219958,0.3645668184888933,standardized rate difference: domain minus other domains,0.6092119262850971,False
gemma4_e4b,Gemma 4 E4B,planning,Planning,cognitive,timing,verification,Verification,500,-0.004119071360283383,-0.014417163147287627,0.004709246534082057,0.7862137862137862,bits per held-out trace,-0.07869350208621939,-0.09250883440427797,-0.06415790544651029,conditional timing centroid difference: positive means later,0.840964049877699,False
gemma4_e4b,Gemma 4 E4B,planning,Planning,cognitive,timing,backtracking,Backtracking,500,0.011338535874391655,-0.0071854154442317015,0.02979126816116311,0.12087912087912088,bits per held-out trace,-0.002791853421105439,-0.061781028611896945,0.05609093117600965,conditional timing centroid difference: positive means later,0.2368244000897062,False
gemma4_e4b,Gemma 4 E4B,planning,Planning,cognitive,timing,subgoal,Subgoal setting,500,0.010221274233628262,-0.017724983633292144,0.039708096786062456,0.2597402597402597,bits per held-out trace,-0.13111794030241208,-0.14691908611635218,-0.11534382649071585,conditional timing centroid difference: positive means later,0.40056329212955716,False
gemma4_e4b,Gemma 4 E4B,planning,Planning,cognitive,timing,backward_chaining,Backward chaining,500,-0.0017104114002810089,-0.013726209754878923,0.009973463558237187,0.5914085914085914,bits per held-out trace,-0.09167492241667274,-0.1569714731263887,-0.026762801607062032,conditional timing centroid difference: positive means later,0.7009287009287009,False
gemma4_e4b,Gemma 4 E4B,moral,Moral,cognitive,amount,verification,Verification,500,-0.010229066244768227,-0.04804799721874543,0.027993738066516546,0.6743256743256744,bits per held-out trace,0.19204229563622532,0.06517827115219382,0.31299785399186325,standardized rate difference: domain minus other domains,0.6960781154329542,False
gemma4_e4b,Gemma 4 E4B,moral,Moral,cognitive,amount,backtracking,Backtracking,500,1.4186662059079147e-05,-0.019064871382853607,0.02033413635387253,0.4785214785214785,bits per held-out trace,0.2287221792749275,0.106989137652692,0.3539506114936877,standardized rate difference: domain minus other domains,0.511844701259743,False
gemma4_e4b,Gemma 4 E4B,moral,Moral,cognitive,amount,subgoal,Subgoal setting,500,0.05932234725075205,0.04503467892479307,0.07315448714583014,0.000999000999000999,bits per held-out trace,1.1555217431389975,1.0706522496980078,1.2413557334388685,standardized rate difference: domain minus other domains,0.001510300722899148,True
gemma4_e4b,Gemma 4 E4B,moral,Moral,cognitive,amount,backward_chaining,Backward chaining,500,0.06861003160164504,0.060380586412518006,0.076957846550941,0.000999000999000999,bits per held-out trace,-0.38659271563012976,-0.42660336127719556,-0.34824325141077334,standardized rate difference: domain minus other domains,0.001510300722899148,True
gemma4_e4b,Gemma 4 E4B,moral,Moral,cognitive,timing,verification,Verification,500,0.016571427237297966,0.009703028673359508,0.023379276667041093,0.000999000999000999,bits per held-out trace,0.1117317194236721,0.09687060816113298,0.12818819017736355,conditional timing centroid difference: positive means later,0.0073772381464689155,True
gemma4_e4b,Gemma 4 E4B,moral,Moral,cognitive,timing,backtracking,Backtracking,500,0.11336744137352865,0.06511560326501988,0.15835464828057422,0.000999000999000999,bits per held-out trace,0.3437763445733022,0.31983929567827085,0.36702803350838037,conditional timing centroid difference: positive means later,0.0073772381464689155,True
gemma4_e4b,Gemma 4 E4B,moral,Moral,cognitive,timing,subgoal,Subgoal setting,500,0.06712023935758026,0.0348338951277435,0.09541767224196938,0.000999000999000999,bits per held-out trace,-0.05004137047482787,-0.06459958335598734,-0.032953679379588194,conditional timing centroid difference: positive means later,0.0073772381464689155,True
gemma4_e4b,Gemma 4 E4B,moral,Moral,cognitive,timing,backward_chaining,Backward chaining,500,0.0027696656709697044,0.002104288670853873,0.003499826966415975,0.000999000999000999,bits per held-out trace,,,,conditional timing centroid difference: positive means later,0.0073772381464689155,True
gemma4_e4b,Gemma 4 E4B,idea,Idea,cognitive,amount,verification,Verification,500,0.039454370733289425,0.031612873247679016,0.047555381097333364,0.000999000999000999,bits per held-out trace,-0.1447469116899659,-0.21608083572709252,-0.06498510082615955,standardized rate difference: domain minus other domains,0.001510300722899148,True
gemma4_e4b,Gemma 4 E4B,idea,Idea,cognitive,amount,backtracking,Backtracking,500,0.019688299359003517,0.004634315073786596,0.034987682249125,0.01098901098901099,bits per held-out trace,-0.24715926314525366,-0.31450721437279755,-0.17171241648513785,standardized rate difference: domain minus other domains,0.014703066967875331,True
gemma4_e4b,Gemma 4 E4B,idea,Idea,cognitive,amount,subgoal,Subgoal setting,500,0.14830538315443786,0.13146616525476182,0.16619554278284915,0.000999000999000999,bits per held-out trace,0.5079258354923799,0.45178260808014764,0.5624985473889719,standardized rate difference: domain minus other domains,0.001510300722899148,True
gemma4_e4b,Gemma 4 E4B,idea,Idea,cognitive,amount,backward_chaining,Backward chaining,500,0.03093751646164623,0.008133859391614106,0.04343181294671601,0.000999000999000999,bits per held-out trace,-0.38284858520498494,-0.42257425779885527,-0.3451362369253299,standardized rate difference: domain minus other domains,0.001510300722899148,True
gemma4_e4b,Gemma 4 E4B,idea,Idea,cognitive,timing,verification,Verification,500,0.06396494846644526,0.009026122141645193,0.1200116232392198,0.008991008991008992,bits per held-out trace,-0.044414669152491926,-0.06311487774331914,-0.024138135674886964,conditional timing centroid difference: positive means later,0.03752768970160275,True
gemma4_e4b,Gemma 4 E4B,idea,Idea,cognitive,timing,backtracking,Backtracking,500,0.012399547464707767,-0.012119322670732156,0.030137032762480614,0.1258741258741259,bits per held-out trace,0.17723602713748732,0.1304915386181219,0.21979194559897444,conditional timing centroid difference: positive means later,0.2416783216783217,False
gemma4_e4b,Gemma 4 E4B,idea,Idea,cognitive,timing,subgoal,Subgoal setting,500,0.3012069979055926,0.2550259693706344,0.3452786784081439,0.000999000999000999,bits per held-out trace,0.15522849982990256,0.14210855078767662,0.1680205034876289,conditional timing centroid difference: positive means later,0.0073772381464689155,True
gemma4_e4b,Gemma 4 E4B,idea,Idea,cognitive,timing,backward_chaining,Backward chaining,500,0.004005627407555313,0.002067130331823063,0.007455351397534623,0.000999000999000999,bits per held-out trace,,,,conditional timing centroid difference: positive means later,0.0073772381464689155,True
gemma4_e4b,Gemma 4 E4B,safety,Safety,cognitive,amount,verification,Verification,57,0.15049473753529602,-0.06379501540372486,0.3379168176022027,0.06793206793206794,bits per held-out trace,-1.1105605788138113,-1.2278129488546279,-0.9799044662564281,standardized rate difference: domain minus other domains,0.0825503610313737,False
gemma4_e4b,Gemma 4 E4B,safety,Safety,cognitive,amount,backtracking,Backtracking,57,0.20300578106575665,-0.0050811603939194495,0.4322333771452647,0.03996003996003996,bits per held-out trace,1.0137714797878163,0.6050181266029993,1.3591787793023287,standardized rate difference: domain minus other domains,0.050145932498873676,False
gemma4_e4b,Gemma 4 E4B,safety,Safety,cognitive,amount,subgoal,Subgoal setting,57,-0.03500017851433429,-0.15613616052515564,0.06907303610453602,0.7302697302697303,bits per held-out trace,1.3036614822994341,1.0513563613650874,1.5869546232723764,standardized rate difference: domain minus other domains,0.7518058349157545,False
gemma4_e4b,Gemma 4 E4B,safety,Safety,cognitive,amount,backward_chaining,Backward chaining,57,0.025783546741851786,0.016677962175262004,0.03466069444312157,0.000999000999000999,bits per held-out trace,-0.3323963317617286,-0.3667406492496343,-0.2962268605085515,standardized rate difference: domain minus other domains,0.001510300722899148,True
gemma4_e4b,Gemma 4 E4B,safety,Safety,cognitive,timing,verification,Verification,57,0.032571723961897545,-0.023195984022759138,0.09748354282623355,0.17182817182817184,bits per held-out trace,0.21721684836153254,0.17098774173914896,0.25032522460862533,conditional timing centroid difference: positive means later,0.3012877533425479,False
gemma4_e4b,Gemma 4 E4B,safety,Safety,cognitive,timing,backtracking,Backtracking,57,-0.007031953506902565,-0.045062211656200446,0.026824871373801303,0.6343656343656343,bits per held-out trace,0.3033885112819259,0.22968349021646842,0.34613479540182635,conditional timing centroid difference: positive means later,0.733724107218083,False
gemma4_e4b,Gemma 4 E4B,safety,Safety,cognitive,timing,subgoal,Subgoal setting,57,0.1583584583582804,0.01839726313439601,0.2957623272470851,0.015984015984015984,bits per held-out trace,0.002774999314995086,-0.03541003102435397,0.03841149733420304,conditional timing centroid difference: positive means later,0.05736319755011344,False
gemma4_e4b,Gemma 4 E4B,safety,Safety,cognitive,timing,backward_chaining,Backward chaining,57,-0.001010307239839235,-0.004241977183667767,0.002012785157558796,0.7252747252747253,bits per held-out trace,,,,conditional timing centroid difference: positive means later,0.7956487956487955,False
gemma4_e4b,Gemma 4 E4B,security,Security,cognitive,amount,verification,Verification,500,0.2533665823313245,0.1910452067185445,0.31643001955621897,0.000999000999000999,bits per held-out trace,-0.49738797972441456,-0.5649684191008408,-0.42995899598385007,standardized rate difference: domain minus other domains,0.001510300722899148,True
gemma4_e4b,Gemma 4 E4B,security,Security,cognitive,amount,backtracking,Backtracking,500,0.07531837970397004,0.05145822429338748,0.09906406208321016,0.000999000999000999,bits per held-out trace,0.25532148784663233,0.1611626618341571,0.351958523944947,standardized rate difference: domain minus other domains,0.001510300722899148,True
gemma4_e4b,Gemma 4 E4B,security,Security,cognitive,amount,subgoal,Subgoal setting,500,0.10940510948563162,0.07887873415039406,0.1417777874349098,0.000999000999000999,bits per held-out trace,-0.5372457891621539,-0.608354910112158,-0.4662351207807927,standardized rate difference: domain minus other domains,0.001510300722899148,True
gemma4_e4b,Gemma 4 E4B,security,Security,cognitive,amount,backward_chaining,Backward chaining,500,0.08460836515095506,0.05701574810811655,0.11201517087005049,0.000999000999000999,bits per held-out trace,0.5232836024912836,0.3896631650906752,0.6456177210833571,standardized rate difference: domain minus other domains,0.001510300722899148,True
gemma4_e4b,Gemma 4 E4B,security,Security,cognitive,timing,verification,Verification,500,0.025923889275577136,0.010459090974727728,0.04237267105410204,0.001998001998001998,bits per held-out trace,-0.023619172781891296,-0.041756610834008424,-0.00473760061944199,conditional timing centroid difference: positive means later,0.012178297892583607,True
gemma4_e4b,Gemma 4 E4B,security,Security,cognitive,timing,backtracking,Backtracking,500,0.034645801724694156,0.020197609110167995,0.048545319094229336,0.000999000999000999,bits per held-out trace,-0.04265302420216688,-0.07633051692819087,-0.01117483282855147,conditional timing centroid difference: positive means later,0.0073772381464689155,True
gemma4_e4b,Gemma 4 E4B,security,Security,cognitive,timing,subgoal,Subgoal setting,500,0.12198340898486966,0.08630398198015414,0.16184892490091837,0.000999000999000999,bits per held-out trace,0.006409477045019651,-0.008503424390138601,0.021523097344033813,conditional timing centroid difference: positive means later,0.0073772381464689155,True
gemma4_e4b,Gemma 4 E4B,security,Security,cognitive,timing,backward_chaining,Backward chaining,500,0.053035455539701216,0.016487050302497187,0.08624972529968537,0.002997002997002997,bits per held-out trace,0.22214589117113093,0.17024590868277345,0.27012403749743136,conditional timing centroid difference: positive means later,0.016924252218369868,True
gemma4_31b,Gemma 4 31B,math,Math,conversational,amount,Question_and_Answering,Question–answer,499,-0.012479451595351845,-0.03518708827541151,0.00653841554681309,0.8811188811188811,bits per held-out trace,-0.36822051793209337,-0.46255032056596757,-0.2639625986974341,standardized rate difference: domain minus other domains,0.8880568250646991,False
gemma4_31b,Gemma 4 31B,math,Math,conversational,amount,Perspective_Shift,Perspective shift,499,0.3702585965299651,0.22844619595515417,0.5014866647600397,0.000999000999000999,bits per held-out trace,-0.9126371306380119,-0.9845745424541965,-0.8422442778521546,standardized rate difference: domain minus other domains,0.001510300722899148,True
gemma4_31b,Gemma 4 31B,math,Math,conversational,amount,Conflict_of_Perspectives,Perspective conflict,499,0.2390893845010515,0.1735265699222804,0.29719331647835057,0.000999000999000999,bits per held-out trace,-0.8992129276499193,-0.9611469309428069,-0.8265543839190835,standardized rate difference: domain minus other domains,0.001510300722899148,True
gemma4_31b,Gemma 4 31B,math,Math,conversational,amount,Reconciliation,Reconciliation,499,0.007229261810556224,-0.013633909940604504,0.02396808542053751,0.24375624375624375,bits per held-out trace,-0.28713138366917895,-0.3907611405190602,-0.17944093694523586,standardized rate difference: domain minus other domains,0.2705271607005711,False
gemma4_31b,Gemma 4 31B,math,Math,conversational,timing,Question_and_Answering,Question–answer,499,0.007624548864083443,-0.004964813647697232,0.021408515718971097,0.1108891108891109,bits per held-out trace,0.09354162123032628,0.05271859832732856,0.1339205902070501,conditional timing centroid difference: positive means later,0.22529851101279674,False
gemma4_31b,Gemma 4 31B,math,Math,conversational,timing,Perspective_Shift,Perspective shift,499,0.014285123847630463,-0.009862803647681183,0.03737380521717118,0.13586413586413587,bits per held-out trace,0.12997113281857575,0.10528931046502846,0.15500100333866684,conditional timing centroid difference: positive means later,0.2544967227894057,False
gemma4_31b,Gemma 4 31B,math,Math,conversational,timing,Conflict_of_Perspectives,Perspective conflict,499,0.010677945819754807,-0.00015008735322903042,0.02060844873605685,0.016983016983016984,bits per held-out trace,-0.0237799492220368,-0.06396351121587938,0.017177093418918626,conditional timing centroid difference: positive means later,0.059286168377077474,False
gemma4_31b,Gemma 4 31B,math,Math,conversational,timing,Reconciliation,Reconciliation,499,0.06147373387787728,0.037329603629822655,0.08741800766924948,0.000999000999000999,bits per held-out trace,0.05832170569980044,0.026611808154822607,0.09032439585514701,conditional timing centroid difference: positive means later,0.0073772381464689155,True
gemma4_31b,Gemma 4 31B,code,Code,conversational,amount,Question_and_Answering,Question–answer,175,0.5052524914020236,0.34953752923578174,0.6494667971104298,0.000999000999000999,bits per held-out trace,-0.4789535110815467,-0.5577650258264694,-0.39740047514782306,standardized rate difference: domain minus other domains,0.001510300722899148,True
gemma4_31b,Gemma 4 31B,code,Code,conversational,amount,Perspective_Shift,Perspective shift,175,0.2507425057450192,0.135440089380322,0.3645925080499532,0.000999000999000999,bits per held-out trace,-0.7525115486589742,-0.8150240957856244,-0.685871286290881,standardized rate difference: domain minus other domains,0.001510300722899148,True
gemma4_31b,Gemma 4 31B,code,Code,conversational,amount,Conflict_of_Perspectives,Perspective conflict,175,0.3325878963624364,0.25468635669227063,0.40582475467482704,0.000999000999000999,bits per held-out trace,-0.4045505998810589,-0.4986534515090525,-0.3164086699686262,standardized rate difference: domain minus other domains,0.001510300722899148,True
gemma4_31b,Gemma 4 31B,code,Code,conversational,amount,Reconciliation,Reconciliation,175,-0.011382068994864283,-0.0429311204526845,0.018995374615859924,0.7412587412587412,bits per held-out trace,-0.048384655502049706,-0.153964155653454,0.05653418055492891,standardized rate difference: domain minus other domains,0.7590489510489511,False
gemma4_31b,Gemma 4 31B,code,Code,conversational,timing,Question_and_Answering,Question–answer,175,0.0032499859723785747,-0.006563784266198037,0.013107132041870253,0.22977022977022976,bits per held-out trace,0.02235296256992947,-0.013904049539784058,0.05987051854017731,conditional timing centroid difference: positive means later,0.3676323676323676,False
gemma4_31b,Gemma 4 31B,code,Code,conversational,timing,Perspective_Shift,Perspective shift,175,0.007205732477267582,-0.03301088602648643,0.044701519913821146,0.3776223776223776,bits per held-out trace,-0.007497573852066619,-0.027767831615125867,0.011751467000715393,conditional timing centroid difference: positive means later,0.5160391210213274,False
gemma4_31b,Gemma 4 31B,code,Code,conversational,timing,Conflict_of_Perspectives,Perspective conflict,175,-0.0011296033513537292,-0.023362183751035093,0.020815689331878363,0.5244755244755245,bits per held-out trace,-0.07485666224529619,-0.10737434845750747,-0.04103297639230633,conditional timing centroid difference: positive means later,0.6517754090569624,False
gemma4_31b,Gemma 4 31B,code,Code,conversational,timing,Reconciliation,Reconciliation,175,0.08082194499228804,0.014169301318203863,0.15635506350687842,0.01098901098901099,bits per held-out trace,-0.1713613138944855,-0.20326017015631792,-0.13733588417084766,conditional timing centroid difference: positive means later,0.04395604395604396,True
gemma4_31b,Gemma 4 31B,gpqa,GPQA,conversational,amount,Question_and_Answering,Question–answer,500,0.02918546385872106,0.011271819688694737,0.0432342493046573,0.000999000999000999,bits per held-out trace,0.04073829700953781,-0.032021620308150825,0.11304543465622591,standardized rate difference: domain minus other domains,0.001510300722899148,True
gemma4_31b,Gemma 4 31B,gpqa,GPQA,conversational,amount,Perspective_Shift,Perspective shift,500,0.21461364559212037,0.1780253788938319,0.2553689733346347,0.000999000999000999,bits per held-out trace,-0.348027024389632,-0.407684843405902,-0.287748957028732,standardized rate difference: domain minus other domains,0.001510300722899148,True
gemma4_31b,Gemma 4 31B,gpqa,GPQA,conversational,amount,Conflict_of_Perspectives,Perspective conflict,500,0.16454877884985114,0.12654858694093496,0.20320531573882475,0.000999000999000999,bits per held-out trace,0.3811142474132308,0.3056364430583793,0.46019019582517723,standardized rate difference: domain minus other domains,0.001510300722899148,True
gemma4_31b,Gemma 4 31B,gpqa,GPQA,conversational,amount,Reconciliation,Reconciliation,500,0.04265877778121476,0.009348745531846945,0.07538417787252097,0.003996003996003996,bits per held-out trace,0.4676965438709284,0.38223478244127457,0.548345539697243,standardized rate difference: domain minus other domains,0.005790435979115225,True
gemma4_31b,Gemma 4 31B,gpqa,GPQA,conversational,timing,Question_and_Answering,Question–answer,500,0.00973854818221461,-0.007898705758571786,0.02657141036395364,0.14385614385614387,bits per held-out trace,0.017077502965165747,-0.004939200366606727,0.0400077067820215,conditional timing centroid difference: positive means later,0.26430985282659925,False
gemma4_31b,Gemma 4 31B,gpqa,GPQA,conversational,timing,Perspective_Shift,Perspective shift,500,0.002829406731298542,-0.010009399867768963,0.01661977351244634,0.35864135864135865,bits per held-out trace,0.005233216089198023,-0.00804449013962727,0.019543904899694837,conditional timing centroid difference: positive means later,0.4999477057238791,False
gemma4_31b,Gemma 4 31B,gpqa,GPQA,conversational,timing,Conflict_of_Perspectives,Perspective conflict,500,0.007840350432509961,-0.004845859143177359,0.02068880239437588,0.1108891108891109,bits per held-out trace,0.009639991379214008,-0.008234372990049824,0.028590336553595982,conditional timing centroid difference: positive means later,0.22529851101279674,False
gemma4_31b,Gemma 4 31B,gpqa,GPQA,conversational,timing,Reconciliation,Reconciliation,500,0.005640864491292264,-0.008363772838957857,0.019934949174910482,0.23876123876123875,bits per held-out trace,-0.07558270171288417,-0.09607700456354036,-0.05742604320980652,conditional timing centroid difference: positive means later,0.3773017106350439,False
gemma4_31b,Gemma 4 31B,planning,Planning,conversational,amount,Question_and_Answering,Question–answer,500,0.09375421828125664,0.054840217870399305,0.132160047569888,0.001998001998001998,bits per held-out trace,0.629931072489015,0.526773623646682,0.7374812787216466,standardized rate difference: domain minus other domains,0.002950895258587566,True
gemma4_31b,Gemma 4 31B,planning,Planning,conversational,amount,Perspective_Shift,Perspective shift,500,0.22075550239750902,0.17150500281329073,0.26073652943875364,0.000999000999000999,bits per held-out trace,-0.6594138428099193,-0.7097717570469191,-0.6086805659402824,standardized rate difference: domain minus other domains,0.001510300722899148,True
gemma4_31b,Gemma 4 31B,planning,Planning,conversational,amount,Conflict_of_Perspectives,Perspective conflict,500,0.3235172353347558,0.22545921085094225,0.41872331139714825,0.000999000999000999,bits per held-out trace,-0.6409557828224575,-0.698676698444727,-0.5792338639562088,standardized rate difference: domain minus other domains,0.001510300722899148,True
gemma4_31b,Gemma 4 31B,planning,Planning,conversational,amount,Reconciliation,Reconciliation,500,0.06318832862308199,0.037094860302760935,0.09093364366545437,0.000999000999000999,bits per held-out trace,-0.24331321869664144,-0.30714045867518547,-0.1800158455035946,standardized rate difference: domain minus other domains,0.001510300722899148,True
gemma4_31b,Gemma 4 31B,planning,Planning,conversational,timing,Question_and_Answering,Question–answer,500,0.003618849113585623,-0.010909538885211574,0.017523821757626533,0.3126873126873127,bits per held-out trace,-0.023013693612723984,-0.04480403752588464,0.0021960060757254094,conditional timing centroid difference: positive means later,0.4618151079689542,False
gemma4_31b,Gemma 4 31B,planning,Planning,conversational,timing,Perspective_Shift,Perspective shift,500,0.030737260895309242,0.0122682996736682,0.0511636874720823,0.000999000999000999,bits per held-out trace,0.04328177815324841,0.030326487248781807,0.05740216172610775,conditional timing centroid difference: positive means later,0.0073772381464689155,True
gemma4_31b,Gemma 4 31B,planning,Planning,conversational,timing,Conflict_of_Perspectives,Perspective conflict,500,0.0018712124030433191,-0.010106711355113917,0.01349992899344119,0.3596403596403596,bits per held-out trace,0.01813541679756353,-0.010602034704316999,0.04664475128846637,conditional timing centroid difference: positive means later,0.4999477057238791,False
gemma4_31b,Gemma 4 31B,planning,Planning,conversational,timing,Reconciliation,Reconciliation,500,0.033542916376159304,0.009952535828842608,0.057675785068918135,0.001998001998001998,bits per held-out trace,0.017776348917884488,-0.0033836802085339007,0.040660335620576527,conditional timing centroid difference: positive means later,0.012178297892583607,True
gemma4_31b,Gemma 4 31B,moral,Moral,conversational,amount,Question_and_Answering,Question–answer,500,0.017344213159622413,0.0088802088342392,0.025946073816040152,0.000999000999000999,bits per held-out trace,-0.09425322593256982,-0.16654696795472734,-0.020003298377087173,standardized rate difference: domain minus other domains,0.001510300722899148,True
gemma4_31b,Gemma 4 31B,moral,Moral,conversational,amount,Perspective_Shift,Perspective shift,500,0.8572200604795932,0.7834887595548984,0.9226846615683735,0.000999000999000999,bits per held-out trace,1.3345983443863838,1.2619325617635082,1.4035680471722103,standardized rate difference: domain minus other domains,0.001510300722899148,True
gemma4_31b,Gemma 4 31B,moral,Moral,conversational,amount,Conflict_of_Perspectives,Perspective conflict,500,0.12104772408248432,0.08674060953668271,0.15772727630541783,0.000999000999000999,bits per held-out trace,0.17734288021433808,0.08942564240617365,0.25703517608508714,standardized rate difference: domain minus other domains,0.001510300722899148,True
gemma4_31b,Gemma 4 31B,moral,Moral,conversational,amount,Reconciliation,Reconciliation,500,0.09115880395133656,0.05259964421726641,0.12779763800257019,0.000999000999000999,bits per held-out trace,0.7335626588621782,0.6296091721079365,0.8382409323290784,standardized rate difference: domain minus other domains,0.001510300722899148,True
gemma4_31b,Gemma 4 31B,moral,Moral,conversational,timing,Question_and_Answering,Question–answer,500,0.031686135429609234,0.004242922411917765,0.06034933695783184,0.01098901098901099,bits per held-out trace,-0.0856126718442689,-0.11541819096052189,-0.05878972978455432,conditional timing centroid difference: positive means later,0.04395604395604396,True
gemma4_31b,Gemma 4 31B,moral,Moral,conversational,timing,Perspective_Shift,Perspective shift,500,0.08365248698591245,0.05881494041548567,0.11019543778276342,0.000999000999000999,bits per held-out trace,-0.018334965877707665,-0.030490677737568285,-0.007435801197064635,conditional timing centroid difference: positive means later,0.0073772381464689155,True
gemma4_31b,Gemma 4 31B,moral,Moral,conversational,timing,Conflict_of_Perspectives,Perspective conflict,500,0.03423641895431149,0.008061715227309798,0.060381437615040195,0.007992007992007992,bits per held-out trace,0.11841849107610503,0.0931488837677172,0.14253640905378342,conditional timing centroid difference: positive means later,0.03487421669239851,True
gemma4_31b,Gemma 4 31B,moral,Moral,conversational,timing,Reconciliation,Reconciliation,500,0.07294178702895658,0.03774040684043916,0.10891934022529651,0.000999000999000999,bits per held-out trace,0.19707811522334662,0.17932131326248368,0.21387357641710605,conditional timing centroid difference: positive means later,0.0073772381464689155,True
gemma4_31b,Gemma 4 31B,idea,Idea,conversational,amount,Question_and_Answering,Question–answer,500,0.07725151109039917,0.03824431956199164,0.11527125628779825,0.000999000999000999,bits per held-out trace,0.6956579525679929,0.5901993379719059,0.7943133415325934,standardized rate difference: domain minus other domains,0.001510300722899148,True
gemma4_31b,Gemma 4 31B,idea,Idea,conversational,amount,Perspective_Shift,Perspective shift,500,0.4222891099540053,0.3777834136317995,0.46425317070736655,0.000999000999000999,bits per held-out trace,1.242641663247069,1.1741921589090392,1.3149211766419415,standardized rate difference: domain minus other domains,0.001510300722899148,True
gemma4_31b,Gemma 4 31B,idea,Idea,conversational,amount,Conflict_of_Perspectives,Perspective conflict,500,0.6193505771508235,0.557331527692927,0.6768464589179992,0.000999000999000999,bits per held-out trace,1.4403372226745017,1.369280123850665,1.5092411665068448,standardized rate difference: domain minus other domains,0.001510300722899148,True
gemma4_31b,Gemma 4 31B,idea,Idea,conversational,amount,Reconciliation,Reconciliation,500,0.04699901038241111,0.018986930281991155,0.07524283858408078,0.000999000999000999,bits per held-out trace,-0.2664078789379652,-0.3400288740580581,-0.18547845097842983,standardized rate difference: domain minus other domains,0.001510300722899148,True
gemma4_31b,Gemma 4 31B,idea,Idea,conversational,timing,Question_and_Answering,Question–answer,500,0.0019056824071741326,-0.00862927526947647,0.011830565073486994,0.38961038961038963,bits per held-out trace,0.12191996143781347,0.08639022494094407,0.15422997307072753,conditional timing centroid difference: positive means later,0.5267971465154565,False
gemma4_31b,Gemma 4 31B,idea,Idea,conversational,timing,Perspective_Shift,Perspective shift,500,0.12955442629752184,0.08676647390343553,0.17364474283031925,0.000999000999000999,bits per held-out trace,-0.19599813692057216,-0.2069485105040503,-0.18463361833851133,conditional timing centroid difference: positive means later,0.0073772381464689155,True
gemma4_31b,Gemma 4 31B,idea,Idea,conversational,timing,Conflict_of_Perspectives,Perspective conflict,500,0.07991608064245881,0.05127169641203093,0.10956644582590806,0.000999000999000999,bits per held-out trace,-0.13287591279016714,-0.149183707645929,-0.1180586541591394,conditional timing centroid difference: positive means later,0.0073772381464689155,True
gemma4_31b,Gemma 4 31B,idea,Idea,conversational,timing,Reconciliation,Reconciliation,500,0.03869583263200565,0.00252101872496174,0.07132464207960422,0.008991008991008992,bits per held-out trace,-0.09352123142423008,-0.11935204506104315,-0.06698952733136264,conditional timing centroid difference: positive means later,0.03752768970160275,True
gemma4_31b,Gemma 4 31B,safety,Safety,conversational,amount,Question_and_Answering,Question–answer,313,0.018710825043150643,0.0007482461829787334,0.03345315329458003,0.013986013986013986,bits per held-out trace,-0.6939603023102182,-0.7820326209523422,-0.5982060187132029,standardized rate difference: domain minus other domains,0.01845577103309062,True
gemma4_31b,Gemma 4 31B,safety,Safety,conversational,amount,Perspective_Shift,Perspective shift,313,0.04527120977625876,-0.02531195518397784,0.11441852233553665,0.12387612387612387,bits per held-out trace,-0.06427509969073328,-0.20835142959251288,0.07643140073281064,standardized rate difference: domain minus other domains,0.14458489838429048,False
gemma4_31b,Gemma 4 31B,safety,Safety,conversational,amount,Conflict_of_Perspectives,Perspective conflict,313,0.013790724366120607,-0.022795822771632567,0.04672314179662609,0.1958041958041958,bits per held-out trace,-0.9125044204829676,-0.9884038095609488,-0.838090707847099,standardized rate difference: domain minus other domains,0.219850325113483,False
gemma4_31b,Gemma 4 31B,safety,Safety,conversational,amount,Reconciliation,Reconciliation,313,-0.006141549751468595,-0.024159210294679385,0.00921691941932967,0.7472527472527473,bits per held-out trace,-0.9482089476380907,-1.0391409248705308,-0.8475803399318873,standardized rate difference: domain minus other domains,0.7631517418751461,False
gemma4_31b,Gemma 4 31B,safety,Safety,conversational,timing,Question_and_Answering,Question–answer,313,0.04176930850986684,0.0033906121031296883,0.0840357140032494,0.01898101898101898,bits per held-out trace,-0.4162256975609956,-0.4780354167509588,-0.3458507255984148,conditional timing centroid difference: positive means later,0.06393606393606394,False
gemma4_31b,Gemma 4 31B,safety,Safety,conversational,timing,Perspective_Shift,Perspective shift,313,0.008760687397584477,-0.017391356483759574,0.03405686855888784,0.24275724275724275,bits per held-out trace,0.07199915387816425,0.043132065243070124,0.1026673477457792,conditional timing centroid difference: positive means later,0.3804848213011478,False
gemma4_31b,Gemma 4 31B,safety,Safety,conversational,timing,Conflict_of_Perspectives,Perspective conflict,313,-0.012887886529964398,-0.0435362570924074,0.012583285004258272,0.8421578421578422,bits per held-out trace,0.22477165039552022,0.14636951968789857,0.2969528238619589,conditional timing centroid difference: positive means later,0.8874395359408984,False
gemma4_31b,Gemma 4 31B,safety,Safety,conversational,timing,Reconciliation,Reconciliation,313,0.042698333033689084,-0.0002568231504169216,0.09214135519995865,0.03896103896103896,bits per held-out trace,0.04875102132081888,-0.05125057095249494,0.1400237702774733,conditional timing centroid difference: positive means later,0.10841332580463015,False
gemma4_31b,Gemma 4 31B,security,Security,conversational,amount,Question_and_Answering,Question–answer,496,0.08841034241562248,0.03831677276685719,0.1354184987065193,0.000999000999000999,bits per held-out trace,-0.25864210809632227,-0.33327929134052725,-0.18799070255033878,standardized rate difference: domain minus other domains,0.001510300722899148,True
gemma4_31b,Gemma 4 31B,security,Security,conversational,amount,Perspective_Shift,Perspective shift,496,0.2610969909384076,0.1904411893805484,0.33201535086512485,0.000999000999000999,bits per held-out trace,-0.32602351862118245,-0.38986128066255676,-0.26329853025145666,standardized rate difference: domain minus other domains,0.001510300722899148,True
gemma4_31b,Gemma 4 31B,security,Security,conversational,amount,Conflict_of_Perspectives,Perspective conflict,496,0.0978127039485517,0.04875127311933135,0.14759720092647197,0.000999000999000999,bits per held-out trace,0.30597411808716807,0.2079642471354296,0.39800077142437695,standardized rate difference: domain minus other domains,0.001510300722899148,True
gemma4_31b,Gemma 4 31B,security,Security,conversational,amount,Reconciliation,Reconciliation,496,0.048935789607517204,0.0340345602633202,0.06400097109420845,0.000999000999000999,bits per held-out trace,0.2463271067348701,0.16289083080806532,0.3298287838947582,standardized rate difference: domain minus other domains,0.001510300722899148,True
gemma4_31b,Gemma 4 31B,security,Security,conversational,timing,Question_and_Answering,Question–answer,496,-0.0022761967804977106,-0.018981561933252754,0.014407010841132632,0.6143856143856143,bits per held-out trace,-0.021988486441357535,-0.049280513553964,0.0073929807828580964,conditional timing centroid difference: positive means later,0.7192807192807192,False
gemma4_31b,Gemma 4 31B,security,Security,conversational,timing,Perspective_Shift,Perspective shift,496,0.027753206167042268,-0.007296493757696758,0.0645959419698445,0.060939060939060936,bits per held-out trace,0.019951292864824555,0.006044685873759903,0.035235930635590926,conditional timing centroid difference: positive means later,0.15195194415973637,False
gemma4_31b,Gemma 4 31B,security,Security,conversational,timing,Conflict_of_Perspectives,Perspective conflict,496,0.013614303726212864,-0.009107991171022919,0.036399047281728845,0.12387612387612387,bits per held-out trace,0.005219424496760661,-0.015171370707839327,0.027368699338778488,conditional timing centroid difference: positive means later,0.2402446038809675,False
gemma4_31b,Gemma 4 31B,security,Security,conversational,timing,Reconciliation,Reconciliation,496,0.030256083550819032,0.0007504006646449028,0.057433943407000684,0.01998001998001998,bits per held-out trace,-0.03770997552853661,-0.06121433247164999,-0.01370997399826756,conditional timing centroid difference: positive means later,0.06614075579592821,False
gemma4_31b,Gemma 4 31B,math,Math,cognitive,amount,verification,Verification,499,0.21082003621995607,0.15555609795201542,0.26736481267575934,0.000999000999000999,bits per held-out trace,0.08231261946977561,0.002019285023801704,0.17666497073460957,standardized rate difference: domain minus other domains,0.001510300722899148,True
gemma4_31b,Gemma 4 31B,math,Math,cognitive,amount,backtracking,Backtracking,499,0.07741723464664337,0.05199639200678606,0.09995059346830322,0.000999000999000999,bits per held-out trace,-0.5181368834653931,-0.5773163395409758,-0.4640974732670642,standardized rate difference: domain minus other domains,0.001510300722899148,True
gemma4_31b,Gemma 4 31B,math,Math,cognitive,amount,subgoal,Subgoal setting,499,0.06771192882055392,0.01530729607886361,0.11603799903349815,0.006993006993006993,bits per held-out trace,-0.08309179667275716,-0.16495993162622763,0.004102183139456059,standardized rate difference: domain minus other domains,0.00972940103374886,True
gemma4_31b,Gemma 4 31B,math,Math,cognitive,amount,backward_chaining,Backward chaining,499,0.019763926881891228,0.0055395559505976005,0.03860970177232466,0.005994005994005994,bits per held-out trace,-0.06739662784440857,-0.16252599643581103,0.03337336780636805,standardized rate difference: domain minus other domains,0.008431129310250191,True
gemma4_31b,Gemma 4 31B,math,Math,cognitive,timing,verification,Verification,499,0.08202557496486507,0.04296927198637167,0.11908998939534149,0.000999000999000999,bits per held-out trace,0.1897820942641808,0.17173911272312883,0.2101016754079652,conditional timing centroid difference: positive means later,0.0073772381464689155,True
gemma4_31b,Gemma 4 31B,math,Math,cognitive,timing,backtracking,Backtracking,499,0.03566824247242904,0.018714007572943073,0.05269556037679302,0.000999000999000999,bits per held-out trace,-0.06069413432650367,-0.11520808834348281,-0.00893489448084315,conditional timing centroid difference: positive means later,0.0073772381464689155,True
gemma4_31b,Gemma 4 31B,math,Math,cognitive,timing,subgoal,Subgoal setting,499,0.031366765443426925,0.00748561626039687,0.058269515219970515,0.014985014985014986,bits per held-out trace,-0.10695927139698985,-0.13740905841257894,-0.07578589310653924,conditional timing centroid difference: positive means later,0.05586646363345393,False
gemma4_31b,Gemma 4 31B,math,Math,cognitive,timing,backward_chaining,Backward chaining,499,0.0023432718435294456,-0.013672716096567988,0.016334846781348257,0.3926073926073926,bits per held-out trace,0.039141533712637566,-0.09898144272266785,0.1867824106644139,conditional timing centroid difference: positive means later,0.5289868026710132,False
gemma4_31b,Gemma 4 31B,code,Code,cognitive,amount,verification,Verification,175,0.29706561404016674,0.18068446146306577,0.40337084654001015,0.000999000999000999,bits per held-out trace,-0.09856596832070974,-0.18853885008024007,-0.006623922827369862,standardized rate difference: domain minus other domains,0.001510300722899148,True
gemma4_31b,Gemma 4 31B,code,Code,cognitive,amount,backtracking,Backtracking,175,0.4684405886721093,0.39676712648325285,0.5276875845379924,0.000999000999000999,bits per held-out trace,-0.2282093028215457,-0.29328827437497385,-0.1608683262315265,standardized rate difference: domain minus other domains,0.001510300722899148,True
gemma4_31b,Gemma 4 31B,code,Code,cognitive,amount,subgoal,Subgoal setting,175,0.37000784937040926,0.28788110757142743,0.4624390498366183,0.000999000999000999,bits per held-out trace,-0.06356971153951409,-0.15991680020876145,0.05860667486900125,standardized rate difference: domain minus other domains,0.001510300722899148,True
gemma4_31b,Gemma 4 31B,code,Code,cognitive,amount,backward_chaining,Backward chaining,175,0.0813431435294846,-0.02464469412063341,0.15795789406798524,0.04895104895104895,bits per held-out trace,-0.12127020955081295,-0.20006378060400068,-0.025865779490550446,standardized rate difference: domain minus other domains,0.06044116655049131,False
gemma4_31b,Gemma 4 31B,code,Code,cognitive,timing,verification,Verification,175,0.0669148919876362,0.011490712407004977,0.12489026401827526,0.004995004995004995,bits per held-out trace,-0.03523149147940663,-0.05960917763000938,-0.01313703078935199,conditional timing centroid difference: positive means later,0.02491015478028465,True
gemma4_31b,Gemma 4 31B,code,Code,cognitive,timing,backtracking,Backtracking,175,-0.0035229472245281988,-0.04095735963848252,0.030564586214045703,0.5864135864135864,bits per held-out trace,-0.09555502324336268,-0.1409777260296406,-0.04600493458905456,conditional timing centroid difference: positive means later,0.698348091536946,False
gemma4_31b,Gemma 4 31B,code,Code,cognitive,timing,subgoal,Subgoal setting,175,-0.01427575425320896,-0.044242504935257436,0.015316256497389803,0.8481518481518482,bits per held-out trace,-0.02748187767752802,-0.0636834076664715,0.008537073050642665,conditional timing centroid difference: positive means later,0.8874395359408984,False
gemma4_31b,Gemma 4 31B,code,Code,cognitive,timing,backward_chaining,Backward chaining,175,0.0002705715708230892,-0.01445386284499161,0.015531925647551634,0.4835164835164835,bits per held-out trace,-0.09090353065839274,-0.24446361857100884,0.06460027103721062,conditional timing centroid difference: positive means later,0.6168449490708626,False
gemma4_31b,Gemma 4 31B,gpqa,GPQA,cognitive,amount,verification,Verification,500,0.13892219588755678,0.10847648960729445,0.17260284471410617,0.000999000999000999,bits per held-out trace,0.49157922215240807,0.420802440252327,0.5708714169701009,standardized rate difference: domain minus other domains,0.001510300722899148,True
gemma4_31b,Gemma 4 31B,gpqa,GPQA,cognitive,amount,backtracking,Backtracking,500,0.2105208396727577,0.17457455799040214,0.24670841503239105,0.000999000999000999,bits per held-out trace,0.4161600492503486,0.33004215872671305,0.5088468271030058,standardized rate difference: domain minus other domains,0.001510300722899148,True
gemma4_31b,Gemma 4 31B,gpqa,GPQA,cognitive,amount,subgoal,Subgoal setting,500,0.15112408294656843,0.11951225968728463,0.1817311452153658,0.000999000999000999,bits per held-out trace,-0.5560153807403375,-0.600451570354887,-0.5130994105071406,standardized rate difference: domain minus other domains,0.001510300722899148,True
gemma4_31b,Gemma 4 31B,gpqa,GPQA,cognitive,amount,backward_chaining,Backward chaining,500,0.005222130631998517,-0.00531576781392572,0.014587095817043972,0.1838161838161838,bits per held-out trace,0.1374853342697872,0.05334965728003038,0.2295610822974274,standardized rate difference: domain minus other domains,0.207604160545337,False
gemma4_31b,Gemma 4 31B,gpqa,GPQA,cognitive,timing,verification,Verification,500,0.0030400734843663087,-0.01754820987530986,0.024661176904873752,0.36063936063936064,bits per held-out trace,-0.0413122328107034,-0.05650402610062853,-0.026465262967587052,conditional timing centroid difference: positive means later,0.4999477057238791,False
gemma4_31b,Gemma 4 31B,gpqa,GPQA,cognitive,timing,backtracking,Backtracking,500,0.005937236208515756,-0.004557254505220655,0.016240633367829656,0.14385614385614387,bits per held-out trace,-0.06881779654962028,-0.0964602302151893,-0.04339771134992224,conditional timing centroid difference: positive means later,0.26430985282659925,False
gemma4_31b,Gemma 4 31B,gpqa,GPQA,cognitive,timing,subgoal,Subgoal setting,500,-0.00038978475147140925,-0.014053609333212683,0.013257320091219264,0.5064935064935064,bits per held-out trace,-0.0737420710228126,-0.10069268122444722,-0.045924079829707934,conditional timing centroid difference: positive means later,0.6355996944232237,False
gemma4_31b,Gemma 4 31B,gpqa,GPQA,cognitive,timing,backward_chaining,Backward chaining,500,-0.0015203009635969935,-0.01006626996390395,0.006406521824587048,0.6543456543456544,bits per held-out trace,-0.008524972374027828,-0.07415733461547766,0.06086120969540614,conditional timing centroid difference: positive means later,0.7500559142350188,False
gemma4_31b,Gemma 4 31B,planning,Planning,cognitive,amount,verification,Verification,500,0.37171240756705426,0.2774034190404073,0.4671894877376287,0.000999000999000999,bits per held-out trace,1.1043191721401047,1.0184940187624614,1.1920249831337324,standardized rate difference: domain minus other domains,0.001510300722899148,True
gemma4_31b,Gemma 4 31B,planning,Planning,cognitive,amount,backtracking,Backtracking,500,0.27964938686219126,0.20203744544439178,0.35253403746225354,0.000999000999000999,bits per held-out trace,-0.43010726694306356,-0.4757611288203826,-0.38467983254991484,standardized rate difference: domain minus other domains,0.001510300722899148,True
gemma4_31b,Gemma 4 31B,planning,Planning,cognitive,amount,subgoal,Subgoal setting,500,0.20647730676975426,0.13730762170786656,0.27218788118840404,0.000999000999000999,bits per held-out trace,-0.6880168465348055,-0.735375744005437,-0.6410411340564349,standardized rate difference: domain minus other domains,0.001510300722899148,True
gemma4_31b,Gemma 4 31B,planning,Planning,cognitive,amount,backward_chaining,Backward chaining,500,0.04441615890751453,0.012970869457586373,0.07852743479457229,0.006993006993006993,bits per held-out trace,0.557978314983822,0.3880986947870276,0.7352377644727263,standardized rate difference: domain minus other domains,0.00972940103374886,True
gemma4_31b,Gemma 4 31B,planning,Planning,cognitive,timing,verification,Verification,500,-0.017111944910684074,-0.03367493163472554,-0.00027670586322275383,0.984015984015984,bits per held-out trace,-0.043873932780189806,-0.05763609488257969,-0.030948147353432865,conditional timing centroid difference: positive means later,0.9865852163502293,False
gemma4_31b,Gemma 4 31B,planning,Planning,cognitive,timing,backtracking,Backtracking,500,-0.004288675496972114,-0.016207632011928735,0.007169890168531005,0.7772227772227772,bits per held-out trace,-0.03654482458948621,-0.07438285718533531,0.0030291697667141435,conditional timing centroid difference: positive means later,0.8336691241719174,False
gemma4_31b,Gemma 4 31B,planning,Planning,cognitive,timing,subgoal,Subgoal setting,500,0.008212074431955875,-0.003175129470482282,0.022916897098619916,0.0979020979020979,bits per held-out trace,-0.10225207924959273,-0.13686076127728444,-0.06711423090758196,conditional timing centroid difference: positive means later,0.2098233258454253,False
gemma4_31b,Gemma 4 31B,planning,Planning,cognitive,timing,backward_chaining,Backward chaining,500,-0.00161158185390049,-0.008310469916403503,0.005128221850779501,0.7192807192807192,bits per held-out trace,-0.09481440317505802,-0.15817726352193884,-0.028636456077063843,conditional timing centroid difference: positive means later,0.7936890695511384,False
gemma4_31b,Gemma 4 31B,moral,Moral,cognitive,amount,verification,Verification,500,1.0470873850337503,0.9842650024491294,1.1043704314231706,0.000999000999000999,bits per held-out trace,-1.3741878774326781,-1.4096284880577916,-1.33819197175395,standardized rate difference: domain minus other domains,0.001510300722899148,True
gemma4_31b,Gemma 4 31B,moral,Moral,cognitive,amount,backtracking,Backtracking,500,0.059204823090285755,0.04012405330544286,0.07724224928876335,0.000999000999000999,bits per held-out trace,-0.5159794413774056,-0.5646832147321574,-0.4655511773466872,standardized rate difference: domain minus other domains,0.001510300722899148,True
gemma4_31b,Gemma 4 31B,moral,Moral,cognitive,amount,subgoal,Subgoal setting,500,0.6260909753027534,0.5655002777961473,0.6872755508503848,0.000999000999000999,bits per held-out trace,1.8369735177764668,1.7407369278624276,1.938216367600297,standardized rate difference: domain minus other domains,0.001510300722899148,True
gemma4_31b,Gemma 4 31B,moral,Moral,cognitive,amount,backward_chaining,Backward chaining,500,0.01711698280543147,-0.010064684892119648,0.03209147797168135,0.00999000999000999,bits per held-out trace,-0.27981423648081244,-0.32289298088561347,-0.23998177255345493,standardized rate difference: domain minus other domains,0.013603417858737006,False
gemma4_31b,Gemma 4 31B,moral,Moral,cognitive,timing,verification,Verification,500,0.0016989233195564655,-0.013806285813423115,0.013000170721313127,0.46153846153846156,bits per held-out trace,0.17347502294939998,0.13229051768691374,0.21290909302066882,conditional timing centroid difference: positive means later,0.5987525987525988,False
gemma4_31b,Gemma 4 31B,moral,Moral,cognitive,timing,backtracking,Backtracking,500,0.010299532258656348,-0.02256168010091901,0.035395158813871536,0.2957042957042957,bits per held-out trace,0.41544482743446776,0.37303369884790816,0.45524329735776486,conditional timing centroid difference: positive means later,0.4435564435564435,False
gemma4_31b,Gemma 4 31B,moral,Moral,cognitive,timing,subgoal,Subgoal setting,500,0.03518620460169914,0.01843332508240256,0.05288506423116762,0.000999000999000999,bits per held-out trace,0.32030578002233656,0.29806935202016954,0.3406491439598231,conditional timing centroid difference: positive means later,0.0073772381464689155,True
gemma4_31b,Gemma 4 31B,moral,Moral,cognitive,timing,backward_chaining,Backward chaining,500,0.0012065034990236768,0.0002683183645042119,0.0028218228241951165,0.000999000999000999,bits per held-out trace,,,,conditional timing centroid difference: positive means later,0.0073772381464689155,True
gemma4_31b,Gemma 4 31B,idea,Idea,cognitive,amount,verification,Verification,500,0.23027511055239666,0.19802082642958715,0.2615039814864572,0.000999000999000999,bits per held-out trace,0.5002573993189371,0.435480837991128,0.5726102588496481,standardized rate difference: domain minus other domains,0.001510300722899148,True
gemma4_31b,Gemma 4 31B,idea,Idea,cognitive,amount,backtracking,Backtracking,500,0.39216896086167147,0.2968959781124643,0.49093915569184193,0.000999000999000999,bits per held-out trace,1.2622712295744556,1.1236727522434986,1.4077065641631226,standardized rate difference: domain minus other domains,0.001510300722899148,True
gemma4_31b,Gemma 4 31B,idea,Idea,cognitive,amount,subgoal,Subgoal setting,500,0.17159670447765535,0.12667663679935992,0.21573338616201831,0.000999000999000999,bits per held-out trace,0.2993692491624173,0.22780561960870208,0.3715445279574183,standardized rate difference: domain minus other domains,0.001510300722899148,True
gemma4_31b,Gemma 4 31B,idea,Idea,cognitive,amount,backward_chaining,Backward chaining,500,0.02441610476700079,0.006211176944810532,0.03521523627151132,0.000999000999000999,bits per held-out trace,-0.28314212798007266,-0.3243170828375633,-0.2463829475533516,standardized rate difference: domain minus other domains,0.001510300722899148,True
gemma4_31b,Gemma 4 31B,idea,Idea,cognitive,timing,verification,Verification,500,0.21404675537268675,0.14346508140671546,0.2810812599964249,0.000999000999000999,bits per held-out trace,-0.14301727293173538,-0.16138829492575293,-0.12593274544619934,conditional timing centroid difference: positive means later,0.0073772381464689155,True
gemma4_31b,Gemma 4 31B,idea,Idea,cognitive,timing,backtracking,Backtracking,500,0.026826698014306934,0.007381412584678288,0.048043806037048054,0.003996003996003996,bits per held-out trace,0.01631440809015622,-0.008317994834639662,0.04053266148691755,conditional timing centroid difference: positive means later,0.021612190626275132,True
gemma4_31b,Gemma 4 31B,idea,Idea,cognitive,timing,subgoal,Subgoal setting,500,-0.006029210092524794,-0.01649763534027172,0.004387625531069459,0.8771228771228772,bits per held-out trace,-0.10106677134987496,-0.13113606908560113,-0.06778753811536815,conditional timing centroid difference: positive means later,0.9029897716224794,False
gemma4_31b,Gemma 4 31B,idea,Idea,cognitive,timing,backward_chaining,Backward chaining,500,0.0017840332317304846,0.0005624549862519568,0.004082588550516766,0.000999000999000999,bits per held-out trace,,,,conditional timing centroid difference: positive means later,0.0073772381464689155,True
gemma4_31b,Gemma 4 31B,safety,Safety,cognitive,amount,verification,Verification,313,0.280636830927805,0.2023696238983713,0.3543413791653747,0.000999000999000999,bits per held-out trace,-1.2993359920431307,-1.3427170359204745,-1.2558990944374921,standardized rate difference: domain minus other domains,0.001510300722899148,True
gemma4_31b,Gemma 4 31B,safety,Safety,cognitive,amount,backtracking,Backtracking,313,0.005720438066928198,-0.014954845316171696,0.027295715244860026,0.3036963036963037,bits per held-out trace,-0.5158084923502033,-0.5901527308470998,-0.44090718324399464,standardized rate difference: domain minus other domains,0.332248947633563,False
gemma4_31b,Gemma 4 31B,safety,Safety,cognitive,amount,subgoal,Subgoal setting,313,-0.03426331027263622,-0.07843340993307109,0.0025029856844214437,0.9460539460539461,bits per held-out trace,-0.3223620379375395,-0.43839953815937743,-0.19816440898918142,standardized rate difference: domain minus other domains,0.9485240607956013,False
gemma4_31b,Gemma 4 31B,safety,Safety,cognitive,amount,backward_chaining,Backward chaining,313,0.008327375945089352,0.006430492168785114,0.010178870470475394,0.000999000999000999,bits per held-out trace,-0.2730884171806531,-0.31112552969833857,-0.23877350058392827,standardized rate difference: domain minus other domains,0.001510300722899148,True
gemma4_31b,Gemma 4 31B,safety,Safety,cognitive,timing,verification,Verification,313,0.0030053875811065413,-0.026396855882469483,0.03188713813232127,0.4085914085914086,bits per held-out trace,0.10040847407214015,-0.0005567926289672775,0.18505846510093352,conditional timing centroid difference: positive means later,0.5466867627146372,False
gemma4_31b,Gemma 4 31B,safety,Safety,cognitive,timing,backtracking,Backtracking,313,0.00845295145538249,-0.010865260520557732,0.03150027796320808,0.2057942057942058,bits per held-out trace,0.41147736033605575,0.34154579359077286,0.47715533173973,conditional timing centroid difference: positive means later,0.3420994589825758,False
gemma4_31b,Gemma 4 31B,safety,Safety,cognitive,timing,subgoal,Subgoal setting,313,0.026826575410726156,0.0001648327576158704,0.05289890339346032,0.027972027972027972,bits per held-out trace,0.3393898013544257,0.2865333049537474,0.39035594912354676,conditional timing centroid difference: positive means later,0.08524808524808525,False
gemma4_31b,Gemma 4 31B,safety,Safety,cognitive,timing,backward_chaining,Backward chaining,313,0.00022079122353578018,-7.768519088283337e-05,0.0005258775570771309,0.061938061938061936,bits per held-out trace,,,,conditional timing centroid difference: positive means later,0.15344655344655342,False
gemma4_31b,Gemma 4 31B,security,Security,cognitive,amount,verification,Verification,496,0.22697144197239544,0.18246830306757456,0.2704989425368584,0.000999000999000999,bits per held-out trace,0.09914876383206699,0.02600117973222941,0.1665582628774766,standardized rate difference: domain minus other domains,0.001510300722899148,True
gemma4_31b,Gemma 4 31B,security,Security,cognitive,amount,backtracking,Backtracking,496,0.2127045969122812,0.17564357748331877,0.24760374488955947,0.000999000999000999,bits per held-out trace,0.21809757089935256,0.13317219331422991,0.2981683144697435,standardized rate difference: domain minus other domains,0.001510300722899148,True
gemma4_31b,Gemma 4 31B,security,Security,cognitive,amount,subgoal,Subgoal setting,496,0.3280170065748843,0.26657250597377646,0.3928224231546659,0.000999000999000999,bits per held-out trace,-0.5740634223582818,-0.61942666664965,-0.5253885663847127,standardized rate difference: domain minus other domains,0.001510300722899148,True
gemma4_31b,Gemma 4 31B,security,Security,cognitive,amount,backward_chaining,Backward chaining,496,0.01909162672294677,0.00792210934246257,0.030159077835905466,0.000999000999000999,bits per held-out trace,0.1646141510104289,0.08631108949530081,0.2556037900252948,standardized rate difference: domain minus other domains,0.001510300722899148,True
gemma4_31b,Gemma 4 31B,security,Security,cognitive,timing,verification,Verification,496,0.021888838960534177,-0.0026868703047849265,0.045812999345957374,0.04395604395604396,bits per held-out trace,0.013515879291319144,-0.002780280585597755,0.030556720393994843,conditional timing centroid difference: positive means later,0.11640773020083366,False
gemma4_31b,Gemma 4 31B,security,Security,cognitive,timing,backtracking,Backtracking,496,0.011292964009317426,-0.002859674184338152,0.025988795705095973,0.07792207792207792,bits per held-out trace,-0.05924874962072496,-0.0870457684562027,-0.028873858642251435,conditional timing centroid difference: positive means later,0.17917411929387977,False
gemma4_31b,Gemma 4 31B,security,Security,cognitive,timing,subgoal,Subgoal setting,496,0.023416853623278652,0.008157850984473301,0.0393506206901147,0.001998001998001998,bits per held-out trace,-0.07790546497261719,-0.10854769184620844,-0.0450847646785043,conditional timing centroid difference: positive means later,0.012178297892583607,True
gemma4_31b,Gemma 4 31B,security,Security,cognitive,timing,backward_chaining,Backward chaining,496,0.00134013862328737,-0.010377246680020744,0.0133304278756611,0.42357642357642356,bits per held-out trace,0.10040658157994514,0.039788244654245374,0.16290342063160174,conditional timing centroid difference: positive means later,0.5641417406123289,False
qwen35_4b,Qwen3.5 4B,math,Math,conversational,amount,Question_and_Answering,Question–answer,409,0.019292242083968736,-0.015089294332360692,0.05094557130574877,0.11788211788211789,bits per held-out trace,0.018434084403305715,-0.07990292127007967,0.11620745945034734,standardized rate difference: domain minus other domains,0.13843037696248706,False
qwen35_4b,Qwen3.5 4B,math,Math,conversational,amount,Perspective_Shift,Perspective shift,409,0.15267241739494097,0.024481019965515136,0.2460864403116323,0.001998001998001998,bits per held-out trace,-0.6262692852596841,-0.7123033445381317,-0.5467657331431063,standardized rate difference: domain minus other domains,0.002950895258587566,True
qwen35_4b,Qwen3.5 4B,math,Math,conversational,amount,Conflict_of_Perspectives,Perspective conflict,409,0.44436631156847983,0.3480086060405188,0.5383121578984879,0.000999000999000999,bits per held-out trace,-0.6486842601646367,-0.717790379104502,-0.578163772638155,standardized rate difference: domain minus other domains,0.001510300722899148,True
qwen35_4b,Qwen3.5 4B,math,Math,conversational,amount,Reconciliation,Reconciliation,409,0.053669038179855494,0.02070674245049268,0.08373345935000641,0.000999000999000999,bits per held-out trace,-0.07685305292754847,-0.17481382710440863,0.02019106689395444,standardized rate difference: domain minus other domains,0.001510300722899148,True
qwen35_4b,Qwen3.5 4B,math,Math,conversational,timing,Question_and_Answering,Question–answer,409,-0.0014180156587350749,-0.018922857803048213,0.015043721488725681,0.5864135864135864,bits per held-out trace,0.01859411186637694,0.0023029779810913673,0.03441561549537042,conditional timing centroid difference: positive means later,0.698348091536946,False
qwen35_4b,Qwen3.5 4B,math,Math,conversational,timing,Perspective_Shift,Perspective shift,409,0.014398085531736512,-0.019302115845791605,0.04983877153355849,0.2097902097902098,bits per held-out trace,0.018863542223876983,0.009142659064743382,0.027918373101175207,conditional timing centroid difference: positive means later,0.3472389679286231,False
qwen35_4b,Qwen3.5 4B,math,Math,conversational,timing,Conflict_of_Perspectives,Perspective conflict,409,0.00975363084226067,-0.01021534494259654,0.03153209597401197,0.18081918081918083,bits per held-out trace,0.032888795047467057,0.01235371167963109,0.0521774828790141,conditional timing centroid difference: positive means later,0.3113657642805625,False
qwen35_4b,Qwen3.5 4B,math,Math,conversational,timing,Reconciliation,Reconciliation,409,0.008306959051643166,-0.01831915224121662,0.03767038614909837,0.27372627372627373,bits per held-out trace,-0.03073686056445457,-0.04638639951074451,-0.015422845262440645,conditional timing centroid difference: positive means later,0.4169743300178083,False
qwen35_4b,Qwen3.5 4B,code,Code,conversational,amount,Question_and_Answering,Question–answer,94,1.3637686491398262,0.7423638429319642,1.7906761961256368,0.000999000999000999,bits per held-out trace,-1.0574114768293745,-1.2337627713381336,-0.8464536081844781,standardized rate difference: domain minus other domains,0.001510300722899148,True
qwen35_4b,Qwen3.5 4B,code,Code,conversational,amount,Perspective_Shift,Perspective shift,94,0.31500325394825923,0.016122619543013788,0.5365902500476402,0.005994005994005994,bits per held-out trace,-0.7270209915294576,-0.8955162729999097,-0.5419506684983001,standardized rate difference: domain minus other domains,0.008431129310250191,True
qwen35_4b,Qwen3.5 4B,code,Code,conversational,amount,Conflict_of_Perspectives,Perspective conflict,94,0.22586611979532337,0.07480230512161187,0.38765122919061823,0.005994005994005994,bits per held-out trace,-0.6423203992104719,-0.7655118092555823,-0.5028832993348799,standardized rate difference: domain minus other domains,0.008431129310250191,True
qwen35_4b,Qwen3.5 4B,code,Code,conversational,amount,Reconciliation,Reconciliation,94,0.04253202841402241,-0.11639318419052326,0.17179798042465128,0.31368631368631367,bits per held-out trace,-0.37472778059756534,-0.5746596109194311,-0.1811673814838097,standardized rate difference: domain minus other domains,0.33931139283251954,False
qwen35_4b,Qwen3.5 4B,code,Code,conversational,timing,Question_and_Answering,Question–answer,94,0.08347076211642483,0.01524383458142129,0.1520695468469185,0.012987012987012988,bits per held-out trace,-0.006230741077007496,-0.05413246079303666,0.03975549640136066,conditional timing centroid difference: positive means later,0.0508878876225815,False
qwen35_4b,Qwen3.5 4B,code,Code,conversational,timing,Perspective_Shift,Perspective shift,94,0.1195101479086865,-0.04676281286770703,0.27541818935376955,0.07592407592407592,bits per held-out trace,0.014477627927573344,-0.0072326195702911615,0.038393200620221196,conditional timing centroid difference: positive means later,0.1756315973183443,False
qwen35_4b,Qwen3.5 4B,code,Code,conversational,timing,Conflict_of_Perspectives,Perspective conflict,94,0.06240342040844642,-0.06826679330535133,0.1900227691613776,0.15884115884115885,bits per held-out trace,-0.08534569325509267,-0.12935874734092065,-0.040404105034831043,conditional timing centroid difference: positive means later,0.28238428238428237,False
qwen35_4b,Qwen3.5 4B,code,Code,conversational,timing,Reconciliation,Reconciliation,94,0.14020623340420307,0.015495360429100841,0.24322490539167965,0.004995004995004995,bits per held-out trace,-0.090716581629815,-0.11614697479414554,-0.06089744148834698,conditional timing centroid difference: positive means later,0.02491015478028465,True
qwen35_4b,Qwen3.5 4B,gpqa,GPQA,conversational,amount,Question_and_Answering,Question–answer,339,0.016425648058749756,-0.00508397350502947,0.03793949076907395,0.07392607392607392,bits per held-out trace,0.3802567315853757,0.28240842769687674,0.47758922261859355,standardized rate difference: domain minus other domains,0.08926922134469303,False
qwen35_4b,Qwen3.5 4B,gpqa,GPQA,conversational,amount,Perspective_Shift,Perspective shift,339,0.1179241516041703,0.07349193058414359,0.15912662174557257,0.000999000999000999,bits per held-out trace,-0.17184993240527865,-0.24341570215712405,-0.0948734243738064,standardized rate difference: domain minus other domains,0.001510300722899148,True
qwen35_4b,Qwen3.5 4B,gpqa,GPQA,conversational,amount,Conflict_of_Perspectives,Perspective conflict,339,0.2660362602256069,0.19259083832976595,0.3360898492400923,0.000999000999000999,bits per held-out trace,0.6259911526157623,0.5370816993802191,0.708868761488009,standardized rate difference: domain minus other domains,0.001510300722899148,True
qwen35_4b,Qwen3.5 4B,gpqa,GPQA,conversational,amount,Reconciliation,Reconciliation,339,0.05429396473958269,0.02182705635370312,0.0861005785981912,0.000999000999000999,bits per held-out trace,0.34698481337572074,0.2685250731291861,0.42392662590315944,standardized rate difference: domain minus other domains,0.001510300722899148,True
qwen35_4b,Qwen3.5 4B,gpqa,GPQA,conversational,timing,Question_and_Answering,Question–answer,339,0.013545027501034814,-0.021709497146140476,0.047866680168537616,0.23176823176823177,bits per held-out trace,-0.019355990064335638,-0.030049986931819806,-0.007469276460910196,conditional timing centroid difference: positive means later,0.3677644669380207,False
qwen35_4b,Qwen3.5 4B,gpqa,GPQA,conversational,timing,Perspective_Shift,Perspective shift,339,0.021314117548297384,0.00040624612021197826,0.044354605670206305,0.015984015984015984,bits per held-out trace,0.018976606990586176,0.012092350737216458,0.025557688018950343,conditional timing centroid difference: positive means later,0.05736319755011344,False
qwen35_4b,Qwen3.5 4B,gpqa,GPQA,conversational,timing,Conflict_of_Perspectives,Perspective conflict,339,0.004114341272750578,-0.010388943782886247,0.018004352382348692,0.2867132867132867,bits per held-out trace,-0.005627376903979908,-0.017344645443274846,0.005496057307387443,conditional timing centroid difference: positive means later,0.4317564788153024,False
qwen35_4b,Qwen3.5 4B,gpqa,GPQA,conversational,timing,Reconciliation,Reconciliation,339,-0.0020942794507176356,-0.01739857059358435,0.013463291688952507,0.6283716283716284,bits per held-out trace,-0.04144341083770642,-0.05210746205869918,-0.03084139595790156,conditional timing centroid difference: positive means later,0.7289870250595326,False
qwen35_4b,Qwen3.5 4B,planning,Planning,conversational,amount,Question_and_Answering,Question–answer,448,0.13647480705824605,0.08177355279246837,0.1951392340465929,0.000999000999000999,bits per held-out trace,0.916038675022597,0.8233854160509306,1.010644558078722,standardized rate difference: domain minus other domains,0.001510300722899148,True
qwen35_4b,Qwen3.5 4B,planning,Planning,conversational,amount,Perspective_Shift,Perspective shift,448,0.08228153468542763,0.06009897069037297,0.1053906359541352,0.000999000999000999,bits per held-out trace,-0.7536820439072502,-0.8155436967343052,-0.6929605015398725,standardized rate difference: domain minus other domains,0.001510300722899148,True
qwen35_4b,Qwen3.5 4B,planning,Planning,conversational,amount,Conflict_of_Perspectives,Perspective conflict,448,0.1706144805158931,0.10675057279033029,0.22476502911686858,0.000999000999000999,bits per held-out trace,-0.6276538444909688,-0.6924523161963525,-0.5607764245737472,standardized rate difference: domain minus other domains,0.001510300722899148,True
qwen35_4b,Qwen3.5 4B,planning,Planning,conversational,amount,Reconciliation,Reconciliation,448,0.13184546724815133,0.08735548451267768,0.17628848739477235,0.000999000999000999,bits per held-out trace,-0.32104945796692025,-0.39190481313206116,-0.2542060073990891,standardized rate difference: domain minus other domains,0.001510300722899148,True
qwen35_4b,Qwen3.5 4B,planning,Planning,conversational,timing,Question_and_Answering,Question–answer,448,0.018900041844397333,-0.004874609115391755,0.04451543729604001,0.07892107892107893,bits per held-out trace,-0.05683721936288044,-0.06922941052582789,-0.04382558720908754,conditional timing centroid difference: positive means later,0.1803910375338947,False
qwen35_4b,Qwen3.5 4B,planning,Planning,conversational,timing,Perspective_Shift,Perspective shift,448,0.010347781339613967,-0.014147782858646958,0.03452822429872804,0.1838161838161838,bits per held-out trace,0.03817905298855495,0.030906818064878095,0.045279992175921616,conditional timing centroid difference: positive means later,0.3137129537129537,False
qwen35_4b,Qwen3.5 4B,planning,Planning,conversational,timing,Conflict_of_Perspectives,Perspective conflict,448,-0.0034144104911011802,-0.01586668067005683,0.0077569028324787175,0.7132867132867133,bits per held-out trace,-0.02978022097820593,-0.04564455676447701,-0.015439286943546874,conditional timing centroid difference: positive means later,0.7916245604106876,False
qwen35_4b,Qwen3.5 4B,planning,Planning,conversational,timing,Reconciliation,Reconciliation,448,-0.000972524010404735,-0.022753063044982987,0.01806813000922331,0.5494505494505495,bits per held-out trace,-0.02858657842170287,-0.04134899968767769,-0.01616102480953142,conditional timing centroid difference: positive means later,0.6698063840920985,False
qwen35_4b,Qwen3.5 4B,moral,Moral,conversational,amount,Question_and_Answering,Question–answer,420,-0.0024698303731507717,-0.026428683047701504,0.019612750901309893,0.5454545454545454,bits per held-out trace,-0.1986236637831164,-0.29306655336438664,-0.0937834391164576,standardized rate difference: domain minus other domains,0.5754245754245754,False
qwen35_4b,Qwen3.5 4B,moral,Moral,conversational,amount,Perspective_Shift,Perspective shift,420,0.2255043390282252,0.1915104828000095,0.26572630543366965,0.000999000999000999,bits per held-out trace,0.6189377485223483,0.5482142927599482,0.6948809770054265,standardized rate difference: domain minus other domains,0.001510300722899148,True
qwen35_4b,Qwen3.5 4B,moral,Moral,conversational,amount,Conflict_of_Perspectives,Perspective conflict,420,0.18732575482311747,0.1410067624639387,0.2272623183981198,0.000999000999000999,bits per held-out trace,0.3365130644599923,0.2608702594604076,0.41809720274035445,standardized rate difference: domain minus other domains,0.001510300722899148,True
qwen35_4b,Qwen3.5 4B,moral,Moral,conversational,amount,Reconciliation,Reconciliation,420,0.2008990649232548,0.14252532417955024,0.2659649132023703,0.000999000999000999,bits per held-out trace,0.8053380504732361,0.674186035790001,0.9290884530846428,standardized rate difference: domain minus other domains,0.001510300722899148,True
qwen35_4b,Qwen3.5 4B,moral,Moral,conversational,timing,Question_and_Answering,Question–answer,420,0.0006163967298862621,-0.007950641643432023,0.009333836816461792,0.42957042957042957,bits per held-out trace,0.01035662031123552,-0.008913773976411596,0.028231804076928834,conditional timing centroid difference: positive means later,0.5649145375172773,False
qwen35_4b,Qwen3.5 4B,moral,Moral,conversational,timing,Perspective_Shift,Perspective shift,420,0.03671960533578252,0.003617659844639127,0.08466167031273837,0.015984015984015984,bits per held-out trace,-0.04292014213396744,-0.051015586285422694,-0.034910969690299706,conditional timing centroid difference: positive means later,0.05736319755011344,False
qwen35_4b,Qwen3.5 4B,moral,Moral,conversational,timing,Conflict_of_Perspectives,Perspective conflict,420,-0.004080559586336868,-0.018913369935572924,0.00815203176730764,0.6793206793206793,bits per held-out trace,0.0504960961625503,0.03218530546865029,0.0671055474982885,conditional timing centroid difference: positive means later,0.7649828177687414,False
qwen35_4b,Qwen3.5 4B,moral,Moral,conversational,timing,Reconciliation,Reconciliation,420,0.007425484395233265,-0.006070096074686595,0.020673430116212324,0.14885114885114886,bits per held-out trace,0.017346070722000895,0.00030995075264523615,0.03469346869184895,conditional timing centroid difference: positive means later,0.26961717527755263,False
qwen35_4b,Qwen3.5 4B,idea,Idea,conversational,amount,Question_and_Answering,Question–answer,161,0.23083693334759847,0.1501285120030008,0.3027799726051763,0.000999000999000999,bits per held-out trace,-0.8705465935559822,-0.9570599564050036,-0.7831509999925118,standardized rate difference: domain minus other domains,0.001510300722899148,True
qwen35_4b,Qwen3.5 4B,idea,Idea,conversational,amount,Perspective_Shift,Perspective shift,161,1.3597362337907009,1.2797736771112622,1.4401588598199213,0.000999000999000999,bits per held-out trace,2.443526765640712,2.300760370652295,2.5963505086567817,standardized rate difference: domain minus other domains,0.001510300722899148,True
qwen35_4b,Qwen3.5 4B,idea,Idea,conversational,amount,Conflict_of_Perspectives,Perspective conflict,161,1.1272975085711618,1.0139496208607173,1.2296772791814066,0.000999000999000999,bits per held-out trace,2.3408217777317497,2.173880323641171,2.5011802958793425,standardized rate difference: domain minus other domains,0.001510300722899148,True
qwen35_4b,Qwen3.5 4B,idea,Idea,conversational,amount,Reconciliation,Reconciliation,161,0.20353333811087215,0.12240467874855197,0.27739451407408783,0.000999000999000999,bits per held-out trace,-0.566558697423425,-0.6805436428486532,-0.4561529462061082,standardized rate difference: domain minus other domains,0.001510300722899148,True
qwen35_4b,Qwen3.5 4B,idea,Idea,conversational,timing,Question_and_Answering,Question–answer,161,0.00097038539977204,-0.010976413298293401,0.012655972624225683,0.44555444555444557,bits per held-out trace,-0.060917685003009925,-0.09150233941690243,-0.029418381323517866,conditional timing centroid difference: positive means later,0.5819486635813167,False
qwen35_4b,Qwen3.5 4B,idea,Idea,conversational,timing,Perspective_Shift,Perspective shift,161,0.038597706734681346,-0.0059977909342825144,0.0857122805481167,0.03496503496503497,bits per held-out trace,-0.05667962892940581,-0.06568838229863609,-0.04641255644758836,conditional timing centroid difference: positive means later,0.10095167989904832,False
qwen35_4b,Qwen3.5 4B,idea,Idea,conversational,timing,Conflict_of_Perspectives,Perspective conflict,161,0.07938564137703062,0.0349541524930029,0.13096923305985667,0.000999000999000999,bits per held-out trace,-0.13277802283333917,-0.14657726814205518,-0.1194088563867742,conditional timing centroid difference: positive means later,0.0073772381464689155,True
qwen35_4b,Qwen3.5 4B,idea,Idea,conversational,timing,Reconciliation,Reconciliation,161,0.016403608581275576,-0.006363362571598655,0.04053923319576734,0.0919080919080919,bits per held-out trace,0.07089505384113215,0.04551363646246986,0.09440640430556335,conditional timing centroid difference: positive means later,0.20400408839715198,False
qwen35_4b,Qwen3.5 4B,safety,Safety,conversational,amount,Question_and_Answering,Question–answer,291,0.0097979047610136,-0.01970541145473062,0.028461591161080664,0.3106893106893107,bits per held-out trace,-0.4512959429896806,-0.5640782130987082,-0.33612610664921566,standardized rate difference: domain minus other domains,0.33797364108978845,False
qwen35_4b,Qwen3.5 4B,safety,Safety,conversational,amount,Perspective_Shift,Perspective shift,291,0.034697715793173545,-0.013159549023269008,0.07570115541468794,0.06993006993006994,bits per held-out trace,0.045855636537015514,-0.058005799914741175,0.16128441627607829,standardized rate difference: domain minus other domains,0.08471024243894906,False
qwen35_4b,Qwen3.5 4B,safety,Safety,conversational,amount,Conflict_of_Perspectives,Perspective conflict,291,0.05455170166285051,0.025943073468470627,0.08341851126315869,0.000999000999000999,bits per held-out trace,-0.6448977965578526,-0.7317609288090295,-0.5576712590508085,standardized rate difference: domain minus other domains,0.001510300722899148,True
qwen35_4b,Qwen3.5 4B,safety,Safety,conversational,amount,Reconciliation,Reconciliation,291,-0.010425655597428182,-0.03705103104404237,0.015190578920894723,0.7522477522477522,bits per held-out trace,-0.5711223008068317,-0.7040046460873541,-0.42650347987036097,standardized rate difference: domain minus other domains,0.7662152171435991,False
qwen35_4b,Qwen3.5 4B,safety,Safety,conversational,timing,Question_and_Answering,Question–answer,291,-0.006803543764700909,-0.028215637257230974,0.014259515577131553,0.7222777222777222,bits per held-out trace,0.0987726851547982,0.0714309552118661,0.1271600173456926,conditional timing centroid difference: positive means later,0.7947124508729093,False
qwen35_4b,Qwen3.5 4B,safety,Safety,conversational,timing,Perspective_Shift,Perspective shift,291,0.0020815236601943224,-0.028828879407706568,0.03135768736799029,0.45754245754245754,bits per held-out trace,0.005060291025207109,-0.007578630430883956,0.02004971358902654,conditional timing centroid difference: positive means later,0.5955806904959448,False
qwen35_4b,Qwen3.5 4B,safety,Safety,conversational,timing,Conflict_of_Perspectives,Perspective conflict,291,-0.01658604726551873,-0.037478558871049755,0.0011134259299982016,0.942057942057942,bits per held-out trace,0.07352157218024713,0.04758133192633984,0.10015700640982084,conditional timing centroid difference: positive means later,0.9570112427255284,False
qwen35_4b,Qwen3.5 4B,safety,Safety,conversational,timing,Reconciliation,Reconciliation,291,-0.0028329157563683305,-0.025931366755931815,0.01629319959673188,0.6063936063936064,bits per held-out trace,0.09727563251540228,0.07248874046891042,0.12181408121640411,conditional timing centroid difference: positive means later,0.7142795854452296,False
qwen35_4b,Qwen3.5 4B,security,Security,conversational,amount,Question_and_Answering,Question–answer,185,0.05755735490484359,0.0006507558816964251,0.113425963458971,0.024975024975024976,bits per held-out trace,-0.22924204890031832,-0.3705234340379858,-0.0939952100447032,standardized rate difference: domain minus other domains,0.03196803196803197,True
qwen35_4b,Qwen3.5 4B,security,Security,conversational,amount,Perspective_Shift,Perspective shift,185,0.10503515718989848,0.04318637594508948,0.16582269282220097,0.000999000999000999,bits per held-out trace,0.050499596154029776,-0.05672238589712737,0.16592300237005106,standardized rate difference: domain minus other domains,0.001510300722899148,True
qwen35_4b,Qwen3.5 4B,security,Security,conversational,amount,Conflict_of_Perspectives,Perspective conflict,185,0.2206407848182811,0.1096930173047894,0.3097862331496373,0.000999000999000999,bits per held-out trace,0.11927841906582691,-0.003056216606643247,0.24626844254264507,standardized rate difference: domain minus other domains,0.001510300722899148,True
qwen35_4b,Qwen3.5 4B,security,Security,conversational,amount,Reconciliation,Reconciliation,185,0.0191636383979009,-0.026693130549974454,0.06329994668922581,0.21578421578421578,bits per held-out trace,0.16631311405273339,0.021574432235624167,0.30343140479121244,standardized rate difference: domain minus other domains,0.24087540366610133,False
qwen35_4b,Qwen3.5 4B,security,Security,conversational,timing,Question_and_Answering,Question–answer,185,-0.02236949978947449,-0.05746324162364681,0.007583257153156572,0.8891108891108891,bits per held-out trace,0.020277522572533124,-0.004778995796179705,0.044805322586881254,conditional timing centroid difference: positive means later,0.9104495504495504,False
qwen35_4b,Qwen3.5 4B,security,Security,conversational,timing,Perspective_Shift,Perspective shift,185,-0.011399014514613148,-0.07554743461838007,0.050338161155804556,0.6123876123876124,bits per held-out trace,-0.02914973239956775,-0.042632359376464805,-0.016394422290465192,conditional timing centroid difference: positive means later,0.7191340769322421,False
qwen35_4b,Qwen3.5 4B,security,Security,conversational,timing,Conflict_of_Perspectives,Perspective conflict,185,0.060416577323453846,0.00731673153987267,0.10718575439387058,0.013986013986013986,bits per held-out trace,-0.03030309075955301,-0.050955405431193215,-0.01038678114326375,conditional timing centroid difference: positive means later,0.053706293706293706,False
qwen35_4b,Qwen3.5 4B,security,Security,conversational,timing,Reconciliation,Reconciliation,185,-0.01946348733999645,-0.059216636340075166,0.01792408739483737,0.7962037962037962,bits per held-out trace,0.0038333514648993816,-0.01627642071215734,0.025327274627336416,conditional timing centroid difference: positive means later,0.8469314618899105,False
qwen35_4b,Qwen3.5 4B,math,Math,cognitive,amount,verification,Verification,409,0.4338175433918893,0.3360901776344658,0.5277266717159884,0.000999000999000999,bits per held-out trace,0.9455816490448358,0.8508207129760906,1.03697579083006,standardized rate difference: domain minus other domains,0.001510300722899148,True
qwen35_4b,Qwen3.5 4B,math,Math,cognitive,amount,backtracking,Backtracking,409,0.3864048568007049,0.32417150734881506,0.4508220026951739,0.000999000999000999,bits per held-out trace,-0.496317137621652,-0.5543954502071122,-0.4424808382607814,standardized rate difference: domain minus other domains,0.001510300722899148,True
qwen35_4b,Qwen3.5 4B,math,Math,cognitive,amount,subgoal,Subgoal setting,409,0.31562083315956235,0.23859171620550093,0.3898564241092098,0.000999000999000999,bits per held-out trace,0.15180249971309928,0.04696822112318244,0.25436315341140553,standardized rate difference: domain minus other domains,0.001510300722899148,True
qwen35_4b,Qwen3.5 4B,math,Math,cognitive,amount,backward_chaining,Backward chaining,409,0.025966281425695136,0.003413821835782728,0.04637255363443842,0.01098901098901099,bits per held-out trace,-0.08443114351889282,-0.16875807409959873,0.012043810373691505,standardized rate difference: domain minus other domains,0.014703066967875331,True
qwen35_4b,Qwen3.5 4B,math,Math,cognitive,timing,verification,Verification,409,0.0070116808286805575,-0.00759038347109163,0.02191250636282566,0.18981018981018982,bits per held-out trace,-0.032294482809706815,-0.04236170445996355,-0.020484732487242814,conditional timing centroid difference: positive means later,0.3196803196803197,False
qwen35_4b,Qwen3.5 4B,math,Math,cognitive,timing,backtracking,Backtracking,409,-0.002764105270357593,-0.016814652339717236,0.010728659725401025,0.6753246753246753,bits per held-out trace,-0.057035982942469365,-0.08431093887573521,-0.026848674807022667,conditional timing centroid difference: positive means later,0.7649695437306058,False
qwen35_4b,Qwen3.5 4B,math,Math,cognitive,timing,subgoal,Subgoal setting,409,-0.010019504594741916,-0.02677411096687872,0.005864873092247008,0.8961038961038961,bits per held-out trace,0.008818551937385788,-0.005008393857912034,0.022336903007939123,conditional timing centroid difference: positive means later,0.9151699364465321,False
qwen35_4b,Qwen3.5 4B,math,Math,cognitive,timing,backward_chaining,Backward chaining,409,-0.0018088630419347735,-0.007659509352864123,0.004094454891514371,0.7272727272727273,bits per held-out trace,0.0013136127958169874,-0.0727985199012344,0.07408517395306825,conditional timing centroid difference: positive means later,0.7956487956487955,False
qwen35_4b,Qwen3.5 4B,code,Code,cognitive,amount,verification,Verification,94,0.2306436468686548,-0.010065575587655737,0.46056112638647945,0.027972027972027972,bits per held-out trace,-0.2352995215923174,-0.4058616730798941,-0.047097428424036136,standardized rate difference: domain minus other domains,0.03568524498757057,False
qwen35_4b,Qwen3.5 4B,code,Code,cognitive,amount,backtracking,Backtracking,94,0.09595651890479295,-0.0747009807216219,0.2502606966832626,0.1258741258741259,bits per held-out trace,-0.22257098137297443,-0.32018280662234333,-0.11594250379799248,standardized rate difference: domain minus other domains,0.14647171010807375,False
qwen35_4b,Qwen3.5 4B,code,Code,cognitive,amount,subgoal,Subgoal setting,94,0.23008758692244605,-0.15293011305618054,0.5800163080549317,0.10589410589410589,bits per held-out trace,-0.38438644292156116,-0.5592204826269883,-0.17613022584609564,standardized rate difference: domain minus other domains,0.1255041255041255,False
qwen35_4b,Qwen3.5 4B,code,Code,cognitive,amount,backward_chaining,Backward chaining,94,0.01694421221941115,-0.10022600429851569,0.11170576139336943,0.33166833166833165,bits per held-out trace,-0.03661511523573535,-0.18342384538162512,0.14978885889756965,standardized rate difference: domain minus other domains,0.3577546049456162,False
qwen35_4b,Qwen3.5 4B,code,Code,cognitive,timing,verification,Verification,94,0.07002902402479008,-0.04250151587558235,0.19723539285927397,0.12087912087912088,bits per held-out trace,-0.03493994054035465,-0.06670820587564803,-0.002441657772393838,conditional timing centroid difference: positive means later,0.2368244000897062,False
qwen35_4b,Qwen3.5 4B,code,Code,cognitive,timing,backtracking,Backtracking,94,0.20600091384662056,0.066835365045152,0.35348390743509284,0.001998001998001998,bits per held-out trace,-0.11639631779130505,-0.16734561965766245,-0.06302069699941493,conditional timing centroid difference: positive means later,0.012178297892583607,True
qwen35_4b,Qwen3.5 4B,code,Code,cognitive,timing,subgoal,Subgoal setting,94,0.279548780654226,0.0730630767417257,0.47956572728715574,0.007992007992007992,bits per held-out trace,-0.1483580913370045,-0.18862354242018467,-0.10223919973708545,conditional timing centroid difference: positive means later,0.03487421669239851,True
qwen35_4b,Qwen3.5 4B,code,Code,cognitive,timing,backward_chaining,Backward chaining,94,0.01277285339401783,-0.047796397167436264,0.07683691959123143,0.36563436563436563,bits per held-out trace,-0.15243545399021857,-0.2950810522039995,0.002109220425133876,conditional timing centroid difference: positive means later,0.5050489079266057,False
qwen35_4b,Qwen3.5 4B,gpqa,GPQA,cognitive,amount,verification,Verification,339,0.051301185534620965,0.014328858688196425,0.09206479388398171,0.00999000999000999,bits per held-out trace,0.41435779575577086,0.32144683791313033,0.5066921012656322,standardized rate difference: domain minus other domains,0.013603417858737006,True
qwen35_4b,Qwen3.5 4B,gpqa,GPQA,cognitive,amount,backtracking,Backtracking,339,0.2552431961351641,0.20310581333748443,0.31106027865572194,0.000999000999000999,bits per held-out trace,-0.08439397715556213,-0.15071195523268177,-0.02347997747302504,standardized rate difference: domain minus other domains,0.001510300722899148,True
qwen35_4b,Qwen3.5 4B,gpqa,GPQA,cognitive,amount,subgoal,Subgoal setting,339,0.06355717549331913,0.04424456259326138,0.0832724926552105,0.000999000999000999,bits per held-out trace,-0.7252078582037922,-0.7797296740027653,-0.6690039448023518,standardized rate difference: domain minus other domains,0.001510300722899148,True
qwen35_4b,Qwen3.5 4B,gpqa,GPQA,cognitive,amount,backward_chaining,Backward chaining,339,0.010362375663637144,-0.00039712707052136224,0.021506728084184294,0.04095904095904096,bits per held-out trace,0.34696313856751776,0.23389822154242534,0.4756623925790541,standardized rate difference: domain minus other domains,0.05123215546668315,False
qwen35_4b,Qwen3.5 4B,gpqa,GPQA,cognitive,timing,verification,Verification,339,-0.0025497191228375697,-0.011827020455475961,0.006231706996540149,0.6973026973026973,bits per held-out trace,-0.04210190869954933,-0.05155742465865866,-0.032728207830916976,conditional timing centroid difference: positive means later,0.7783844062913831,False
qwen35_4b,Qwen3.5 4B,gpqa,GPQA,cognitive,timing,backtracking,Backtracking,339,0.002150522029477716,-0.008281486475323214,0.01267335201889321,0.35064935064935066,bits per held-out trace,-0.07015420208518658,-0.09001677381512148,-0.050413729465577706,conditional timing centroid difference: positive means later,0.4950343773873186,False
qwen35_4b,Qwen3.5 4B,gpqa,GPQA,cognitive,timing,subgoal,Subgoal setting,339,0.020991238615254308,0.0007427061962085992,0.04077938670053588,0.016983016983016984,bits per held-out trace,0.002260168445068933,-0.013361134881515992,0.018373667631210698,conditional timing centroid difference: positive means later,0.059286168377077474,False
qwen35_4b,Qwen3.5 4B,gpqa,GPQA,cognitive,timing,backward_chaining,Backward chaining,339,-0.0005243023128459561,-0.01668248619888453,0.015086572068865068,0.5154845154845155,bits per held-out trace,0.1308613130601206,0.0765514791530231,0.18289296624135915,conditional timing centroid difference: positive means later,0.642681993331344,False
qwen35_4b,Qwen3.5 4B,planning,Planning,cognitive,amount,verification,Verification,448,0.20910091777875342,0.16442514501783628,0.25949376898981835,0.000999000999000999,bits per held-out trace,0.8944882048701196,0.8132382314865436,0.9717647372248999,standardized rate difference: domain minus other domains,0.001510300722899148,True
qwen35_4b,Qwen3.5 4B,planning,Planning,cognitive,amount,backtracking,Backtracking,448,0.293847273151097,0.21745040190309908,0.36335638105358825,0.000999000999000999,bits per held-out trace,-0.6243102243816292,-0.6717306484808345,-0.5780814044182819,standardized rate difference: domain minus other domains,0.001510300722899148,True
qwen35_4b,Qwen3.5 4B,planning,Planning,cognitive,amount,subgoal,Subgoal setting,448,0.17729424981578193,0.10564029305524646,0.23538947332195018,0.000999000999000999,bits per held-out trace,-0.9700458165180543,-1.023540582118138,-0.919106848224529,standardized rate difference: domain minus other domains,0.001510300722899148,True
qwen35_4b,Qwen3.5 4B,planning,Planning,cognitive,amount,backward_chaining,Backward chaining,448,0.029549769587504826,0.005787152255433973,0.056173435229738826,0.01098901098901099,bits per held-out trace,0.5492998978699497,0.3960052825686243,0.7293744182531701,standardized rate difference: domain minus other domains,0.014703066967875331,True
qwen35_4b,Qwen3.5 4B,planning,Planning,cognitive,timing,verification,Verification,448,-0.00018904047495591964,-0.007318964935787626,0.007100245837501085,0.5114885114885115,bits per held-out trace,-0.0416092949175052,-0.05139988102293598,-0.03229243590215038,conditional timing centroid difference: positive means later,0.6397771609497994,False
qwen35_4b,Qwen3.5 4B,planning,Planning,cognitive,timing,backtracking,Backtracking,448,0.014948247533274712,0.0017782773456106323,0.028707064129497827,0.016983016983016984,bits per held-out trace,-0.047442338658250816,-0.07297797967772772,-0.021193313243164286,conditional timing centroid difference: positive means later,0.059286168377077474,False
qwen35_4b,Qwen3.5 4B,planning,Planning,cognitive,timing,subgoal,Subgoal setting,448,0.010493767551165548,-0.0057861293801357416,0.026240536087982012,0.11288711288711288,bits per held-out trace,0.002728886930748242,-0.01656286969027835,0.023732823403372374,conditional timing centroid difference: positive means later,0.2269562897835149,False
qwen35_4b,Qwen3.5 4B,planning,Planning,cognitive,timing,backward_chaining,Backward chaining,448,-0.0012145000551993309,-0.009191500654235843,0.006462591176135257,0.6263736263736264,bits per held-out trace,-0.11850330618384258,-0.1706156192714531,-0.06476560709099012,conditional timing centroid difference: positive means later,0.7288711288711288,False
qwen35_4b,Qwen3.5 4B,moral,Moral,cognitive,amount,verification,Verification,420,0.5252645414415852,0.40931308210433365,0.6033533194621434,0.000999000999000999,bits per held-out trace,-1.3011489900435653,-1.3507942554998558,-1.2453639753302397,standardized rate difference: domain minus other domains,0.001510300722899148,True
qwen35_4b,Qwen3.5 4B,moral,Moral,cognitive,amount,backtracking,Backtracking,420,0.28509395119418385,0.2350776269766089,0.3360820009817945,0.000999000999000999,bits per held-out trace,0.09909398759379498,0.03601026095244652,0.16033466138803446,standardized rate difference: domain minus other domains,0.001510300722899148,True
qwen35_4b,Qwen3.5 4B,moral,Moral,cognitive,amount,subgoal,Subgoal setting,420,0.18052036168254124,0.13786352385349168,0.21474526434254793,0.000999000999000999,bits per held-out trace,1.0852855886654218,1.0001064810765703,1.1718146252828021,standardized rate difference: domain minus other domains,0.001510300722899148,True
qwen35_4b,Qwen3.5 4B,moral,Moral,cognitive,amount,backward_chaining,Backward chaining,420,0.025082781570518443,0.012886387291326658,0.03418557270895961,0.000999000999000999,bits per held-out trace,-0.3488585679128877,-0.3964797451529346,-0.3018870145103865,standardized rate difference: domain minus other domains,0.001510300722899148,True
qwen35_4b,Qwen3.5 4B,moral,Moral,cognitive,timing,verification,Verification,420,0.03369160984828666,0.00623580643719014,0.06247288029565153,0.005994005994005994,bits per held-out trace,0.17479013886225525,0.15666009269625875,0.19277282925564934,conditional timing centroid difference: positive means later,0.028069491484125634,True
qwen35_4b,Qwen3.5 4B,moral,Moral,cognitive,timing,backtracking,Backtracking,420,0.007516215245675237,-0.031068041225995914,0.03915605465111341,0.3726273726273726,bits per held-out trace,0.18467961311206588,0.16030530212437877,0.20972050153905744,conditional timing centroid difference: positive means later,0.5110318253175397,False
qwen35_4b,Qwen3.5 4B,moral,Moral,cognitive,timing,subgoal,Subgoal setting,420,0.016016697610146124,-0.00419138110233183,0.03441297386032517,0.07092907092907093,bits per held-out trace,0.09647816719099289,0.08322254777883359,0.10974557470888817,conditional timing centroid difference: positive means later,0.16507129234401963,False
qwen35_4b,Qwen3.5 4B,moral,Moral,cognitive,timing,backward_chaining,Backward chaining,420,-0.0009227833349984092,-0.0064572071812856275,0.002311422784145101,0.5474525474525475,bits per held-out trace,,,,conditional timing centroid difference: positive means later,0.6694961089865548,False
qwen35_4b,Qwen3.5 4B,idea,Idea,cognitive,amount,verification,Verification,161,0.3356130457489002,0.303601931366379,0.36338726005013017,0.000999000999000999,bits per held-out trace,-0.4328973650154894,-0.5074367515417811,-0.3533567117897637,standardized rate difference: domain minus other domains,0.001510300722899148,True
qwen35_4b,Qwen3.5 4B,idea,Idea,cognitive,amount,backtracking,Backtracking,161,2.57678153256115,2.5070287376952045,2.64152529807584,0.000999000999000999,bits per held-out trace,3.425515506323896,3.2616057740145217,3.5913730660325998,standardized rate difference: domain minus other domains,0.001510300722899148,True
qwen35_4b,Qwen3.5 4B,idea,Idea,cognitive,amount,subgoal,Subgoal setting,161,0.2044315607013866,0.16195253347323796,0.24351295823173064,0.000999000999000999,bits per held-out trace,-0.3342415163389537,-0.39648306056536065,-0.2666286955064342,standardized rate difference: domain minus other domains,0.001510300722899148,True
qwen35_4b,Qwen3.5 4B,idea,Idea,cognitive,amount,backward_chaining,Backward chaining,161,0.03287027089311362,-0.0024846032064217176,0.05969441903769972,0.01098901098901099,bits per held-out trace,-0.2872285628614204,-0.3371872893927948,-0.23817458752778936,standardized rate difference: domain minus other domains,0.014703066967875331,False
qwen35_4b,Qwen3.5 4B,idea,Idea,cognitive,timing,verification,Verification,161,0.001319762848473216,-0.012737706620631038,0.014610959478391632,0.4275724275724276,bits per held-out trace,-0.16520014958704055,-0.1816515034641173,-0.14987010503192394,conditional timing centroid difference: positive means later,0.5642192858687705,False
qwen35_4b,Qwen3.5 4B,idea,Idea,cognitive,timing,backtracking,Backtracking,161,0.010958918783023122,7.235327372208029e-06,0.023682197973188712,0.03796203796203796,bits per held-out trace,-0.02722121044020731,-0.04370319586350995,-0.010140800311766625,conditional timing centroid difference: positive means later,0.10640454436074874,False
qwen35_4b,Qwen3.5 4B,idea,Idea,cognitive,timing,subgoal,Subgoal setting,161,-0.0007724286923947785,-0.0036897117706943035,0.0014402338129617298,0.7172827172827173,bits per held-out trace,-0.05254373694185699,-0.07481288631728038,-0.030203691828341483,conditional timing centroid difference: positive means later,0.7936890695511384,False
qwen35_4b,Qwen3.5 4B,idea,Idea,cognitive,timing,backward_chaining,Backward chaining,161,3.6464302158028296e-05,-0.00015308253702185466,0.00021706391411644015,0.3706293706293706,bits per held-out trace,,,,conditional timing centroid difference: positive means later,0.5101135423716069,False
qwen35_4b,Qwen3.5 4B,safety,Safety,cognitive,amount,verification,Verification,291,0.21540206055072209,0.16605908718230425,0.2571428812324397,0.000999000999000999,bits per held-out trace,-0.8624743753493386,-0.941979747780576,-0.7832550790471545,standardized rate difference: domain minus other domains,0.001510300722899148,True
qwen35_4b,Qwen3.5 4B,safety,Safety,cognitive,amount,backtracking,Backtracking,291,0.0761595452556722,0.03873497265512024,0.11343705798255858,0.000999000999000999,bits per held-out trace,-0.1577989040114931,-0.22894561078745782,-0.08759602397807724,standardized rate difference: domain minus other domains,0.001510300722899148,True
qwen35_4b,Qwen3.5 4B,safety,Safety,cognitive,amount,subgoal,Subgoal setting,291,-0.001779648515942623,-0.05228177255694655,0.046025922322940276,0.5484515484515484,bits per held-out trace,1.1366207135125619,1.0101766298025303,1.2818389363244043,standardized rate difference: domain minus other domains,0.5770010811106702,False
qwen35_4b,Qwen3.5 4B,safety,Safety,cognitive,amount,backward_chaining,Backward chaining,291,0.010026763125941193,0.00796523055695152,0.012823754222093923,0.000999000999000999,bits per held-out trace,-0.33627582544043244,-0.3833450536083444,-0.29258649192081576,standardized rate difference: domain minus other domains,0.001510300722899148,True
qwen35_4b,Qwen3.5 4B,safety,Safety,cognitive,timing,verification,Verification,291,0.042996201505340094,-0.0002961282727744111,0.08476979270863087,0.025974025974025976,bits per held-out trace,0.02250641779749507,0.0007725981835383313,0.045684195110700786,conditional timing centroid difference: positive means later,0.08108964206525182,False
qwen35_4b,Qwen3.5 4B,safety,Safety,cognitive,timing,backtracking,Backtracking,291,0.015378067982815843,-0.011808196373728173,0.04209197348552715,0.14185814185814186,bits per held-out trace,0.07460852120873618,0.04023708855445852,0.10888498622602227,conditional timing centroid difference: positive means later,0.26315713272235014,False
qwen35_4b,Qwen3.5 4B,safety,Safety,cognitive,timing,subgoal,Subgoal setting,291,0.008668578388469043,-0.012190786739203738,0.02808156909432704,0.21178821178821178,bits per held-out trace,-0.01168968262746023,-0.03230612790161933,0.008712991454978216,conditional timing centroid difference: positive means later,0.3490415164234907,False
qwen35_4b,Qwen3.5 4B,safety,Safety,cognitive,timing,backward_chaining,Backward chaining,291,0.001455028723946178,0.0008787999946658393,0.002020627738170193,0.000999000999000999,bits per held-out trace,,,,conditional timing centroid difference: positive means later,0.0073772381464689155,True
qwen35_4b,Qwen3.5 4B,security,Security,cognitive,amount,verification,Verification,185,0.4682565857090031,0.3452300547270028,0.5831877090154967,0.000999000999000999,bits per held-out trace,-0.053199216968498615,-0.19258040275318505,0.08507308176149811,standardized rate difference: domain minus other domains,0.001510300722899148,True
qwen35_4b,Qwen3.5 4B,security,Security,cognitive,amount,backtracking,Backtracking,185,0.5401359406494584,0.4758820892939417,0.6034851854559133,0.000999000999000999,bits per held-out trace,-0.4056985625594472,-0.4673120921477558,-0.34539591268501674,standardized rate difference: domain minus other domains,0.001510300722899148,True
qwen35_4b,Qwen3.5 4B,security,Security,cognitive,amount,subgoal,Subgoal setting,185,0.3773004593576422,0.1850894085168586,0.5411755557926867,0.000999000999000999,bits per held-out trace,-0.4019263876979367,-0.5053772016568208,-0.28951546669253525,standardized rate difference: domain minus other domains,0.001510300722899148,True
qwen35_4b,Qwen3.5 4B,security,Security,cognitive,amount,backward_chaining,Backward chaining,185,0.010295085446240247,-0.00834780330177269,0.025449766024341302,0.1048951048951049,bits per held-out trace,-0.1104964059807483,-0.21169636342844061,0.002792763468564558,standardized rate difference: domain minus other domains,0.12470501634588323,False
qwen35_4b,Qwen3.5 4B,security,Security,cognitive,timing,verification,Verification,185,0.00196439143964277,-0.02548390798743912,0.026689965696559795,0.4245754245754246,bits per held-out trace,0.005168982492105956,-0.01313668976030869,0.023853923443571137,conditional timing centroid difference: positive means later,0.5641417406123289,False
qwen35_4b,Qwen3.5 4B,security,Security,cognitive,timing,backtracking,Backtracking,185,0.03198250134182145,-0.024673473610638173,0.0890216228154647,0.13286713286713286,bits per held-out trace,-0.10403278183890996,-0.14057018117619297,-0.06640399052750959,conditional timing centroid difference: positive means later,0.25010283833813246,False
qwen35_4b,Qwen3.5 4B,security,Security,cognitive,timing,subgoal,Subgoal setting,185,0.0073825174707325665,-0.02856328540352793,0.04782768613011267,0.33766233766233766,bits per held-out trace,-0.08017947169724698,-0.10456071790551008,-0.052474115036301755,conditional timing centroid difference: positive means later,0.4834422083492716,False
qwen35_4b,Qwen3.5 4B,security,Security,cognitive,timing,backward_chaining,Backward chaining,185,-0.004903151098654675,-0.01503004678103273,0.0039009284146107335,0.8351648351648352,bits per held-out trace,-0.057852506133274695,-0.17365972745529432,0.0801325471751038,conditional timing centroid difference: positive means later,0.8834801562074289,False
qwen35_9b,Qwen3.5 9B,math,Math,conversational,amount,Question_and_Answering,Question–answer,439,0.023314771851610617,-0.002807135691081948,0.04580561062454551,0.03596403596403597,bits per held-out trace,0.13454048430317184,0.03683727082851144,0.2338080284406751,standardized rate difference: domain minus other domains,0.045729105331754345,False
qwen35_9b,Qwen3.5 9B,math,Math,conversational,amount,Perspective_Shift,Perspective shift,439,0.256043096086504,0.19390545801073047,0.3112432663031847,0.000999000999000999,bits per held-out trace,-0.6899157523244626,-0.7592193292933046,-0.61845346498035,standardized rate difference: domain minus other domains,0.001510300722899148,True
qwen35_9b,Qwen3.5 9B,math,Math,conversational,amount,Conflict_of_Perspectives,Perspective conflict,439,0.5595206662707244,0.4646680217416552,0.6539264363087732,0.000999000999000999,bits per held-out trace,-0.7544765002979344,-0.8160251889545486,-0.6817896210456029,standardized rate difference: domain minus other domains,0.001510300722899148,True
qwen35_9b,Qwen3.5 9B,math,Math,conversational,amount,Reconciliation,Reconciliation,439,0.04366227818624642,0.019075425511289705,0.06916604799082389,0.000999000999000999,bits per held-out trace,0.050739846174747215,-0.045173586210839334,0.15246133335155793,standardized rate difference: domain minus other domains,0.001510300722899148,True
qwen35_9b,Qwen3.5 9B,math,Math,conversational,timing,Question_and_Answering,Question–answer,439,0.0003220409414911939,-0.016515964580410155,0.01560243798726469,0.4755244755244755,bits per held-out trace,0.01585486835371508,-0.0007279117947760399,0.03308206941488426,conditional timing centroid difference: positive means later,0.612756371145633,False
qwen35_9b,Qwen3.5 9B,math,Math,conversational,timing,Perspective_Shift,Perspective shift,439,0.008710665317482267,-0.014271345028087051,0.030266799622953533,0.24475524475524477,bits per held-out trace,0.020431143721028056,0.01094481428386539,0.030430189947331397,conditional timing centroid difference: positive means later,0.3820569674228211,False
qwen35_9b,Qwen3.5 9B,math,Math,conversational,timing,Conflict_of_Perspectives,Perspective conflict,439,0.030331172789536287,0.0009132680623069448,0.055741329712286784,0.015984015984015984,bits per held-out trace,0.046021723958308725,0.02519501770539074,0.06882270902524903,conditional timing centroid difference: positive means later,0.05736319755011344,False
qwen35_9b,Qwen3.5 9B,math,Math,conversational,timing,Reconciliation,Reconciliation,439,0.009588886942857266,-0.010519350076627992,0.029759797190041376,0.18681318681318682,bits per held-out trace,-0.035279521351209375,-0.05054286098984566,-0.018911350076363482,conditional timing centroid difference: positive means later,0.3174170961781581,False
qwen35_9b,Qwen3.5 9B,code,Code,conversational,amount,Question_and_Answering,Question–answer,131,1.0827924468115122,0.6016937028241613,1.4883251615365332,0.000999000999000999,bits per held-out trace,-0.9659737275582435,-1.1826226665372352,-0.6790449658145107,standardized rate difference: domain minus other domains,0.001510300722899148,True
qwen35_9b,Qwen3.5 9B,code,Code,conversational,amount,Perspective_Shift,Perspective shift,131,0.20836070531658799,-0.19118074197661383,0.5582357519366618,0.17682317682317683,bits per held-out trace,-0.6957299069536814,-0.8844551880955959,-0.47447133561990645,standardized rate difference: domain minus other domains,0.20088786952692278,False
qwen35_9b,Qwen3.5 9B,code,Code,conversational,amount,Conflict_of_Perspectives,Perspective conflict,131,-0.07601710297930403,-0.35008905493814396,0.15000012035188545,0.6013986013986014,bits per held-out trace,-0.379377713032913,-0.6385746800527197,-0.01803917053638304,standardized rate difference: domain minus other domains,0.6224718677548866,False
qwen35_9b,Qwen3.5 9B,code,Code,conversational,amount,Reconciliation,Reconciliation,131,0.09610736940467755,-0.08993491568601923,0.25679542867059185,0.13586413586413587,bits per held-out trace,-0.4586883459681156,-0.6486088798034083,-0.2468069929161468,standardized rate difference: domain minus other domains,0.1571440607585186,False
qwen35_9b,Qwen3.5 9B,code,Code,conversational,timing,Question_and_Answering,Question–answer,131,0.06291660897137329,0.0019132960496035356,0.12279775417832944,0.028971028971028972,bits per held-out trace,-0.0477861762620313,-0.08616254411365085,-0.005472499719082258,conditional timing centroid difference: positive means later,0.08759744192815058,False
qwen35_9b,Qwen3.5 9B,code,Code,conversational,timing,Perspective_Shift,Perspective shift,131,0.08530104044277036,-0.14040267828972322,0.2873937877312648,0.22577422577422576,bits per held-out trace,0.021194099479738493,-0.004635549838984769,0.04797291604587603,conditional timing centroid difference: positive means later,0.3642743810811037,False
qwen35_9b,Qwen3.5 9B,code,Code,conversational,timing,Conflict_of_Perspectives,Perspective conflict,131,-0.001800534581447628,-0.0624893595778684,0.052375244911531574,0.5584415584415584,bits per held-out trace,-0.04534443076452499,-0.08745942333435933,-0.003688451404556999,conditional timing centroid difference: positive means later,0.6786125267137925,False
qwen35_9b,Qwen3.5 9B,code,Code,conversational,timing,Reconciliation,Reconciliation,131,0.11710959082306957,0.04022594805789423,0.1985137802716388,0.001998001998001998,bits per held-out trace,-0.07769189335374671,-0.11482086453016918,-0.042310944187388594,conditional timing centroid difference: positive means later,0.012178297892583607,True
qwen35_9b,Qwen3.5 9B,gpqa,GPQA,conversational,amount,Question_and_Answering,Question–answer,422,0.027820959983832612,0.003047140160530217,0.05211936739142668,0.013986013986013986,bits per held-out trace,0.45396698534876917,0.3723997003187223,0.5384432590822443,standardized rate difference: domain minus other domains,0.01845577103309062,True
qwen35_9b,Qwen3.5 9B,gpqa,GPQA,conversational,amount,Perspective_Shift,Perspective shift,422,0.1346392421359637,0.09853198525128913,0.17025676921030156,0.000999000999000999,bits per held-out trace,-0.2560344708955917,-0.3217920705383519,-0.19442490731486237,standardized rate difference: domain minus other domains,0.001510300722899148,True
qwen35_9b,Qwen3.5 9B,gpqa,GPQA,conversational,amount,Conflict_of_Perspectives,Perspective conflict,422,0.2178631355058541,0.16307495046986425,0.2731154722146427,0.000999000999000999,bits per held-out trace,0.4710829406094263,0.40215097947391654,0.5452208310080853,standardized rate difference: domain minus other domains,0.001510300722899148,True
qwen35_9b,Qwen3.5 9B,gpqa,GPQA,conversational,amount,Reconciliation,Reconciliation,422,0.05170309186799984,0.021197686336639487,0.07895514979442583,0.000999000999000999,bits per held-out trace,0.3991450568668048,0.3259908437676277,0.478674101018181,standardized rate difference: domain minus other domains,0.001510300722899148,True
qwen35_9b,Qwen3.5 9B,gpqa,GPQA,conversational,timing,Question_and_Answering,Question–answer,422,-0.0007668923013242395,-0.02509625496441712,0.019874892133185974,0.4915084915084915,bits per held-out trace,-0.024573053577628845,-0.036386468494641416,-0.01224125822091293,conditional timing centroid difference: positive means later,0.6229018506246229,False
qwen35_9b,Qwen3.5 9B,gpqa,GPQA,conversational,timing,Perspective_Shift,Perspective shift,422,0.026747966264787197,0.010492506337741092,0.04380408098341197,0.000999000999000999,bits per held-out trace,0.020400449787169983,0.01434790418354859,0.026955164212056834,conditional timing centroid difference: positive means later,0.0073772381464689155,True
qwen35_9b,Qwen3.5 9B,gpqa,GPQA,conversational,timing,Conflict_of_Perspectives,Perspective conflict,422,0.00018723672046388475,-0.02074718744094739,0.020420927033601863,0.4945054945054945,bits per held-out trace,-0.000870483056761906,-0.011722155309995059,0.010217985661634588,conditional timing centroid difference: positive means later,0.6246385193753615,False
qwen35_9b,Qwen3.5 9B,gpqa,GPQA,conversational,timing,Reconciliation,Reconciliation,422,-0.006337953028998762,-0.03895016233172843,0.018917110977565023,0.6483516483516484,bits per held-out trace,-0.049739488716075586,-0.05980690242798443,-0.03924599060545288,conditional timing centroid difference: positive means later,0.7454102783444102,False
qwen35_9b,Qwen3.5 9B,planning,Planning,conversational,amount,Question_and_Answering,Question–answer,493,0.10164561319522838,0.06039069136522771,0.14126484469549722,0.000999000999000999,bits per held-out trace,0.8052213525489361,0.7151411775405343,0.8868284779953362,standardized rate difference: domain minus other domains,0.001510300722899148,True
qwen35_9b,Qwen3.5 9B,planning,Planning,conversational,amount,Perspective_Shift,Perspective shift,493,0.15586458873043532,0.12806161884988884,0.18817540011885678,0.000999000999000999,bits per held-out trace,-0.8529413928124994,-0.9118421747740747,-0.797735979647615,standardized rate difference: domain minus other domains,0.001510300722899148,True
qwen35_9b,Qwen3.5 9B,planning,Planning,conversational,amount,Conflict_of_Perspectives,Perspective conflict,493,0.2429266419876884,0.1748536191997576,0.30442154258172605,0.000999000999000999,bits per held-out trace,-0.7079163882459911,-0.7636546144763979,-0.6469932571319773,standardized rate difference: domain minus other domains,0.001510300722899148,True
qwen35_9b,Qwen3.5 9B,planning,Planning,conversational,amount,Reconciliation,Reconciliation,493,0.11315253768118388,0.07560276754522198,0.15250843252798035,0.000999000999000999,bits per held-out trace,-0.31201827335338955,-0.3788984144463363,-0.24295893616509928,standardized rate difference: domain minus other domains,0.001510300722899148,True
qwen35_9b,Qwen3.5 9B,planning,Planning,conversational,timing,Question_and_Answering,Question–answer,493,0.013564730639641373,-0.005386563861868344,0.033002434482977565,0.08591408591408592,bits per held-out trace,-0.054843737765493006,-0.06898791137272622,-0.03996224327307067,conditional timing centroid difference: positive means later,0.1929298771404035,False
qwen35_9b,Qwen3.5 9B,planning,Planning,conversational,timing,Perspective_Shift,Perspective shift,493,0.03386673687676559,0.001639521964385715,0.06425029634273122,0.01998001998001998,bits per held-out trace,0.04530728036839854,0.03819740985021633,0.05243871216210694,conditional timing centroid difference: positive means later,0.06614075579592821,False
qwen35_9b,Qwen3.5 9B,planning,Planning,conversational,timing,Conflict_of_Perspectives,Perspective conflict,493,0.01571604577171777,-0.001055884228918243,0.03314268488359901,0.04495504495504495,bits per held-out trace,-0.01751813468685859,-0.03385947225982045,-0.0023476383035909675,conditional timing centroid difference: positive means later,0.11823792645710453,False
qwen35_9b,Qwen3.5 9B,planning,Planning,conversational,timing,Reconciliation,Reconciliation,493,0.006192230742973577,-0.006001342397867048,0.0180289216900607,0.15784215784215785,bits per held-out trace,-0.016753724049169527,-0.02921244542205734,-0.0044716133466677944,conditional timing centroid difference: positive means later,0.2819134354018075,False
qwen35_9b,Qwen3.5 9B,moral,Moral,conversational,amount,Question_and_Answering,Question–answer,485,-0.011018730504914344,-0.03427813833236789,0.00908112967490791,0.8281718281718282,bits per held-out trace,-0.2158557316756081,-0.29964834670972557,-0.1214606423351502,standardized rate difference: domain minus other domains,0.8413174127459843,False
qwen35_9b,Qwen3.5 9B,moral,Moral,conversational,amount,Perspective_Shift,Perspective shift,485,0.2591996433229482,0.21315642584178393,0.30220336673620063,0.000999000999000999,bits per held-out trace,0.6319345824896043,0.5615498444288257,0.7041608403437454,standardized rate difference: domain minus other domains,0.001510300722899148,True
qwen35_9b,Qwen3.5 9B,moral,Moral,conversational,amount,Conflict_of_Perspectives,Perspective conflict,485,0.1663489013454183,0.1267362407052342,0.20338642624513067,0.000999000999000999,bits per held-out trace,0.17775958568514275,0.10885453647907486,0.2507950405005655,standardized rate difference: domain minus other domains,0.001510300722899148,True
qwen35_9b,Qwen3.5 9B,moral,Moral,conversational,amount,Reconciliation,Reconciliation,485,0.19090595015535325,0.13874409025106044,0.2430880200460271,0.000999000999000999,bits per held-out trace,0.7188645166794746,0.609377736076113,0.8269893891312737,standardized rate difference: domain minus other domains,0.001510300722899148,True
qwen35_9b,Qwen3.5 9B,moral,Moral,conversational,timing,Question_and_Answering,Question–answer,485,0.004874919711257139,-0.0034979531113023274,0.013449487316919433,0.11588411588411589,bits per held-out trace,0.025291583242090465,0.005117962758262468,0.04540181388730788,conditional timing centroid difference: positive means later,0.23056736010103884,False
qwen35_9b,Qwen3.5 9B,moral,Moral,conversational,timing,Perspective_Shift,Perspective shift,485,0.04259386849506625,0.013448719393255334,0.07984420958379805,0.001998001998001998,bits per held-out trace,-0.03038989375246154,-0.03850207623555125,-0.021935843993459894,conditional timing centroid difference: positive means later,0.012178297892583607,True
qwen35_9b,Qwen3.5 9B,moral,Moral,conversational,timing,Conflict_of_Perspectives,Perspective conflict,485,0.0032894849620839725,-0.017096406761214284,0.024806731442136232,0.3956043956043956,bits per held-out trace,0.04005218619316547,0.024735652044726116,0.05549535542640461,conditional timing centroid difference: positive means later,0.531161146545762,False
qwen35_9b,Qwen3.5 9B,moral,Moral,conversational,timing,Reconciliation,Reconciliation,485,0.00424043640626237,-0.013019890441991479,0.02236891241745208,0.3546453546453546,bits per held-out trace,0.003972929192769481,-0.013138318699103719,0.019326411659719,conditional timing centroid difference: positive means later,0.4988418175231362,False
qwen35_9b,Qwen3.5 9B,idea,Idea,conversational,amount,Question_and_Answering,Question–answer,344,0.17047439534793396,0.12099502451364082,0.21578934282730264,0.000999000999000999,bits per held-out trace,-0.6941075489529334,-0.7512749393299613,-0.6290314954267552,standardized rate difference: domain minus other domains,0.001510300722899148,True
qwen35_9b,Qwen3.5 9B,idea,Idea,conversational,amount,Perspective_Shift,Perspective shift,344,1.021370495202736,0.9580674384818373,1.0784427673399468,0.000999000999000999,bits per held-out trace,1.9060323411769906,1.8238239229902555,1.9888132587281768,standardized rate difference: domain minus other domains,0.001510300722899148,True
qwen35_9b,Qwen3.5 9B,idea,Idea,conversational,amount,Conflict_of_Perspectives,Perspective conflict,344,0.9061367746670325,0.862407639399091,0.9516297240644823,0.000999000999000999,bits per held-out trace,1.7779586780063106,1.706516224633146,1.8486607558855124,standardized rate difference: domain minus other domains,0.001510300722899148,True
qwen35_9b,Qwen3.5 9B,idea,Idea,conversational,amount,Reconciliation,Reconciliation,344,0.1628554410972263,0.12139569521000336,0.1990793421255416,0.000999000999000999,bits per held-out trace,-0.4761876958415145,-0.5511253975719337,-0.4030451594122594,standardized rate difference: domain minus other domains,0.001510300722899148,True
qwen35_9b,Qwen3.5 9B,idea,Idea,conversational,timing,Question_and_Answering,Question–answer,344,-0.0025389704402572393,-0.005663254514625965,0.00024655049620837604,0.9600399600399601,bits per held-out trace,-0.02271028186465751,-0.038718463417978105,-0.007935396033687665,conditional timing centroid difference: positive means later,0.9675993298040543,False
qwen35_9b,Qwen3.5 9B,idea,Idea,conversational,timing,Perspective_Shift,Perspective shift,344,0.03555572272702114,0.0109383342676379,0.06018087387941877,0.002997002997002997,bits per held-out trace,-0.053012134656098275,-0.059325325639016005,-0.04636787719141148,conditional timing centroid difference: positive means later,0.016924252218369868,True
qwen35_9b,Qwen3.5 9B,idea,Idea,conversational,timing,Conflict_of_Perspectives,Perspective conflict,344,0.051126597166020284,0.025069121321059738,0.07934818703245783,0.000999000999000999,bits per held-out trace,-0.11151715864392947,-0.12081726792764123,-0.10255893481215117,conditional timing centroid difference: positive means later,0.0073772381464689155,True
qwen35_9b,Qwen3.5 9B,idea,Idea,conversational,timing,Reconciliation,Reconciliation,344,0.004187359382583965,-0.012882972768820377,0.017261727563038544,0.3386613386613387,bits per held-out trace,0.06503839690969282,0.04984759189719701,0.07971954696674094,conditional timing centroid difference: positive means later,0.4834422083492716,False
qwen35_9b,Qwen3.5 9B,safety,Safety,conversational,amount,Question_and_Answering,Question–answer,308,0.03187672230135989,0.011761472041833714,0.0518088176854378,0.000999000999000999,bits per held-out trace,-0.22266975732486324,-0.3268826237314358,-0.11567354179646497,standardized rate difference: domain minus other domains,0.001510300722899148,True
qwen35_9b,Qwen3.5 9B,safety,Safety,conversational,amount,Perspective_Shift,Perspective shift,308,0.04504500635198872,0.012371815685522152,0.07558264451425241,0.006993006993006993,bits per held-out trace,-0.03966489878313136,-0.133444307226814,0.05187465977445649,standardized rate difference: domain minus other domains,0.00972940103374886,True
qwen35_9b,Qwen3.5 9B,safety,Safety,conversational,amount,Conflict_of_Perspectives,Perspective conflict,308,0.03163324157357126,-0.004272931554466072,0.060733535472478506,0.023976023976023976,bits per held-out trace,-0.6312190062488222,-0.7141394680642462,-0.552288084144936,standardized rate difference: domain minus other domains,0.030895279217426873,False
qwen35_9b,Qwen3.5 9B,safety,Safety,conversational,amount,Reconciliation,Reconciliation,308,-0.0032631383130474526,-0.032539352093972296,0.022690929919431644,0.5914085914085914,bits per held-out trace,-0.5981020488666267,-0.7278163178190222,-0.46283250818233257,standardized rate difference: domain minus other domains,0.6137862137862138,False
qwen35_9b,Qwen3.5 9B,safety,Safety,conversational,timing,Question_and_Answering,Question–answer,308,0.01923533417188207,-0.01552385448415304,0.052430353923830796,0.11988011988011989,bits per held-out trace,0.07627378169052079,0.04961151301348667,0.10126190880914249,conditional timing centroid difference: positive means later,0.2368244000897062,False
qwen35_9b,Qwen3.5 9B,safety,Safety,conversational,timing,Perspective_Shift,Perspective shift,308,-0.00694340708022611,-0.05026512194710641,0.027388469856560772,0.6263736263736264,bits per held-out trace,-0.009320762782640435,-0.0260554268390695,0.007682173429556015,conditional timing centroid difference: positive means later,0.7288711288711288,False
qwen35_9b,Qwen3.5 9B,safety,Safety,conversational,timing,Conflict_of_Perspectives,Perspective conflict,308,0.013011658348215287,-0.022496658915255333,0.04420206444883448,0.22677322677322678,bits per held-out trace,0.10575779283545711,0.07809904674933466,0.13489827749586292,conditional timing centroid difference: positive means later,0.36435530996200455,False
qwen35_9b,Qwen3.5 9B,safety,Safety,conversational,timing,Reconciliation,Reconciliation,308,0.009658987899292766,-0.012465063102699316,0.0318915871726005,0.21978021978021978,bits per held-out trace,0.10722422283069455,0.0785394058334978,0.13586451658093418,conditional timing centroid difference: positive means later,0.3606649760495914,False
qwen35_9b,Qwen3.5 9B,security,Security,conversational,amount,Question_and_Answering,Question–answer,303,0.12150135786521547,0.07182188858787049,0.17177347510796323,0.000999000999000999,bits per held-out trace,-0.23541062512964964,-0.34370740134391314,-0.12913484541030434,standardized rate difference: domain minus other domains,0.001510300722899148,True
qwen35_9b,Qwen3.5 9B,security,Security,conversational,amount,Perspective_Shift,Perspective shift,303,0.06112185290523352,-0.034667801163301634,0.13424589453704633,0.07792207792207792,bits per held-out trace,-0.13527524045029643,-0.23620324411148164,-0.033136239806010666,standardized rate difference: domain minus other domains,0.09350649350649351,False
qwen35_9b,Qwen3.5 9B,security,Security,conversational,amount,Conflict_of_Perspectives,Perspective conflict,303,0.20028551535018516,0.14572472360989694,0.24934385470056775,0.000999000999000999,bits per held-out trace,0.04189406779350224,-0.045679819259624235,0.1356113680869232,standardized rate difference: domain minus other domains,0.001510300722899148,True
qwen35_9b,Qwen3.5 9B,security,Security,conversational,amount,Reconciliation,Reconciliation,303,0.002008558466322245,-0.03348145130694917,0.03578641726984576,0.43156843156843155,bits per held-out trace,0.15002242670807886,0.025828931708326026,0.273980634662523,standardized rate difference: domain minus other domains,0.46291139028569195,False
qwen35_9b,Qwen3.5 9B,security,Security,conversational,timing,Question_and_Answering,Question–answer,303,0.025006172924985273,0.002442931049564209,0.04696920186184296,0.014985014985014986,bits per held-out trace,0.027032899266007715,0.007015549619723063,0.04610612210393522,conditional timing centroid difference: positive means later,0.05586646363345393,False
qwen35_9b,Qwen3.5 9B,security,Security,conversational,timing,Perspective_Shift,Perspective shift,303,-0.022058079944332776,-0.05968231652442651,0.013907584520534639,0.8861138861138861,bits per held-out trace,-0.019384900112909442,-0.03130607033919889,-0.006897066982594245,conditional timing centroid difference: positive means later,0.9098067707693376,False
qwen35_9b,Qwen3.5 9B,security,Security,conversational,timing,Conflict_of_Perspectives,Perspective conflict,303,0.05064866156094011,-0.0025075863297845963,0.10509720291335559,0.030969030969030968,bits per held-out trace,-0.04160467783613658,-0.061169029885506335,-0.021302609177121137,conditional timing centroid difference: positive means later,0.0929070929070929,False
qwen35_9b,Qwen3.5 9B,security,Security,conversational,timing,Reconciliation,Reconciliation,303,0.014663836677140989,-0.006557498069839166,0.03971797780953726,0.11588411588411589,bits per held-out trace,-0.005123617388971158,-0.022227155640992566,0.014384394742135344,conditional timing centroid difference: positive means later,0.23056736010103884,False
qwen35_9b,Qwen3.5 9B,math,Math,cognitive,amount,verification,Verification,439,0.5504548145219534,0.4580205577882172,0.6399028721337524,0.000999000999000999,bits per held-out trace,0.9738738253888259,0.8845984979644994,1.0573659305176135,standardized rate difference: domain minus other domains,0.001510300722899148,True
qwen35_9b,Qwen3.5 9B,math,Math,cognitive,amount,backtracking,Backtracking,439,0.3802147969584074,0.306457892742263,0.4504223248802107,0.000999000999000999,bits per held-out trace,-0.5861343870108477,-0.6308874098169643,-0.536614191790563,standardized rate difference: domain minus other domains,0.001510300722899148,True
qwen35_9b,Qwen3.5 9B,math,Math,cognitive,amount,subgoal,Subgoal setting,439,0.361964783197791,0.28725028783460177,0.4411602312589424,0.000999000999000999,bits per held-out trace,0.2541651522278029,0.15442827401275774,0.35341129316270276,standardized rate difference: domain minus other domains,0.001510300722899148,True
qwen35_9b,Qwen3.5 9B,math,Math,cognitive,amount,backward_chaining,Backward chaining,439,0.012453230241760803,-0.012917845769529425,0.03327774964698729,0.16683316683316685,bits per held-out trace,-0.08091090754832482,-0.16689706234157622,0.01557591476709917,standardized rate difference: domain minus other domains,0.1912356300416002,False
qwen35_9b,Qwen3.5 9B,math,Math,cognitive,timing,verification,Verification,439,0.017233043921034565,-0.00127356855519001,0.03649224220139971,0.024975024975024976,bits per held-out trace,-0.0393130348078603,-0.05071021145592182,-0.026841954654987427,conditional timing centroid difference: positive means later,0.0792595833918148,False
qwen35_9b,Qwen3.5 9B,math,Math,cognitive,timing,backtracking,Backtracking,439,0.005383935831135515,-0.011080865834109301,0.019068464396294067,0.24575424575424576,bits per held-out trace,-0.0659593365728035,-0.09372362039570518,-0.03554123496089086,conditional timing centroid difference: positive means later,0.38206328084870594,False
qwen35_9b,Qwen3.5 9B,math,Math,cognitive,timing,subgoal,Subgoal setting,439,-0.013055881328823052,-0.02929540304793147,0.0006282162856963871,0.957042957042957,bits per held-out trace,-0.008610650183234092,-0.021855522022843903,0.004739227254886593,conditional timing centroid difference: positive means later,0.9671170934328829,False
qwen35_9b,Qwen3.5 9B,math,Math,cognitive,timing,backward_chaining,Backward chaining,439,0.0020965537503351453,-0.0058243823451985584,0.010425923882950576,0.27372627372627373,bits per held-out trace,-0.05409336851035679,-0.12471329788990547,0.016741077904286,conditional timing centroid difference: positive means later,0.4169743300178083,False
qwen35_9b,Qwen3.5 9B,code,Code,cognitive,amount,verification,Verification,131,0.07067328461775052,-0.1688681406684253,0.3038144818171672,0.3046953046953047,bits per held-out trace,-0.24979034566379194,-0.4261452773352971,-0.08743459954384264,standardized rate difference: domain minus other domains,0.3323948778494233,False
qwen35_9b,Qwen3.5 9B,code,Code,cognitive,amount,backtracking,Backtracking,131,0.12232749430659376,-0.1055083918895412,0.3235508714911928,0.14385614385614387,bits per held-out trace,-0.31035638371437674,-0.4178308067036503,-0.19278410767713117,standardized rate difference: domain minus other domains,0.1658881658881659,False
qwen35_9b,Qwen3.5 9B,code,Code,cognitive,amount,subgoal,Subgoal setting,131,0.30660856960081684,-0.06354595423850248,0.6464016952184295,0.04395604395604396,bits per held-out trace,-0.314097671814816,-0.4851961884962937,-0.11882426590282956,standardized rate difference: domain minus other domains,0.054624986663821616,False
qwen35_9b,Qwen3.5 9B,code,Code,cognitive,amount,backward_chaining,Backward chaining,131,-0.027060802870785085,-0.24954315388039489,0.09395511338046475,0.5044955044955045,bits per held-out trace,-0.148890554118418,-0.2519575825562483,1.353864236205779e-05,standardized rate difference: domain minus other domains,0.5351554522825241,False
qwen35_9b,Qwen3.5 9B,code,Code,cognitive,timing,verification,Verification,131,0.17528525675016873,0.08354160298820121,0.2761769321163013,0.000999000999000999,bits per held-out trace,-0.027575280238500643,-0.05993664300486984,0.005424106201268497,conditional timing centroid difference: positive means later,0.0073772381464689155,True
qwen35_9b,Qwen3.5 9B,code,Code,cognitive,timing,backtracking,Backtracking,131,0.14631022088573045,0.03174705886846007,0.27040911213650126,0.007992007992007992,bits per held-out trace,-0.10679374446623774,-0.14904175705156733,-0.0641139291963727,conditional timing centroid difference: positive means later,0.03487421669239851,True
qwen35_9b,Qwen3.5 9B,code,Code,cognitive,timing,subgoal,Subgoal setting,131,-0.029986512030833013,-0.1435243695063163,0.07260114599944861,0.7062937062937062,bits per held-out trace,-0.0799667447788841,-0.12595754036469023,-0.04051034861156906,conditional timing centroid difference: positive means later,0.7861356035269078,False
qwen35_9b,Qwen3.5 9B,code,Code,cognitive,timing,backward_chaining,Backward chaining,131,-0.010146356478345851,-0.05742647793282787,0.036867412209742365,0.6563436563436563,bits per held-out trace,-0.12469093044635371,-0.24111361975448894,0.005588574621693773,conditional timing centroid difference: positive means later,0.7501070358213214,False
qwen35_9b,Qwen3.5 9B,gpqa,GPQA,cognitive,amount,verification,Verification,422,0.02957409564224693,-0.019683888189889705,0.07973088570036282,0.11188811188811189,bits per held-out trace,0.3997585328464706,0.3155523270666289,0.47611757055847326,standardized rate difference: domain minus other domains,0.13179458578231584,False
qwen35_9b,Qwen3.5 9B,gpqa,GPQA,cognitive,amount,backtracking,Backtracking,422,0.2765222084675996,0.2300110424855199,0.3239347138125274,0.000999000999000999,bits per held-out trace,-0.1809237253359951,-0.24003715008295962,-0.12665926542501244,standardized rate difference: domain minus other domains,0.001510300722899148,True
qwen35_9b,Qwen3.5 9B,gpqa,GPQA,cognitive,amount,subgoal,Subgoal setting,422,0.06652656791898345,0.04636466622751793,0.08584585767707222,0.000999000999000999,bits per held-out trace,-0.7292230021626057,-0.7796180995969209,-0.679780209119316,standardized rate difference: domain minus other domains,0.001510300722899148,True
qwen35_9b,Qwen3.5 9B,gpqa,GPQA,cognitive,amount,backward_chaining,Backward chaining,422,0.02677554768012404,0.010447494736102686,0.04159271916899013,0.000999000999000999,bits per held-out trace,0.3615075363591396,0.24465529090443983,0.48990889466379695,standardized rate difference: domain minus other domains,0.001510300722899148,True
qwen35_9b,Qwen3.5 9B,gpqa,GPQA,cognitive,timing,verification,Verification,422,-0.012078002762514273,-0.02124867624278905,-0.0032850400973357756,0.996003996003996,bits per held-out trace,-0.05351333803898706,-0.06248797599375466,-0.04381920353021152,conditional timing centroid difference: positive means later,0.996003996003996,False
qwen35_9b,Qwen3.5 9B,gpqa,GPQA,cognitive,timing,backtracking,Backtracking,422,0.0023343915085547212,-0.006958846029722194,0.012061319420922933,0.3146853146853147,bits per held-out trace,-0.07342620767025532,-0.092849848710489,-0.054921678527973784,conditional timing centroid difference: positive means later,0.46298529057149745,False
qwen35_9b,Qwen3.5 9B,gpqa,GPQA,cognitive,timing,subgoal,Subgoal setting,422,0.009447302251424969,-0.0047542442423472294,0.023280113768838515,0.1038961038961039,bits per held-out trace,-0.012242504363230489,-0.026840439179772586,0.0019363963008799058,conditional timing centroid difference: positive means later,0.2168266516092603,False
qwen35_9b,Qwen3.5 9B,gpqa,GPQA,cognitive,timing,backward_chaining,Backward chaining,422,0.009322649135613866,-0.0056002846059412335,0.023554820162267984,0.08791208791208792,bits per held-out trace,0.10993059170797759,0.05841712933330619,0.16077582341257163,conditional timing centroid difference: positive means later,0.19626884743163814,False
qwen35_9b,Qwen3.5 9B,planning,Planning,cognitive,amount,verification,Verification,493,0.2851555050587442,0.23812422469910527,0.33249422803571743,0.000999000999000999,bits per held-out trace,1.0427957731750621,0.9546336991222473,1.1284152189174868,standardized rate difference: domain minus other domains,0.001510300722899148,True
qwen35_9b,Qwen3.5 9B,planning,Planning,cognitive,amount,backtracking,Backtracking,493,0.3872660846210844,0.3223290481181507,0.4507678899082074,0.000999000999000999,bits per held-out trace,-0.7196711929285948,-0.764736935727734,-0.6739705530417366,standardized rate difference: domain minus other domains,0.001510300722899148,True
qwen35_9b,Qwen3.5 9B,planning,Planning,cognitive,amount,subgoal,Subgoal setting,493,0.18119923168709295,0.10595585881601596,0.25278563414028693,0.000999000999000999,bits per held-out trace,-0.9085188393420103,-0.9635569658847982,-0.8550764211335915,standardized rate difference: domain minus other domains,0.001510300722899148,True
qwen35_9b,Qwen3.5 9B,planning,Planning,cognitive,amount,backward_chaining,Backward chaining,493,0.04329376045263198,0.01811752350166114,0.07054229382176648,0.000999000999000999,bits per held-out trace,0.5140121207330716,0.37629019640755335,0.6541364787829383,standardized rate difference: domain minus other domains,0.001510300722899148,True
qwen35_9b,Qwen3.5 9B,planning,Planning,cognitive,timing,verification,Verification,493,-0.0031266345881674545,-0.009303971262656408,0.002864116698684713,0.8471528471528471,bits per held-out trace,-0.05058476699241243,-0.060476113014235625,-0.041240980400912335,conditional timing centroid difference: positive means later,0.8874395359408984,False
qwen35_9b,Qwen3.5 9B,planning,Planning,cognitive,timing,backtracking,Backtracking,493,-0.000935824346014679,-0.008042753099769423,0.006091779055370046,0.5874125874125874,bits per held-out trace,-0.06738440616492425,-0.09648166902992965,-0.04115276074011673,conditional timing centroid difference: positive means later,0.698348091536946,False
qwen35_9b,Qwen3.5 9B,planning,Planning,cognitive,timing,subgoal,Subgoal setting,493,6.872226130750036e-05,-0.010431265009209332,0.010328248179856808,0.47952047952047955,bits per held-out trace,-0.013388466907712948,-0.03149020163821894,0.0047225941090224,conditional timing centroid difference: positive means later,0.6137862137862139,False
qwen35_9b,Qwen3.5 9B,planning,Planning,cognitive,timing,backward_chaining,Backward chaining,493,0.0038130520461066566,-0.012221067168680285,0.019839851459957647,0.32667332667332666,bits per held-out trace,-0.11384423780724678,-0.16352320159210904,-0.057639082935387,conditional timing centroid difference: positive means later,0.47516120243392973,False
qwen35_9b,Qwen3.5 9B,moral,Moral,cognitive,amount,verification,Verification,485,0.5944526758583804,0.5195225484149509,0.6659888023705076,0.000999000999000999,bits per held-out trace,-1.2795987103590944,-1.3288651600600108,-1.2330113599958874,standardized rate difference: domain minus other domains,0.001510300722899148,True
qwen35_9b,Qwen3.5 9B,moral,Moral,cognitive,amount,backtracking,Backtracking,485,0.29625367463113433,0.2587448048727799,0.335754509837361,0.000999000999000999,bits per held-out trace,-0.0829698755910523,-0.14016003134638672,-0.027360822707372404,standardized rate difference: domain minus other domains,0.001510300722899148,True
qwen35_9b,Qwen3.5 9B,moral,Moral,cognitive,amount,subgoal,Subgoal setting,485,0.19805597820240622,0.16137593514632767,0.23112694100895806,0.000999000999000999,bits per held-out trace,1.125329621329121,1.0485679838464605,1.202284365364656,standardized rate difference: domain minus other domains,0.001510300722899148,True
qwen35_9b,Qwen3.5 9B,moral,Moral,cognitive,amount,backward_chaining,Backward chaining,485,0.030390460459241795,0.012442534084473803,0.042648251367080774,0.000999000999000999,bits per held-out trace,-0.349984284675462,-0.3916690472535761,-0.31001240096756133,standardized rate difference: domain minus other domains,0.001510300722899148,True
qwen35_9b,Qwen3.5 9B,moral,Moral,cognitive,timing,verification,Verification,485,0.029678090049672423,-0.013034872918744656,0.061548096875530964,0.059940059940059943,bits per held-out trace,0.19887881722450895,0.18184915819269007,0.21645425399586557,conditional timing centroid difference: positive means later,0.15043779749662103,False
qwen35_9b,Qwen3.5 9B,moral,Moral,cognitive,timing,backtracking,Backtracking,485,0.00787964226131151,-0.0278482758723782,0.038777704721709216,0.3386613386613387,bits per held-out trace,0.21140873112874964,0.18706180065269984,0.2336275001834918,conditional timing centroid difference: positive means later,0.4834422083492716,False
qwen35_9b,Qwen3.5 9B,moral,Moral,cognitive,timing,subgoal,Subgoal setting,485,-0.0010791948568473122,-0.019792718279406974,0.014937447391848267,0.5464535464535465,bits per held-out trace,0.1013155366213081,0.08878937966701186,0.11461916237963278,conditional timing centroid difference: positive means later,0.6694961089865548,False
qwen35_9b,Qwen3.5 9B,moral,Moral,cognitive,timing,backward_chaining,Backward chaining,485,0.0017418274115531282,0.00038939510636001005,0.003303002503269378,0.002997002997002997,bits per held-out trace,0.2761445475833829,0.1086860656465651,0.4585083727744224,conditional timing centroid difference: positive means later,0.016924252218369868,True
qwen35_9b,Qwen3.5 9B,idea,Idea,cognitive,amount,verification,Verification,344,0.3353314750987554,0.3159718736739441,0.35371980645484125,0.000999000999000999,bits per held-out trace,-0.47733314295065477,-0.5287665045275682,-0.4218317517995242,standardized rate difference: domain minus other domains,0.001510300722899148,True
qwen35_9b,Qwen3.5 9B,idea,Idea,cognitive,amount,backtracking,Backtracking,344,1.9338358226406793,1.864239154397096,1.9920387477240868,0.000999000999000999,bits per held-out trace,2.7460961193823015,2.6665824386889514,2.8348121533257085,standardized rate difference: domain minus other domains,0.001510300722899148,True
qwen35_9b,Qwen3.5 9B,idea,Idea,cognitive,amount,subgoal,Subgoal setting,344,0.11385937560493796,0.10005171107225957,0.1269761123726966,0.000999000999000999,bits per held-out trace,-0.3875292503645117,-0.43862544425988403,-0.33547812609904826,standardized rate difference: domain minus other domains,0.001510300722899148,True
qwen35_9b,Qwen3.5 9B,idea,Idea,cognitive,amount,backward_chaining,Backward chaining,344,0.10809951447625976,0.086791821437028,0.12422296895992625,0.000999000999000999,bits per held-out trace,-0.33197308846017703,-0.3744154087447667,-0.29219944056837416,standardized rate difference: domain minus other domains,0.001510300722899148,True
qwen35_9b,Qwen3.5 9B,idea,Idea,cognitive,timing,verification,Verification,344,0.004785709953437989,-0.005024988945105998,0.014873487006773453,0.17582417582417584,bits per held-out trace,-0.1347400657172469,-0.14608860861633402,-0.12305568014757565,conditional timing centroid difference: positive means later,0.3068931068931069,False
qwen35_9b,Qwen3.5 9B,idea,Idea,cognitive,timing,backtracking,Backtracking,344,-0.003072626728694688,-0.007830477683223664,0.0004521125321130563,0.922077922077922,bits per held-out trace,-0.024192551038027144,-0.03666966724337457,-0.011596642763565214,conditional timing centroid difference: positive means later,0.9391987323021804,False
qwen35_9b,Qwen3.5 9B,idea,Idea,cognitive,timing,subgoal,Subgoal setting,344,0.0013346136219509646,-0.004841436838935891,0.006745947551410776,0.37962037962037964,bits per held-out trace,-0.004633938502789814,-0.0208125890837624,0.010321610152932344,conditional timing centroid difference: positive means later,0.5169298786320063,False
qwen35_9b,Qwen3.5 9B,idea,Idea,cognitive,timing,backward_chaining,Backward chaining,344,0.0006550184496986319,-6.053854565580421e-06,0.0012697286433404995,0.025974025974025976,bits per held-out trace,0.023841845686452756,-0.320825205348366,0.4013616440584271,conditional timing centroid difference: positive means later,0.08108964206525182,False
qwen35_9b,Qwen3.5 9B,safety,Safety,cognitive,amount,verification,Verification,308,0.2436800060960749,0.18877632751543638,0.2974613248182756,0.000999000999000999,bits per held-out trace,-0.805239239431285,-0.8736343456452529,-0.7356942808021565,standardized rate difference: domain minus other domains,0.001510300722899148,True
qwen35_9b,Qwen3.5 9B,safety,Safety,cognitive,amount,backtracking,Backtracking,308,0.10970050147740663,0.06594191448350284,0.15081744547787707,0.000999000999000999,bits per held-out trace,-0.24969144156826276,-0.3143619205184766,-0.18977675286368692,standardized rate difference: domain minus other domains,0.001510300722899148,True
qwen35_9b,Qwen3.5 9B,safety,Safety,cognitive,amount,subgoal,Subgoal setting,308,0.041957160530303655,0.0068523926331968115,0.0744263975951387,0.017982017982017984,bits per held-out trace,1.3092117180712532,1.1918667976373545,1.4322911231900115,standardized rate difference: domain minus other domains,0.02364758529142091,True
qwen35_9b,Qwen3.5 9B,safety,Safety,cognitive,amount,backward_chaining,Backward chaining,308,0.013619235717014282,0.011997630695076963,0.015432414077870037,0.000999000999000999,bits per held-out trace,-0.33622240099772205,-0.37730322179514275,-0.29325526089902243,standardized rate difference: domain minus other domains,0.001510300722899148,True
qwen35_9b,Qwen3.5 9B,safety,Safety,cognitive,timing,verification,Verification,308,0.02179477066966887,-0.005858404027442497,0.05091638545152403,0.07092907092907093,bits per held-out trace,0.060917344076083624,0.038089882026726404,0.08400761250121504,conditional timing centroid difference: positive means later,0.16507129234401963,False
qwen35_9b,Qwen3.5 9B,safety,Safety,cognitive,timing,backtracking,Backtracking,308,0.01773751864084137,-0.01060454822154555,0.04321031609176058,0.0939060939060939,bits per held-out trace,0.09189961555867121,0.05991606250900756,0.12119078920184287,conditional timing centroid difference: positive means later,0.20605680034251464,False
qwen35_9b,Qwen3.5 9B,safety,Safety,cognitive,timing,subgoal,Subgoal setting,308,0.0187996596393754,0.00045463478195971447,0.038310266227277824,0.024975024975024976,bits per held-out trace,0.0016642436727177246,-0.018928520869796052,0.023854307335016138,conditional timing centroid difference: positive means later,0.0792595833918148,False
qwen35_9b,Qwen3.5 9B,safety,Safety,cognitive,timing,backward_chaining,Backward chaining,308,0.000918172468372476,0.0006104543005144776,0.0012536648497192525,0.000999000999000999,bits per held-out trace,,,,conditional timing centroid difference: positive means later,0.0073772381464689155,True
qwen35_9b,Qwen3.5 9B,security,Security,cognitive,amount,verification,Verification,303,0.3481173755223921,0.24514232142497214,0.4511461593969932,0.000999000999000999,bits per held-out trace,-0.07151588561830934,-0.17841938232662644,0.031179943472697834,standardized rate difference: domain minus other domains,0.001510300722899148,True
qwen35_9b,Qwen3.5 9B,security,Security,cognitive,amount,backtracking,Backtracking,303,0.5614145868367065,0.48063895853099564,0.6291958105554875,0.000999000999000999,bits per held-out trace,-0.417218718308529,-0.47194820753738354,-0.3525218270227887,standardized rate difference: domain minus other domains,0.001510300722899148,True
qwen35_9b,Qwen3.5 9B,security,Security,cognitive,amount,subgoal,Subgoal setting,303,0.32838323562833255,0.2199648746375768,0.42558406007504634,0.000999000999000999,bits per held-out trace,-0.43524561490876446,-0.5145948095643195,-0.35125308092862534,standardized rate difference: domain minus other domains,0.001510300722899148,True
qwen35_9b,Qwen3.5 9B,security,Security,cognitive,amount,backward_chaining,Backward chaining,303,0.03676515528389996,0.0008709302666347818,0.08468548700232595,0.04195804195804196,bits per held-out trace,0.1568196372302442,0.025558709385143593,0.3111742788317325,standardized rate difference: domain minus other domains,0.05231132503859777,False
qwen35_9b,Qwen3.5 9B,security,Security,cognitive,timing,verification,Verification,303,-0.000632105764121201,-0.029725676600178292,0.026354506643106512,0.4875124875124875,bits per held-out trace,0.010977848521670941,-0.003501257205948435,0.02563890193134978,conditional timing centroid difference: positive means later,0.6198834278304477,False
qwen35_9b,Qwen3.5 9B,security,Security,cognitive,timing,backtracking,Backtracking,303,0.023660433636048386,-0.005722659742715783,0.05182493794642501,0.059940059940059943,bits per held-out trace,-0.07388310346827559,-0.10612295176980999,-0.03970092460656808,conditional timing centroid difference: positive means later,0.15043779749662103,False
qwen35_9b,Qwen3.5 9B,security,Security,cognitive,timing,subgoal,Subgoal setting,303,0.031059629017703195,0.009624798750875616,0.054102284528975836,0.005994005994005994,bits per held-out trace,-0.0630309244290122,-0.08519180799389642,-0.042176702622838944,conditional timing centroid difference: positive means later,0.028069491484125634,True
qwen35_9b,Qwen3.5 9B,security,Security,cognitive,timing,backward_chaining,Backward chaining,303,0.0038473538217750863,-0.01710462842267293,0.020903805052524385,0.3336663336663337,bits per held-out trace,0.09220214893413098,0.013838257187259437,0.16792683313848134,conditional timing centroid difference: positive means later,0.4834422083492716,False
qwen35_27b,Qwen3.5 27B,math,Math,conversational,amount,Question_and_Answering,Question–answer,439,0.03417470417842742,0.008975209590958514,0.05817109345299786,0.004995004995004995,bits per held-out trace,0.1335636211657616,0.02418282675442692,0.24207632875225885,standardized rate difference: domain minus other domains,0.007210834278503451,True
qwen35_27b,Qwen3.5 27B,math,Math,conversational,amount,Perspective_Shift,Perspective shift,439,0.19591611891653096,0.11574711669112753,0.2698141939890422,0.000999000999000999,bits per held-out trace,-0.6223579535782006,-0.6997711421872769,-0.5400993961507221,standardized rate difference: domain minus other domains,0.001510300722899148,True
qwen35_27b,Qwen3.5 27B,math,Math,conversational,amount,Conflict_of_Perspectives,Perspective conflict,439,0.7015267577035641,0.5966043167569471,0.8025181149072279,0.000999000999000999,bits per held-out trace,-0.8657391362415255,-0.9334453822683983,-0.8071087687192009,standardized rate difference: domain minus other domains,0.001510300722899148,True
qwen35_27b,Qwen3.5 27B,math,Math,conversational,amount,Reconciliation,Reconciliation,439,0.056068058031267236,0.03395947559890049,0.07766296298988888,0.000999000999000999,bits per held-out trace,0.020648456581745897,-0.07670986706234662,0.11740135114445206,standardized rate difference: domain minus other domains,0.001510300722899148,True
qwen35_27b,Qwen3.5 27B,math,Math,conversational,timing,Question_and_Answering,Question–answer,439,0.010490564800489655,-0.00536067085613112,0.028105975257311233,0.09490509490509491,bits per held-out trace,0.005833761325254705,-0.011467979407719844,0.023364136784270212,conditional timing centroid difference: positive means later,0.2068942293661395,False
qwen35_27b,Qwen3.5 27B,math,Math,conversational,timing,Perspective_Shift,Perspective shift,439,-0.0021091785956474972,-0.027340800306168166,0.020191024071580885,0.5864135864135864,bits per held-out trace,0.019054208968763753,0.00842090108679975,0.029988884689146973,conditional timing centroid difference: positive means later,0.698348091536946,False
qwen35_27b,Qwen3.5 27B,math,Math,conversational,timing,Conflict_of_Perspectives,Perspective conflict,439,0.008155112009106544,-0.013630051816380353,0.0280824488588991,0.2217782217782218,bits per held-out trace,0.035323766484396446,0.013899473698794441,0.057259863449714045,conditional timing centroid difference: positive means later,0.3623950517567539,False
qwen35_27b,Qwen3.5 27B,math,Math,conversational,timing,Reconciliation,Reconciliation,439,0.030676694522136543,-0.0018320769475341095,0.061100006764161365,0.026973026973026972,bits per held-out trace,-0.04335935473700292,-0.0614472460872807,-0.026631085934095185,conditional timing centroid difference: positive means later,0.0835293738519545,False
qwen35_27b,Qwen3.5 27B,code,Code,conversational,amount,Question_and_Answering,Question–answer,159,0.5208110520738719,0.35172323109741793,0.656974090373109,0.000999000999000999,bits per held-out trace,-0.4654727799861907,-0.5719270095865561,-0.35250652426817375,standardized rate difference: domain minus other domains,0.001510300722899148,True
qwen35_27b,Qwen3.5 27B,code,Code,conversational,amount,Perspective_Shift,Perspective shift,159,0.18648416752234792,0.024485377932545804,0.33102120172139304,0.01098901098901099,bits per held-out trace,-0.9733039281207914,-1.0589785712867443,-0.8789920671011007,standardized rate difference: domain minus other domains,0.014703066967875331,True
qwen35_27b,Qwen3.5 27B,code,Code,conversational,amount,Conflict_of_Perspectives,Perspective conflict,159,0.18505387496126535,-0.24195609350772254,0.44933946774149314,0.21978021978021978,bits per held-out trace,-0.5690621418621566,-0.6817993901195217,-0.4455681671938551,standardized rate difference: domain minus other domains,0.24462494027711418,False
qwen35_27b,Qwen3.5 27B,code,Code,conversational,amount,Reconciliation,Reconciliation,159,-0.004914215492544774,-0.054208881606226125,0.04148416425853219,0.5824175824175825,bits per held-out trace,0.062099811397283454,-0.04478185844474659,0.1654551262657225,standardized rate difference: domain minus other domains,0.6077400860009555,False
qwen35_27b,Qwen3.5 27B,code,Code,conversational,timing,Question_and_Answering,Question–answer,159,0.06883152898700744,0.005674426845287496,0.12780312548491932,0.02097902097902098,bits per held-out trace,-0.07850711419111162,-0.09876674261671096,-0.05889134961755868,conditional timing centroid difference: positive means later,0.06885422270037656,False
qwen35_27b,Qwen3.5 27B,code,Code,conversational,timing,Perspective_Shift,Perspective shift,159,0.01389134942005136,-0.043019694155742215,0.066595747143811,0.3126873126873127,bits per held-out trace,0.029716053023718547,0.014355782630581761,0.04319522159106735,conditional timing centroid difference: positive means later,0.4618151079689542,False
qwen35_27b,Qwen3.5 27B,code,Code,conversational,timing,Conflict_of_Perspectives,Perspective conflict,159,0.10200406637098369,-0.008047897446202209,0.20823380525222449,0.04395604395604396,bits per held-out trace,-0.11156664774995362,-0.13718800388276195,-0.08491835320378664,conditional timing centroid difference: positive means later,0.11640773020083366,False
qwen35_27b,Qwen3.5 27B,code,Code,conversational,timing,Reconciliation,Reconciliation,159,0.03811706334235886,-0.03863316621847073,0.11344643430776787,0.16383616383616384,bits per held-out trace,-0.13338868669666604,-0.15257847947735884,-0.11379654354545832,conditional timing centroid difference: positive means later,0.289922059507313,False
qwen35_27b,Qwen3.5 27B,gpqa,GPQA,conversational,amount,Question_and_Answering,Question–answer,490,0.06738444050381436,0.04216043550619534,0.09129741180007703,0.000999000999000999,bits per held-out trace,0.4124781492402115,0.32698434137992466,0.5007777159807415,standardized rate difference: domain minus other domains,0.001510300722899148,True
qwen35_27b,Qwen3.5 27B,gpqa,GPQA,conversational,amount,Perspective_Shift,Perspective shift,490,0.16053121837081324,0.1360958321475369,0.1869225404240719,0.000999000999000999,bits per held-out trace,-0.34623435935965985,-0.4054836638118975,-0.2912863283516035,standardized rate difference: domain minus other domains,0.001510300722899148,True
qwen35_27b,Qwen3.5 27B,gpqa,GPQA,conversational,amount,Conflict_of_Perspectives,Perspective conflict,490,0.2343663134548146,0.1754497800267089,0.28836409640415,0.000999000999000999,bits per held-out trace,0.35598622190454343,0.2811951077966018,0.4302482372640004,standardized rate difference: domain minus other domains,0.001510300722899148,True
qwen35_27b,Qwen3.5 27B,gpqa,GPQA,conversational,amount,Reconciliation,Reconciliation,490,0.0539301323500505,0.028917354130408128,0.07646810994453947,0.000999000999000999,bits per held-out trace,0.37246108245300485,0.2984396448936227,0.4469484652856072,standardized rate difference: domain minus other domains,0.001510300722899148,True
qwen35_27b,Qwen3.5 27B,gpqa,GPQA,conversational,timing,Question_and_Answering,Question–answer,490,-0.004014394558021874,-0.01628089327232503,0.007452626058251751,0.7482517482517482,bits per held-out trace,-0.031048543821119545,-0.043478633207293754,-0.01972267748458882,conditional timing centroid difference: positive means later,0.8116629133578286,False
qwen35_27b,Qwen3.5 27B,gpqa,GPQA,conversational,timing,Perspective_Shift,Perspective shift,490,0.022345666769798617,0.006182828917965027,0.03741923921273121,0.000999000999000999,bits per held-out trace,0.018887515121806087,0.012541806511109022,0.02576521483184447,conditional timing centroid difference: positive means later,0.0073772381464689155,True
qwen35_27b,Qwen3.5 27B,gpqa,GPQA,conversational,timing,Conflict_of_Perspectives,Perspective conflict,490,-0.010690214029865334,-0.03087568910779881,0.009830926798416491,0.8571428571428571,bits per held-out trace,0.003682299973198244,-0.008706318120356122,0.01576369007586259,conditional timing centroid difference: positive means later,0.8944099378881987,False
qwen35_27b,Qwen3.5 27B,gpqa,GPQA,conversational,timing,Reconciliation,Reconciliation,490,0.010810284551474762,-0.0035304675758804716,0.02632365905502685,0.08491508491508491,bits per held-out trace,-0.03883718426831129,-0.05024539671421902,-0.02793771141154299,conditional timing centroid difference: positive means later,0.19180819180819178,False
qwen35_27b,Qwen3.5 27B,planning,Planning,conversational,amount,Question_and_Answering,Question–answer,499,0.10462312283309859,0.04541873112496457,0.16016070932789458,0.000999000999000999,bits per held-out trace,0.653506588254935,0.5491502415536604,0.756239477973652,standardized rate difference: domain minus other domains,0.001510300722899148,True
qwen35_27b,Qwen3.5 27B,planning,Planning,conversational,amount,Perspective_Shift,Perspective shift,499,0.20441905230683008,0.16319982879180983,0.24864546562696144,0.000999000999000999,bits per held-out trace,-0.8438318347573702,-0.8980922474832739,-0.7903115635097767,standardized rate difference: domain minus other domains,0.001510300722899148,True
qwen35_27b,Qwen3.5 27B,planning,Planning,conversational,amount,Conflict_of_Perspectives,Perspective conflict,499,0.18786547020621083,0.10621063641867433,0.2639091546494684,0.000999000999000999,bits per held-out trace,-0.8858424153186393,-0.9462991497453002,-0.8257307002110181,standardized rate difference: domain minus other domains,0.001510300722899148,True
qwen35_27b,Qwen3.5 27B,planning,Planning,conversational,amount,Reconciliation,Reconciliation,499,0.10145561922740687,0.06384739323892738,0.13656262102507022,0.000999000999000999,bits per held-out trace,-0.4467581332614901,-0.520258749720729,-0.3760926688521664,standardized rate difference: domain minus other domains,0.001510300722899148,True
qwen35_27b,Qwen3.5 27B,planning,Planning,conversational,timing,Question_and_Answering,Question–answer,499,-0.00587194319786343,-0.027625202060374818,0.01285446493434054,0.7322677322677322,bits per held-out trace,-0.06047968376888879,-0.0771341815855993,-0.04411488808413282,conditional timing centroid difference: positive means later,0.7988375261102534,False
qwen35_27b,Qwen3.5 27B,planning,Planning,conversational,timing,Perspective_Shift,Perspective shift,499,0.04406287815756373,0.016998834495409378,0.07122500271612103,0.003996003996003996,bits per held-out trace,0.04919152764731327,0.04057657600514682,0.056734585982957976,conditional timing centroid difference: positive means later,0.021612190626275132,True
qwen35_27b,Qwen3.5 27B,planning,Planning,conversational,timing,Conflict_of_Perspectives,Perspective conflict,499,0.009668387750041692,-0.004330930748797597,0.02469395868821129,0.1048951048951049,bits per held-out trace,0.0093116374292877,-0.011697425908188688,0.028106322489592384,conditional timing centroid difference: positive means later,0.21772821772821774,False
qwen35_27b,Qwen3.5 27B,planning,Planning,conversational,timing,Reconciliation,Reconciliation,499,-0.00033324912499320365,-0.01209334878604115,0.010929292218017398,0.5424575424575424,bits per held-out trace,-0.012037841554614626,-0.02652802947713131,0.0026751564366144977,conditional timing centroid difference: positive means later,0.6694961089865548,False
qwen35_27b,Qwen3.5 27B,moral,Moral,conversational,amount,Question_and_Answering,Question–answer,497,0.0078124838944931075,-0.010722977519539897,0.026448276952727362,0.21578421578421578,bits per held-out trace,0.0657749230661336,-0.028172381344922812,0.15378839258796514,standardized rate difference: domain minus other domains,0.24087540366610133,False
qwen35_27b,Qwen3.5 27B,moral,Moral,conversational,amount,Perspective_Shift,Perspective shift,497,0.1847787422331293,0.15369479619316503,0.2151592904111225,0.000999000999000999,bits per held-out trace,0.66047387513349,0.5930800096945239,0.7307123523662296,standardized rate difference: domain minus other domains,0.001510300722899148,True
qwen35_27b,Qwen3.5 27B,moral,Moral,conversational,amount,Conflict_of_Perspectives,Perspective conflict,497,0.16644019286145872,0.13294192201626212,0.19566592653765036,0.000999000999000999,bits per held-out trace,0.19128870275805995,0.11777488657766838,0.26596041798152914,standardized rate difference: domain minus other domains,0.001510300722899148,True
qwen35_27b,Qwen3.5 27B,moral,Moral,conversational,amount,Reconciliation,Reconciliation,497,0.18748692591368263,0.13545464819942699,0.2463662738869251,0.000999000999000999,bits per held-out trace,0.7967515819424791,0.6771838111922714,0.9100001503649228,standardized rate difference: domain minus other domains,0.001510300722899148,True
qwen35_27b,Qwen3.5 27B,moral,Moral,conversational,timing,Question_and_Answering,Question–answer,497,-0.006287746239227815,-0.018104141187484147,0.004886688162262942,0.8471528471528471,bits per held-out trace,0.060693941756566505,0.03884640246394562,0.08505488836623136,conditional timing centroid difference: positive means later,0.8874395359408984,False
qwen35_27b,Qwen3.5 27B,moral,Moral,conversational,timing,Perspective_Shift,Perspective shift,497,0.014346104056653673,0.00015083923283039553,0.030159163110157577,0.03796203796203796,bits per held-out trace,-0.03267270689895513,-0.040892913046159676,-0.024226388249962403,conditional timing centroid difference: positive means later,0.10640454436074874,False
qwen35_27b,Qwen3.5 27B,moral,Moral,conversational,timing,Conflict_of_Perspectives,Perspective conflict,497,0.020149220991303167,-0.0034035463396728314,0.04281170591644809,0.04295704295704296,bits per held-out trace,0.09233496293017734,0.07485706583407366,0.10943374134253478,conditional timing centroid difference: positive means later,0.11535317829024125,False
qwen35_27b,Qwen3.5 27B,moral,Moral,conversational,timing,Reconciliation,Reconciliation,497,0.004166700264603182,-0.014312558752377068,0.022148196642789292,0.33666333666333664,bits per held-out trace,0.0497417466222958,0.03467220371505022,0.0657276014733986,conditional timing centroid difference: positive means later,0.4834422083492716,False
qwen35_27b,Qwen3.5 27B,idea,Idea,conversational,amount,Question_and_Answering,Question–answer,498,0.060391873434813184,0.02931131708385682,0.08979648054359973,0.000999000999000999,bits per held-out trace,-0.5310689646236925,-0.591824815347749,-0.46983905611425303,standardized rate difference: domain minus other domains,0.001510300722899148,True
qwen35_27b,Qwen3.5 27B,idea,Idea,conversational,amount,Perspective_Shift,Perspective shift,498,0.8920352642484403,0.8364751918043382,0.9414471824301652,0.000999000999000999,bits per held-out trace,1.695122680736832,1.6318786872592592,1.7563364670174564,standardized rate difference: domain minus other domains,0.001510300722899148,True
qwen35_27b,Qwen3.5 27B,idea,Idea,conversational,amount,Conflict_of_Perspectives,Perspective conflict,498,0.8579206956615405,0.8196855765200676,0.8985403932530766,0.000999000999000999,bits per held-out trace,1.7977354818977827,1.7412974155228211,1.853500121808818,standardized rate difference: domain minus other domains,0.001510300722899148,True
qwen35_27b,Qwen3.5 27B,idea,Idea,conversational,amount,Reconciliation,Reconciliation,498,0.0840374801482706,0.057060721228958555,0.10880189581633311,0.000999000999000999,bits per held-out trace,-0.3202838566030116,-0.38739542394604237,-0.2580889980275939,standardized rate difference: domain minus other domains,0.001510300722899148,True
qwen35_27b,Qwen3.5 27B,idea,Idea,conversational,timing,Question_and_Answering,Question–answer,498,0.000942923740975554,-0.0028893359877319234,0.00467753734570188,0.3256743256743257,bits per held-out trace,-0.012356372240305835,-0.026790009164077852,0.0031074923322900266,conditional timing centroid difference: positive means later,0.47516120243392973,False
qwen35_27b,Qwen3.5 27B,idea,Idea,conversational,timing,Perspective_Shift,Perspective shift,498,0.033213397370219305,0.012341627873625569,0.05365402416216264,0.000999000999000999,bits per held-out trace,-0.08027690583129438,-0.08592077476895658,-0.07457397297559289,conditional timing centroid difference: positive means later,0.0073772381464689155,True
qwen35_27b,Qwen3.5 27B,idea,Idea,conversational,timing,Conflict_of_Perspectives,Perspective conflict,498,0.04537973660479068,0.020480636986412264,0.07001942846661732,0.000999000999000999,bits per held-out trace,-0.1344734144378098,-0.14421754558824615,-0.12554130421450413,conditional timing centroid difference: positive means later,0.0073772381464689155,True
qwen35_27b,Qwen3.5 27B,idea,Idea,conversational,timing,Reconciliation,Reconciliation,498,0.0025818163202000408,-0.002344858862289485,0.0073000701198740105,0.14585414585414586,bits per held-out trace,0.04624386016893489,0.032366514427578034,0.05992097543567143,conditional timing centroid difference: positive means later,0.2654407204170237,False
qwen35_27b,Qwen3.5 27B,safety,Safety,conversational,amount,Question_and_Answering,Question–answer,313,0.018935680031891614,0.003335192151503695,0.03365211924821684,0.011988011988011988,bits per held-out trace,-0.26266349967379643,-0.38239608809671555,-0.14310044692207086,standardized rate difference: domain minus other domains,0.015984015984015984,True
qwen35_27b,Qwen3.5 27B,safety,Safety,conversational,amount,Perspective_Shift,Perspective shift,313,0.06009652680067105,-0.013319815710767525,0.11472280303151332,0.01898101898101898,bits per held-out trace,0.18742071360891868,0.07376635683503822,0.3122496711525822,standardized rate difference: domain minus other domains,0.024624024624024625,False
qwen35_27b,Qwen3.5 27B,safety,Safety,conversational,amount,Conflict_of_Perspectives,Perspective conflict,313,0.058772920547699045,0.002859476048981107,0.11097526280198997,0.013986013986013986,bits per held-out trace,-0.5560930938858064,-0.6475141134412066,-0.46832608382948815,standardized rate difference: domain minus other domains,0.01845577103309062,True
qwen35_27b,Qwen3.5 27B,safety,Safety,conversational,amount,Reconciliation,Reconciliation,313,0.012289629420465256,-0.027988297016382484,0.05550479086117712,0.2987012987012987,bits per held-out trace,-0.5068577522191312,-0.6530714058939832,-0.36514036394593075,standardized rate difference: domain minus other domains,0.32771799628942483,False
qwen35_27b,Qwen3.5 27B,safety,Safety,conversational,timing,Question_and_Answering,Question–answer,313,0.002086579421540183,-0.039866200630396156,0.03811921863053604,0.4435564435564436,bits per held-out trace,0.1327973947836556,0.10310428471151147,0.16275683889282114,conditional timing centroid difference: positive means later,0.5813162946268748,False
qwen35_27b,Qwen3.5 27B,safety,Safety,conversational,timing,Perspective_Shift,Perspective shift,313,0.01410878487337647,-0.016248375858183253,0.03809005503564218,0.1878121878121878,bits per held-out trace,0.007225413755066634,-0.007946414965565892,0.021967218695734574,conditional timing centroid difference: positive means later,0.31770872299506664,False
qwen35_27b,Qwen3.5 27B,safety,Safety,conversational,timing,Conflict_of_Perspectives,Perspective conflict,313,0.013266528672699486,-0.03128295079093255,0.05382768833996912,0.27972027972027974,bits per held-out trace,0.13243253797276922,0.10237196594370579,0.1617915740705707,conditional timing centroid difference: positive means later,0.42288420241176145,False
qwen35_27b,Qwen3.5 27B,safety,Safety,conversational,timing,Reconciliation,Reconciliation,313,0.0009519450712712551,-0.015272732362719876,0.015622815318020684,0.47052947052947053,bits per held-out trace,0.11823473978816978,0.08877380654743146,0.14594886523452194,conditional timing centroid difference: positive means later,0.6083613356340629,False
qwen35_27b,Qwen3.5 27B,security,Security,conversational,amount,Question_and_Answering,Question–answer,460,0.19570020548235514,0.12307266325155553,0.2679938587838428,0.000999000999000999,bits per held-out trace,-0.39992254460073806,-0.48947847245733456,-0.3160153196454074,standardized rate difference: domain minus other domains,0.001510300722899148,True
qwen35_27b,Qwen3.5 27B,security,Security,conversational,amount,Perspective_Shift,Perspective shift,460,0.10342953899733988,0.02173493778121991,0.17340124655582584,0.005994005994005994,bits per held-out trace,-0.4118544820745246,-0.4943405968590404,-0.3278589890740325,standardized rate difference: domain minus other domains,0.008431129310250191,True
qwen35_27b,Qwen3.5 27B,security,Security,conversational,amount,Conflict_of_Perspectives,Perspective conflict,460,0.23045851516326044,0.1710738532974602,0.2899723125889633,0.000999000999000999,bits per held-out trace,-0.10504649805870858,-0.1827098119160993,-0.023322973596499437,standardized rate difference: domain minus other domains,0.001510300722899148,True
qwen35_27b,Qwen3.5 27B,security,Security,conversational,amount,Reconciliation,Reconciliation,460,0.047788849605919,0.008484851852674056,0.08848908100092379,0.01898101898101898,bits per held-out trace,-0.10332881648419037,-0.19295625990783685,-0.010525604151185097,standardized rate difference: domain minus other domains,0.024624024624024625,True
qwen35_27b,Qwen3.5 27B,security,Security,conversational,timing,Question_and_Answering,Question–answer,460,0.028502970075188795,0.008442471883236895,0.04808891161889876,0.001998001998001998,bits per held-out trace,-0.017619987515765212,-0.03461142418968779,8.46026379371852e-05,conditional timing centroid difference: positive means later,0.012178297892583607,True
qwen35_27b,Qwen3.5 27B,security,Security,conversational,timing,Perspective_Shift,Perspective shift,460,0.015284678166713113,-0.008543590693846631,0.04057080676982647,0.1108891108891109,bits per held-out trace,0.013430040028083512,0.002822346582703671,0.02405168846290253,conditional timing centroid difference: positive means later,0.22529851101279674,False
qwen35_27b,Qwen3.5 27B,security,Security,conversational,timing,Conflict_of_Perspectives,Perspective conflict,460,0.05589913184697928,0.0227395089342668,0.08841532951501595,0.000999000999000999,bits per held-out trace,-0.03704116133491597,-0.05362707320350588,-0.01982693763953917,conditional timing centroid difference: positive means later,0.0073772381464689155,True
qwen35_27b,Qwen3.5 27B,security,Security,conversational,timing,Reconciliation,Reconciliation,460,-0.00823604669263652,-0.022933019986610195,0.0056526358772031205,0.8661338661338661,bits per held-out trace,-0.02924970444109687,-0.045348188347027446,-0.013896889881620333,conditional timing centroid difference: positive means later,0.8964835703380178,False
qwen35_27b,Qwen3.5 27B,math,Math,cognitive,amount,verification,Verification,439,0.4810222040447242,0.37502713300769736,0.5756757821789342,0.000999000999000999,bits per held-out trace,0.9583301307069433,0.8707477333888204,1.0565533897138595,standardized rate difference: domain minus other domains,0.001510300722899148,True
qwen35_27b,Qwen3.5 27B,math,Math,cognitive,amount,backtracking,Backtracking,439,0.5177461160902889,0.45211636606660616,0.583745893233981,0.000999000999000999,bits per held-out trace,-0.646712538019651,-0.6929712178346474,-0.6026342169221007,standardized rate difference: domain minus other domains,0.001510300722899148,True
qwen35_27b,Qwen3.5 27B,math,Math,cognitive,amount,subgoal,Subgoal setting,439,0.47965951418139374,0.38123799228348937,0.577651780407575,0.000999000999000999,bits per held-out trace,0.43974215874889466,0.3256619145206983,0.5501950891472907,standardized rate difference: domain minus other domains,0.001510300722899148,True
qwen35_27b,Qwen3.5 27B,math,Math,cognitive,amount,backward_chaining,Backward chaining,439,0.009484018201704799,-0.028511171806570805,0.039397220391186365,0.27372627372627373,bits per held-out trace,-0.11398976147042264,-0.1965032519828934,-0.025103283238241778,standardized rate difference: domain minus other domains,0.30204278480140545,False
qwen35_27b,Qwen3.5 27B,math,Math,cognitive,timing,verification,Verification,439,0.012787949451385125,-0.0061208736799979275,0.03201785187267024,0.0989010989010989,bits per held-out trace,-0.041022772609181635,-0.054125367842258215,-0.027486294330815897,conditional timing centroid difference: positive means later,0.2098233258454253,False
qwen35_27b,Qwen3.5 27B,math,Math,cognitive,timing,backtracking,Backtracking,439,0.039033533192563086,0.009860146398505536,0.07174152832850557,0.004995004995004995,bits per held-out trace,-0.06552493062362946,-0.09610741717443251,-0.03510929302768591,conditional timing centroid difference: positive means later,0.02491015478028465,True
qwen35_27b,Qwen3.5 27B,math,Math,cognitive,timing,subgoal,Subgoal setting,439,0.020523450402284704,-0.007946854140693302,0.052119034750954675,0.1028971028971029,bits per held-out trace,-0.022485259726383877,-0.035989111234805395,-0.009367201494333849,conditional timing centroid difference: positive means later,0.21591523230867493,False
qwen35_27b,Qwen3.5 27B,math,Math,cognitive,timing,backward_chaining,Backward chaining,439,0.0005474662695657883,-0.006296498275871772,0.0074292854281194694,0.4775224775224775,bits per held-out trace,0.007906040397786751,-0.06154009864008466,0.08032464017123066,conditional timing centroid difference: positive means later,0.6132730146108072,False
qwen35_27b,Qwen3.5 27B,code,Code,cognitive,amount,verification,Verification,159,0.1667453981604062,0.02705117490970349,0.30630581368045323,0.003996003996003996,bits per held-out trace,-0.00691524878902693,-0.12218333825529487,0.10342238594278945,standardized rate difference: domain minus other domains,0.005790435979115225,True
qwen35_27b,Qwen3.5 27B,code,Code,cognitive,amount,backtracking,Backtracking,159,0.11084639204634453,-0.1153532208051411,0.2633807777216733,0.12387612387612387,bits per held-out trace,-0.4872538232950729,-0.5412213278300129,-0.4269357675029734,standardized rate difference: domain minus other domains,0.14458489838429048,False
qwen35_27b,Qwen3.5 27B,code,Code,cognitive,amount,subgoal,Subgoal setting,159,0.11644557831839247,0.0163144832370097,0.2317464871220784,0.01898101898101898,bits per held-out trace,-0.853573954143325,-0.9002459589287699,-0.7949735554483244,standardized rate difference: domain minus other domains,0.024624024624024625,True
qwen35_27b,Qwen3.5 27B,code,Code,cognitive,amount,backward_chaining,Backward chaining,159,0.2852445450745268,0.1977256633443279,0.3517345130182004,0.000999000999000999,bits per held-out trace,-0.21736949979275527,-0.27146642915550806,-0.1620684836975776,standardized rate difference: domain minus other domains,0.001510300722899148,True
qwen35_27b,Qwen3.5 27B,code,Code,cognitive,timing,verification,Verification,159,0.02726242607035816,-0.007819688900350109,0.05934268205592727,0.04095904095904096,bits per held-out trace,-0.04337816130171546,-0.059025352915346475,-0.028212598008921296,conditional timing centroid difference: positive means later,0.11234479805908378,False
qwen35_27b,Qwen3.5 27B,code,Code,cognitive,timing,backtracking,Backtracking,159,0.05928024029629599,-0.007595244139456485,0.13076099868299093,0.04095904095904096,bits per held-out trace,-0.1689435671887628,-0.19947443962079447,-0.1340278147084351,conditional timing centroid difference: positive means later,0.11234479805908378,False
qwen35_27b,Qwen3.5 27B,code,Code,cognitive,timing,subgoal,Subgoal setting,159,0.29659975591038856,0.14804976037338527,0.4321618208804333,0.001998001998001998,bits per held-out trace,-0.1477514909497346,-0.17559024805761142,-0.12067550643756768,conditional timing centroid difference: positive means later,0.012178297892583607,True
qwen35_27b,Qwen3.5 27B,code,Code,cognitive,timing,backward_chaining,Backward chaining,159,-0.005152320521985556,-0.03819080814438002,0.02439973754960259,0.6423576423576424,bits per held-out trace,-0.20261142808570326,-0.28111810111487634,-0.12195018713449425,conditional timing centroid difference: positive means later,0.7407367407367408,False
qwen35_27b,Qwen3.5 27B,gpqa,GPQA,cognitive,amount,verification,Verification,490,0.06762151005920675,0.02049194434821648,0.11658188879351211,0.001998001998001998,bits per held-out trace,0.4521898303154982,0.379739173002832,0.5286842728812745,standardized rate difference: domain minus other domains,0.002950895258587566,True
qwen35_27b,Qwen3.5 27B,gpqa,GPQA,cognitive,amount,backtracking,Backtracking,490,0.31322581155101287,0.2757030806550019,0.3482464960783705,0.000999000999000999,bits per held-out trace,-0.2846031730759827,-0.3345720939559525,-0.23586249764953512,standardized rate difference: domain minus other domains,0.001510300722899148,True
qwen35_27b,Qwen3.5 27B,gpqa,GPQA,cognitive,amount,subgoal,Subgoal setting,490,0.07523992384040118,0.04728799834844632,0.10337655438922201,0.000999000999000999,bits per held-out trace,-0.6090766649517912,-0.659932274490248,-0.5571744014454755,standardized rate difference: domain minus other domains,0.001510300722899148,True
qwen35_27b,Qwen3.5 27B,gpqa,GPQA,cognitive,amount,backward_chaining,Backward chaining,490,0.044610949787551715,0.022944404626488488,0.06444233839666332,0.000999000999000999,bits per held-out trace,0.18576167300423724,0.10572571306209337,0.27094573738968775,standardized rate difference: domain minus other domains,0.001510300722899148,True
qwen35_27b,Qwen3.5 27B,gpqa,GPQA,cognitive,timing,verification,Verification,490,-0.0029105441549210536,-0.013256601427508027,0.0070020479649309615,0.6923076923076923,bits per held-out trace,-0.049391478534085764,-0.05795475869093263,-0.040081168808123936,conditional timing centroid difference: positive means later,0.7750616730208566,False
qwen35_27b,Qwen3.5 27B,gpqa,GPQA,cognitive,timing,backtracking,Backtracking,490,0.013713634688636723,0.002230855043905098,0.02526959790880866,0.014985014985014986,bits per held-out trace,-0.09893945057299497,-0.12208543191553052,-0.07648515393530138,conditional timing centroid difference: positive means later,0.05586646363345393,False
qwen35_27b,Qwen3.5 27B,gpqa,GPQA,cognitive,timing,subgoal,Subgoal setting,490,0.022361804302241342,0.006428112005888589,0.039094929552459357,0.005994005994005994,bits per held-out trace,-0.009600335291665318,-0.023316075666354248,0.003461532498507815,conditional timing centroid difference: positive means later,0.028069491484125634,True
qwen35_27b,Qwen3.5 27B,gpqa,GPQA,cognitive,timing,backward_chaining,Backward chaining,490,-0.003572936545646691,-0.011500455878166654,0.0042835099619442625,0.8291708291708292,bits per held-out trace,0.04833950696667888,0.0019484447160941097,0.09221025114875023,conditional timing centroid difference: positive means later,0.8795624265237525,False
qwen35_27b,Qwen3.5 27B,planning,Planning,cognitive,amount,verification,Verification,499,0.24702829615959254,0.19590650678505794,0.298860505097603,0.000999000999000999,bits per held-out trace,1.045757904772442,0.968837464880242,1.1396946379637118,standardized rate difference: domain minus other domains,0.001510300722899148,True
qwen35_27b,Qwen3.5 27B,planning,Planning,cognitive,amount,backtracking,Backtracking,499,0.38385055978752136,0.31877004892625316,0.44596026470736155,0.000999000999000999,bits per held-out trace,-0.7510190525472228,-0.7940840134741307,-0.7085788534511428,standardized rate difference: domain minus other domains,0.001510300722899148,True
qwen35_27b,Qwen3.5 27B,planning,Planning,cognitive,amount,subgoal,Subgoal setting,499,0.2769239822515233,0.20451568884949295,0.3400575916439643,0.000999000999000999,bits per held-out trace,-0.8169112376337728,-0.8680220420756051,-0.7648383168867736,standardized rate difference: domain minus other domains,0.001510300722899148,True
qwen35_27b,Qwen3.5 27B,planning,Planning,cognitive,amount,backward_chaining,Backward chaining,499,0.0585186777027224,0.030400702361499513,0.08595756993329962,0.000999000999000999,bits per held-out trace,0.3509806279461723,0.22542817964659034,0.48784103096647424,standardized rate difference: domain minus other domains,0.001510300722899148,True
qwen35_27b,Qwen3.5 27B,planning,Planning,cognitive,timing,verification,Verification,499,0.0018645265826322222,-0.0019378591712698027,0.005918137520834993,0.16783216783216784,bits per held-out trace,-0.030530450774042595,-0.03956713454590756,-0.02112652355913645,conditional timing centroid difference: positive means later,0.2956309745300571,False
qwen35_27b,Qwen3.5 27B,planning,Planning,cognitive,timing,backtracking,Backtracking,499,0.003589653188953032,-0.006260660766659646,0.0126589288444199,0.24875124875124874,bits per held-out trace,-0.0646390069924036,-0.09698951475113177,-0.031157568834200122,conditional timing centroid difference: positive means later,0.38516322387290125,False
qwen35_27b,Qwen3.5 27B,planning,Planning,cognitive,timing,subgoal,Subgoal setting,499,0.013894033177619778,-0.011626375247132654,0.04067306857223978,0.13986013986013987,bits per held-out trace,0.027790077798240165,0.007960065477239226,0.04859942643774783,conditional timing centroid difference: positive means later,0.260710163622785,False
qwen35_27b,Qwen3.5 27B,planning,Planning,cognitive,timing,backward_chaining,Backward chaining,499,-0.0026178097517696227,-0.012522994380722446,0.007582618098717186,0.6793206793206793,bits per held-out trace,-0.0856976664598717,-0.14008733746421587,-0.03618241698424229,conditional timing centroid difference: positive means later,0.7649828177687414,False
qwen35_27b,Qwen3.5 27B,moral,Moral,cognitive,amount,verification,Verification,497,0.5935782775194485,0.5098973170061762,0.6704208250504328,0.000999000999000999,bits per held-out trace,-1.371440491256709,-1.4181291000117222,-1.3222914946070918,standardized rate difference: domain minus other domains,0.001510300722899148,True
qwen35_27b,Qwen3.5 27B,moral,Moral,cognitive,amount,backtracking,Backtracking,497,0.25075466182264683,0.2130517037254866,0.28884599631627506,0.000999000999000999,bits per held-out trace,-0.1726826047560568,-0.22725931441194974,-0.12131989609400165,standardized rate difference: domain minus other domains,0.001510300722899148,True
qwen35_27b,Qwen3.5 27B,moral,Moral,cognitive,amount,subgoal,Subgoal setting,497,0.1499751567114368,0.1213558165141759,0.17990217423015703,0.000999000999000999,bits per held-out trace,1.256825650879755,1.1846226642525313,1.3284769378231873,standardized rate difference: domain minus other domains,0.001510300722899148,True
qwen35_27b,Qwen3.5 27B,moral,Moral,cognitive,amount,backward_chaining,Backward chaining,497,0.02115045984587735,0.006143189840814362,0.033072701486944196,0.000999000999000999,bits per held-out trace,-0.34442727118208916,-0.38596250220995787,-0.301918564777378,standardized rate difference: domain minus other domains,0.001510300722899148,True
qwen35_27b,Qwen3.5 27B,moral,Moral,cognitive,timing,verification,Verification,497,0.006330032901065142,-0.019927546727018845,0.030479768119222476,0.3086913086913087,bits per held-out trace,0.2508721317017364,0.23256791742614447,0.2679494600597209,conditional timing centroid difference: positive means later,0.461235262791683,False
qwen35_27b,Qwen3.5 27B,moral,Moral,cognitive,timing,backtracking,Backtracking,497,0.03368729210793365,-0.011508685242449673,0.06871049947649893,0.03496503496503497,bits per held-out trace,0.31358434724322415,0.29090590601494404,0.3351529947049266,conditional timing centroid difference: positive means later,0.10095167989904832,False
qwen35_27b,Qwen3.5 27B,moral,Moral,cognitive,timing,subgoal,Subgoal setting,497,0.013031882508524228,-0.006624728416079945,0.027515107200291485,0.055944055944055944,bits per held-out trace,0.0972713141865435,0.08484656570841399,0.10967753385392223,conditional timing centroid difference: positive means later,0.14226832769879127,False
qwen35_27b,Qwen3.5 27B,moral,Moral,cognitive,timing,backward_chaining,Backward chaining,497,0.0008792462137476183,-0.0015206111671376957,0.0032897923321793857,0.27472527472527475,bits per held-out trace,0.3104246145972454,0.14352960908622847,0.4765367771742252,conditional timing centroid difference: positive means later,0.4169743300178083,False
qwen35_27b,Qwen3.5 27B,idea,Idea,cognitive,amount,verification,Verification,498,0.2494968261890037,0.2320415632384862,0.26612415386857635,0.000999000999000999,bits per held-out trace,-0.300507243352766,-0.35567311719209765,-0.24569195762667545,standardized rate difference: domain minus other domains,0.001510300722899148,True
qwen35_27b,Qwen3.5 27B,idea,Idea,cognitive,amount,backtracking,Backtracking,498,1.6257863391784626,1.549583999540513,1.6919775220319795,0.000999000999000999,bits per held-out trace,2.5022700984555493,2.4415647320848772,2.5626926504663166,standardized rate difference: domain minus other domains,0.001510300722899148,True
qwen35_27b,Qwen3.5 27B,idea,Idea,cognitive,amount,subgoal,Subgoal setting,498,0.11184239206381717,0.09676604361042102,0.12701490090214074,0.000999000999000999,bits per held-out trace,-0.33275015874087643,-0.38306212716125815,-0.2818175480760997,standardized rate difference: domain minus other domains,0.001510300722899148,True
qwen35_27b,Qwen3.5 27B,idea,Idea,cognitive,amount,backward_chaining,Backward chaining,498,0.10936949108943556,0.08661839839522562,0.12577145313586593,0.000999000999000999,bits per held-out trace,-0.35467859981371014,-0.3947488897374771,-0.314811289447766,standardized rate difference: domain minus other domains,0.001510300722899148,True
qwen35_27b,Qwen3.5 27B,idea,Idea,cognitive,timing,verification,Verification,498,0.021368631655766558,0.0030295528066598665,0.042376685240775105,0.011988011988011988,bits per held-out trace,-0.16440016967754467,-0.17436841639607917,-0.15353501386024715,conditional timing centroid difference: positive means later,0.04745769694223303,True
qwen35_27b,Qwen3.5 27B,idea,Idea,cognitive,timing,backtracking,Backtracking,498,0.004768487535751302,-0.003146366887076117,0.013095654421257773,0.14585414585414586,bits per held-out trace,-0.06301961047259053,-0.07622064946404895,-0.05074217552698686,conditional timing centroid difference: positive means later,0.2654407204170237,False
qwen35_27b,Qwen3.5 27B,idea,Idea,cognitive,timing,subgoal,Subgoal setting,498,0.003795750941407292,0.00044249942465154874,0.007191302761511381,0.00999000999000999,bits per held-out trace,0.0021182334047920026,-0.010016493661995193,0.014844933614869417,conditional timing centroid difference: positive means later,0.04081025357621102,True
qwen35_27b,Qwen3.5 27B,idea,Idea,cognitive,timing,backward_chaining,Backward chaining,498,0.0006034634616418412,0.00037019704844707194,0.0008554487138099894,0.000999000999000999,bits per held-out trace,0.317611396176142,0.032129946855972924,0.5405395049547175,conditional timing centroid difference: positive means later,0.0073772381464689155,True
qwen35_27b,Qwen3.5 27B,safety,Safety,cognitive,amount,verification,Verification,313,0.1987170155521034,0.13724083536470688,0.2547241461569842,0.000999000999000999,bits per held-out trace,-0.8484215927318225,-0.9238621324913231,-0.7701307453755586,standardized rate difference: domain minus other domains,0.001510300722899148,True
qwen35_27b,Qwen3.5 27B,safety,Safety,cognitive,amount,backtracking,Backtracking,313,0.22314240718988565,0.16116568752463575,0.28839324888178136,0.000999000999000999,bits per held-out trace,-0.27183422100324256,-0.3369503635739375,-0.21060188934232005,standardized rate difference: domain minus other domains,0.001510300722899148,True
qwen35_27b,Qwen3.5 27B,safety,Safety,cognitive,amount,subgoal,Subgoal setting,313,0.05490908355082336,0.010032066967641409,0.09961762249376895,0.005994005994005994,bits per held-out trace,1.2603594475075781,1.1526427658716265,1.3830427586929068,standardized rate difference: domain minus other domains,0.008431129310250191,True
qwen35_27b,Qwen3.5 27B,safety,Safety,cognitive,amount,backward_chaining,Backward chaining,313,0.01729992269352024,0.014716067354147114,0.019964224357930396,0.000999000999000999,bits per held-out trace,-0.34267073978161877,-0.3795779690797864,-0.30846572793156135,standardized rate difference: domain minus other domains,0.001510300722899148,True
qwen35_27b,Qwen3.5 27B,safety,Safety,cognitive,timing,verification,Verification,313,0.014573321904979513,-0.008732096159166008,0.03760739709987828,0.1258741258741259,bits per held-out trace,0.0859976465744362,0.06357203173016625,0.10885801006746271,conditional timing centroid difference: positive means later,0.2416783216783217,False
qwen35_27b,Qwen3.5 27B,safety,Safety,cognitive,timing,backtracking,Backtracking,313,0.009916030129935353,-0.03370714296150762,0.045957853754370344,0.3226773226773227,bits per held-out trace,0.15734410652532982,0.12609726090515067,0.19006401924908986,conditional timing centroid difference: positive means later,0.4729316485041676,False
qwen35_27b,Qwen3.5 27B,safety,Safety,cognitive,timing,subgoal,Subgoal setting,313,0.017457104395391904,-0.0078012382991563415,0.039491227899749966,0.07092907092907093,bits per held-out trace,-0.016749431426257955,-0.037023873214227225,0.0036361867016903356,conditional timing centroid difference: positive means later,0.16507129234401963,False
qwen35_27b,Qwen3.5 27B,safety,Safety,cognitive,timing,backward_chaining,Backward chaining,313,0.000554151850706423,0.00021662769846333537,0.0008892201280644189,0.001998001998001998,bits per held-out trace,,,,conditional timing centroid difference: positive means later,0.012178297892583607,True
qwen35_27b,Qwen3.5 27B,security,Security,cognitive,amount,verification,Verification,460,0.2946277886730007,0.23083098179223852,0.36247449361794504,0.000999000999000999,bits per held-out trace,-0.1239176696515373,-0.19965818658571477,-0.039762332149559494,standardized rate difference: domain minus other domains,0.001510300722899148,True
qwen35_27b,Qwen3.5 27B,security,Security,cognitive,amount,backtracking,Backtracking,460,0.6990889433554179,0.6515243426196738,0.7430781980215038,0.000999000999000999,bits per held-out trace,-0.38353877190037844,-0.440843561603205,-0.3307831120003891,standardized rate difference: domain minus other domains,0.001510300722899148,True
qwen35_27b,Qwen3.5 27B,security,Security,cognitive,amount,subgoal,Subgoal setting,460,0.18138733543331864,0.09893334743632855,0.25320224289021237,0.000999000999000999,bits per held-out trace,-0.46687863826901316,-0.5357466011574467,-0.4028674339568089,standardized rate difference: domain minus other domains,0.001510300722899148,True
qwen35_27b,Qwen3.5 27B,security,Security,cognitive,amount,backward_chaining,Backward chaining,460,0.15652021341632558,0.08986502372913636,0.21527724928195127,0.000999000999000999,bits per held-out trace,0.6124042162914166,0.4454357818547934,0.7764569331493576,standardized rate difference: domain minus other domains,0.001510300722899148,True
qwen35_27b,Qwen3.5 27B,security,Security,cognitive,timing,verification,Verification,460,-0.002378812639862389,-0.02437618955781145,0.019725374628929853,0.5674325674325674,bits per held-out trace,-8.986093418927865e-05,-0.01229334578583394,0.011645288529825243,conditional timing centroid difference: positive means later,0.6842561826887845,False
qwen35_27b,Qwen3.5 27B,security,Security,cognitive,timing,backtracking,Backtracking,460,0.05906609296813451,0.032222868618648114,0.0869444634770598,0.000999000999000999,bits per held-out trace,-0.09379284419480088,-0.11997275248477285,-0.06786765560172639,conditional timing centroid difference: positive means later,0.0073772381464689155,True
qwen35_27b,Qwen3.5 27B,security,Security,cognitive,timing,subgoal,Subgoal setting,460,0.029765482808614373,0.009623775301175318,0.049155085181859993,0.001998001998001998,bits per held-out trace,-0.03644051565143103,-0.053851875726194286,-0.01902230533468152,conditional timing centroid difference: positive means later,0.012178297892583607,True
qwen35_27b,Qwen3.5 27B,security,Security,cognitive,timing,backward_chaining,Backward chaining,460,-0.0048770590042603945,-0.013530893520086663,0.0029154574951839782,0.8721278721278721,bits per held-out trace,0.06909326585484615,0.015566650212797553,0.12039191905627647,conditional timing centroid difference: positive means later,0.9002610292932874,False
