gen_model,model_label,task_type,domain,outcome_kind,n,outcome_unique,signature_family,layer,behavior,behavior_label,shapley_gain,shapley_ci_low,shapley_ci_high,shapley_p_value,shapley_unit,direction_effect,direction_ci_low,direction_ci_high,direction_unit,shapley_q_value,supported,amount_supported,timing_supported,parent_block_supported
reasoner,DeepSeek-R1 Distill 8B,math,Math,binary,498,2,conversational,amount,Question_and_Answering,Question–answer,0.0009141495214698091,-0.02624258329069582,0.024210099932939776,0.4775224775224775,bits/trace,0.29915211792073765,0.1128064538072796,0.47806295523537634,standardized high-minus-low outcome rate difference,1.0,False,False,False,False
reasoner,DeepSeek-R1 Distill 8B,math,Math,binary,498,2,conversational,amount,Perspective_Shift,Perspective shift,0.0052528681738147195,-0.005958232215212607,0.01571074728164952,0.1888111888111888,bits/trace,-0.27677926214849685,-0.4981794019246069,-0.07331194237308289,standardized high-minus-low outcome rate difference,1.0,False,False,False,False
reasoner,DeepSeek-R1 Distill 8B,math,Math,binary,498,2,conversational,amount,Conflict_of_Perspectives,Perspective conflict,0.029869003513677377,0.004382551863286225,0.055533880743028445,0.011988011988011988,bits/trace,-0.4566736998769291,-0.7123859005980078,-0.18544731261898145,standardized high-minus-low outcome rate difference,0.7403123192596877,False,False,False,False
reasoner,DeepSeek-R1 Distill 8B,math,Math,binary,498,2,conversational,amount,Reconciliation,Reconciliation,-0.008124316794006992,-0.04377707507217409,0.01897227154374565,0.7022977022977023,bits/trace,0.18969887742347716,-0.0389761930192587,0.39691053452520064,standardized high-minus-low outcome rate difference,1.0,False,False,False,False
reasoner,DeepSeek-R1 Distill 8B,math,Math,binary,498,2,conversational,timing,Question_and_Answering,Question–answer,-0.003380020183477515,-0.012474384323241074,0.005376535423768523,0.7792207792207793,bits/trace,0.09389693368278879,0.02219184001527557,0.1608396888745373,high-minus-low conditional timing centroid; positive means later,1.0,False,False,False,False
reasoner,DeepSeek-R1 Distill 8B,math,Math,binary,498,2,conversational,timing,Perspective_Shift,Perspective shift,-0.010279013416638432,-0.030079640262587186,0.008538008672713418,0.8441558441558441,bits/trace,0.003987677583114468,-0.04528383238767998,0.04970996453592492,high-minus-low conditional timing centroid; positive means later,1.0,False,False,False,False
reasoner,DeepSeek-R1 Distill 8B,math,Math,binary,498,2,conversational,timing,Conflict_of_Perspectives,Perspective conflict,-0.0038600542863833436,-0.009159282840018398,0.0013888777557202491,0.906093906093906,bits/trace,-0.017433034311178486,-0.07518439545799994,0.03535514821184574,high-minus-low conditional timing centroid; positive means later,1.0,False,False,False,False
reasoner,DeepSeek-R1 Distill 8B,math,Math,binary,498,2,conversational,timing,Reconciliation,Reconciliation,-0.008484840650279235,-0.021044519473800805,0.0034560369352373164,0.906093906093906,bits/trace,0.06956213941309042,0.01564892140262864,0.1171917615348273,high-minus-low conditional timing centroid; positive means later,1.0,False,False,False,False
reasoner,DeepSeek-R1 Distill 8B,math,Math,binary,498,2,cognitive,amount,verification,Verification,-0.001631067177328992,-0.023010127756445942,0.017728417808864725,0.5694305694305695,bits/trace,0.18868090577347754,-0.033614269896632396,0.4013492056032358,standardized high-minus-low outcome rate difference,1.0,False,False,False,False
reasoner,DeepSeek-R1 Distill 8B,math,Math,binary,498,2,cognitive,amount,backtracking,Backtracking,0.013480658399880453,-0.004289354258149247,0.03137052921986412,0.07292707292707293,bits/trace,-0.41372967431862184,-0.6765369073199603,-0.15442945926544588,standardized high-minus-low outcome rate difference,0.8847926267281105,False,False,False,False
reasoner,DeepSeek-R1 Distill 8B,math,Math,binary,498,2,cognitive,amount,subgoal,Subgoal setting,-0.0019045350355741365,-0.004151283035699261,0.0004927198197247777,0.962037962037962,bits/trace,0.013306685010335665,-0.1715878892714325,0.20633072846236394,standardized high-minus-low outcome rate difference,1.0,False,False,False,False
reasoner,DeepSeek-R1 Distill 8B,math,Math,binary,498,2,cognitive,amount,backward_chaining,Backward chaining,-0.018943058896196237,-0.04835940939659173,-0.0003264354698030444,0.9410589410589411,bits/trace,0.03399290674565235,-0.12290954850118571,0.18535158643541247,standardized high-minus-low outcome rate difference,1.0,False,False,False,False
reasoner,DeepSeek-R1 Distill 8B,math,Math,binary,498,2,cognitive,timing,verification,Verification,-0.003075681580565943,-0.009368237336322003,0.0029569213976458814,0.8241758241758241,bits/trace,0.03464234478764128,-0.005074143092529748,0.07456826874615749,high-minus-low conditional timing centroid; positive means later,1.0,False,False,False,False
reasoner,DeepSeek-R1 Distill 8B,math,Math,binary,498,2,cognitive,timing,backtracking,Backtracking,-0.004687655744561263,-0.013594652909538358,0.004441220315242825,0.8581418581418582,bits/trace,0.010682980428164623,-0.04090951529263497,0.06417172836707519,high-minus-low conditional timing centroid; positive means later,1.0,False,False,False,False
reasoner,DeepSeek-R1 Distill 8B,math,Math,binary,498,2,cognitive,timing,subgoal,Subgoal setting,-0.0014742067853226004,-0.010424596197367395,0.008040676508523421,0.6253746253746254,bits/trace,-0.05225223026675324,-0.09921216351569229,-0.008840191485368958,high-minus-low conditional timing centroid; positive means later,1.0,False,False,False,False
reasoner,DeepSeek-R1 Distill 8B,math,Math,binary,498,2,cognitive,timing,backward_chaining,Backward chaining,-0.0036002951228066116,-0.011299339248833702,0.0027400136447409663,0.8411588411588412,bits/trace,-0.04635703925798079,-0.28106820838126934,0.1992899087441028,high-minus-low conditional timing centroid; positive means later,1.0,False,False,False,False
reasoner,DeepSeek-R1 Distill 8B,code,Code,binary,150,2,conversational,amount,Question_and_Answering,Question–answer,-0.007831952150047552,-0.019011822505825816,0.0013861272407111856,0.9210789210789211,bits/trace,0.33336258764133914,-0.0852273547212475,0.7138104111230363,standardized high-minus-low outcome rate difference,1.0,False,False,False,False
reasoner,DeepSeek-R1 Distill 8B,code,Code,binary,150,2,conversational,amount,Perspective_Shift,Perspective shift,-0.006297292393699382,-0.026184444099109243,0.010336626413483615,0.7122877122877123,bits/trace,-0.4708612693483621,-0.8039901644544849,-0.14043162513697857,standardized high-minus-low outcome rate difference,1.0,False,False,False,False
reasoner,DeepSeek-R1 Distill 8B,code,Code,binary,150,2,conversational,amount,Conflict_of_Perspectives,Perspective conflict,-0.05213535711559299,-0.08285442469775763,-0.024308698740136078,1.0,bits/trace,-0.5580674658176505,-0.9456789923492871,-0.19137653057303877,standardized high-minus-low outcome rate difference,1.0,False,False,False,False
reasoner,DeepSeek-R1 Distill 8B,code,Code,binary,150,2,conversational,amount,Reconciliation,Reconciliation,-0.021306306003975487,-0.05760393409786319,0.006282169152124694,0.8951048951048951,bits/trace,0.1497160605550215,-0.2473880182164451,0.5404028732419809,standardized high-minus-low outcome rate difference,1.0,False,False,False,False
reasoner,DeepSeek-R1 Distill 8B,code,Code,binary,150,2,conversational,timing,Question_and_Answering,Question–answer,-0.03245894533253008,-0.06284978096807518,-0.006601376842807378,0.994005994005994,bits/trace,0.03406004840926963,-0.028659276437705685,0.0969133407082823,high-minus-low conditional timing centroid; positive means later,1.0,False,False,False,False
reasoner,DeepSeek-R1 Distill 8B,code,Code,binary,150,2,conversational,timing,Perspective_Shift,Perspective shift,-0.04699086339763894,-0.09243512567763931,-0.010972843732223242,0.997002997002997,bits/trace,0.017159277146937213,-0.01419032128087698,0.04939289063838018,high-minus-low conditional timing centroid; positive means later,1.0,False,False,False,False
reasoner,DeepSeek-R1 Distill 8B,code,Code,binary,150,2,conversational,timing,Conflict_of_Perspectives,Perspective conflict,-0.007480150417369181,-0.05985536728316223,0.03900077382173842,0.6263736263736264,bits/trace,-0.005048631862342723,-0.05313911731473767,0.042235329357767394,high-minus-low conditional timing centroid; positive means later,1.0,False,False,False,False
reasoner,DeepSeek-R1 Distill 8B,code,Code,binary,150,2,conversational,timing,Reconciliation,Reconciliation,-0.010180100968552283,-0.03833436913471237,0.01870431377399504,0.7392607392607392,bits/trace,0.034404971505371695,-0.01266612583072281,0.08246983301138487,high-minus-low conditional timing centroid; positive means later,1.0,False,False,False,False
reasoner,DeepSeek-R1 Distill 8B,code,Code,binary,150,2,cognitive,amount,verification,Verification,0.0017647627730629075,-0.021577994543186638,0.021942399189565046,0.45854145854145856,bits/trace,0.9417532167089251,0.6077331082578521,1.2929741045093475,standardized high-minus-low outcome rate difference,1.0,False,False,False,False
reasoner,DeepSeek-R1 Distill 8B,code,Code,binary,150,2,cognitive,amount,backtracking,Backtracking,-0.03750137000386444,-0.0737471166617596,-0.008756313093773884,0.997002997002997,bits/trace,-0.44441796082633694,-0.8845998935648931,-0.023328116923211472,standardized high-minus-low outcome rate difference,1.0,False,False,False,False
reasoner,DeepSeek-R1 Distill 8B,code,Code,binary,150,2,cognitive,amount,subgoal,Subgoal setting,-0.013944941858577267,-0.028021592681172162,-0.0018290997257937548,0.987012987012987,bits/trace,-0.09802595957390002,-0.4966243933927733,0.3230158921431831,standardized high-minus-low outcome rate difference,1.0,False,False,False,False
reasoner,DeepSeek-R1 Distill 8B,code,Code,binary,150,2,cognitive,amount,backward_chaining,Backward chaining,-0.0011677670191880085,-0.014713091101552389,0.011646398443734541,0.7082917082917083,bits/trace,-0.14996434569234018,-0.40161720652017613,0.07564831662404367,standardized high-minus-low outcome rate difference,1.0,False,False,False,False
reasoner,DeepSeek-R1 Distill 8B,code,Code,binary,150,2,cognitive,timing,verification,Verification,-0.011546834191758561,-0.03517668755185236,0.008595097431518107,0.8381618381618382,bits/trace,0.06559212903550982,0.026633375592609355,0.10897776092665085,high-minus-low conditional timing centroid; positive means later,1.0,False,False,False,False
reasoner,DeepSeek-R1 Distill 8B,code,Code,binary,150,2,cognitive,timing,backtracking,Backtracking,-0.043206827701876796,-0.10585268646811118,0.014951812517192775,0.9040959040959041,bits/trace,-0.05119181948092444,-0.10773735700424615,0.008384830297532857,high-minus-low conditional timing centroid; positive means later,1.0,False,False,False,False
reasoner,DeepSeek-R1 Distill 8B,code,Code,binary,150,2,cognitive,timing,subgoal,Subgoal setting,-0.012698779105052299,-0.0530855424974017,0.02582653716951881,0.7102897102897103,bits/trace,-0.11396005383110602,-0.18086427306110778,-0.04996164586809438,high-minus-low conditional timing centroid; positive means later,1.0,False,False,False,False
reasoner,DeepSeek-R1 Distill 8B,code,Code,binary,150,2,cognitive,timing,backward_chaining,Backward chaining,-0.007358562188721488,-0.01825789235983075,0.005232249110792294,0.8921078921078921,bits/trace,-0.06591880579619758,-0.3722122910983441,0.2226178446342089,high-minus-low conditional timing centroid; positive means later,1.0,False,False,False,False
reasoner,DeepSeek-R1 Distill 8B,gpqa,GPQA,binary,438,2,conversational,amount,Question_and_Answering,Question–answer,0.0024578625328880656,-0.008074360654685048,0.013381466239744663,0.34065934065934067,bits/trace,-0.1224640561601961,-0.2903748558641736,0.06868815121026323,standardized high-minus-low outcome rate difference,1.0,False,False,False,False
reasoner,DeepSeek-R1 Distill 8B,gpqa,GPQA,binary,438,2,conversational,amount,Perspective_Shift,Perspective shift,0.017220017795276286,-0.008243761526995668,0.04213896046461849,0.08491508491508491,bits/trace,-0.4907525094243087,-0.6751990259978523,-0.31332833208732724,standardized high-minus-low outcome rate difference,0.8903436988543372,False,False,False,False
reasoner,DeepSeek-R1 Distill 8B,gpqa,GPQA,binary,438,2,conversational,amount,Conflict_of_Perspectives,Perspective conflict,-0.0037488180619164708,-0.007862171175989042,-0.0001492157076646415,0.975024975024975,bits/trace,-0.24846713505526358,-0.42935920103975006,-0.05215955151463423,standardized high-minus-low outcome rate difference,1.0,False,False,False,False
reasoner,DeepSeek-R1 Distill 8B,gpqa,GPQA,binary,438,2,conversational,amount,Reconciliation,Reconciliation,0.0019416354380526713,-0.006689608504624899,0.009602911679155326,0.3226773226773227,bits/trace,0.22057089803400914,0.04942097626187328,0.40913950386952325,standardized high-minus-low outcome rate difference,1.0,False,False,False,False
reasoner,DeepSeek-R1 Distill 8B,gpqa,GPQA,binary,438,2,conversational,timing,Question_and_Answering,Question–answer,-0.006205435788883588,-0.013028389314610901,0.0002142149516346388,0.973026973026973,bits/trace,0.028254659790733327,-0.01795508381094179,0.07729387183336713,high-minus-low conditional timing centroid; positive means later,1.0,False,False,False,False
reasoner,DeepSeek-R1 Distill 8B,gpqa,GPQA,binary,438,2,conversational,timing,Perspective_Shift,Perspective shift,-0.006417110167087612,-0.017671325397559442,0.005210377506355517,0.8321678321678322,bits/trace,-0.010377080079295387,-0.02734546520317724,0.0051325362813522115,high-minus-low conditional timing centroid; positive means later,1.0,False,False,False,False
reasoner,DeepSeek-R1 Distill 8B,gpqa,GPQA,binary,438,2,conversational,timing,Conflict_of_Perspectives,Perspective conflict,-0.0024201891798066107,-0.012258264427812436,0.00801966873726627,0.6563436563436563,bits/trace,0.027037211788582982,0.0012251832124497378,0.05080662887140279,high-minus-low conditional timing centroid; positive means later,1.0,False,False,False,False
reasoner,DeepSeek-R1 Distill 8B,gpqa,GPQA,binary,438,2,conversational,timing,Reconciliation,Reconciliation,-0.006716488456595331,-0.014539377775798985,0.0011258548867518778,0.9590409590409591,bits/trace,0.033822714409853516,-0.0028576582929686176,0.07085765010012589,high-minus-low conditional timing centroid; positive means later,1.0,False,False,False,False
reasoner,DeepSeek-R1 Distill 8B,gpqa,GPQA,binary,438,2,cognitive,amount,verification,Verification,0.0034732456878192445,-0.008705489625664071,0.01529013684396866,0.28471528471528473,bits/trace,0.0778665786999093,-0.10185322426895897,0.2545767883564333,standardized high-minus-low outcome rate difference,1.0,False,False,False,False
reasoner,DeepSeek-R1 Distill 8B,gpqa,GPQA,binary,438,2,cognitive,amount,backtracking,Backtracking,0.000647858851208369,-0.00808129305543899,0.00964014582474814,0.46853146853146854,bits/trace,-0.27664222938559085,-0.4610323955579926,-0.09207060785825658,standardized high-minus-low outcome rate difference,1.0,False,False,False,False
reasoner,DeepSeek-R1 Distill 8B,gpqa,GPQA,binary,438,2,cognitive,amount,subgoal,Subgoal setting,-0.011932766052694001,-0.045076678213282914,0.0052211282861920364,0.6003996003996004,bits/trace,-5.194997820821885e-05,-0.1909985252495648,0.15017684461554137,standardized high-minus-low outcome rate difference,1.0,False,False,False,False
reasoner,DeepSeek-R1 Distill 8B,gpqa,GPQA,binary,438,2,cognitive,amount,backward_chaining,Backward chaining,0.0004727561460471058,-0.016969175886855193,0.014580361057480756,0.48451548451548454,bits/trace,-0.28806593624385773,-0.46403853371843146,-0.10830848043557247,standardized high-minus-low outcome rate difference,1.0,False,False,False,False
reasoner,DeepSeek-R1 Distill 8B,gpqa,GPQA,binary,438,2,cognitive,timing,verification,Verification,0.0031672420627178277,-0.01357731349570832,0.01894874549890435,0.3706293706293706,bits/trace,0.053644642258185216,0.02378803861357768,0.08211617351876728,high-minus-low conditional timing centroid; positive means later,1.0,False,False,False,False
reasoner,DeepSeek-R1 Distill 8B,gpqa,GPQA,binary,438,2,cognitive,timing,backtracking,Backtracking,-0.009567086576238639,-0.021036172170952442,0.002195632268871375,0.954045954045954,bits/trace,-0.0009171421568423543,-0.03404520727933359,0.030904892833831427,high-minus-low conditional timing centroid; positive means later,1.0,False,False,False,False
reasoner,DeepSeek-R1 Distill 8B,gpqa,GPQA,binary,438,2,cognitive,timing,subgoal,Subgoal setting,0.0038841069798954747,-0.0076410760084560025,0.015575029127446346,0.27972027972027974,bits/trace,-0.03949234857708134,-0.07814844873574722,-0.004052834088385588,high-minus-low conditional timing centroid; positive means later,1.0,False,False,False,False
reasoner,DeepSeek-R1 Distill 8B,gpqa,GPQA,binary,438,2,cognitive,timing,backward_chaining,Backward chaining,-0.0017750228661581966,-0.008882856677432568,0.00476750397271438,0.7002997002997003,bits/trace,-0.0386446336072771,-0.1499062421124167,0.06985084261450383,high-minus-low conditional timing centroid; positive means later,1.0,False,False,False,False
reasoner,DeepSeek-R1 Distill 8B,planning,Planning,binary,412,2,conversational,amount,Question_and_Answering,Question–answer,0.0021248750724769893,-0.008272625692962925,0.01273269435701518,0.3626373626373626,bits/trace,0.16275126858780722,-0.04735877309148481,0.3608764867552216,standardized high-minus-low outcome rate difference,1.0,False,False,False,False
reasoner,DeepSeek-R1 Distill 8B,planning,Planning,binary,412,2,conversational,amount,Perspective_Shift,Perspective shift,-0.0008529617862501469,-0.010642544563941184,0.008070341255207818,0.5634365634365635,bits/trace,0.18530694974074208,-0.020622373700012152,0.40780604317397334,standardized high-minus-low outcome rate difference,1.0,False,False,False,False
reasoner,DeepSeek-R1 Distill 8B,planning,Planning,binary,412,2,conversational,amount,Conflict_of_Perspectives,Perspective conflict,-0.0006045755189100229,-0.004660026831849982,0.003984631781597381,0.5974025974025974,bits/trace,-0.005894922679210962,-0.24196135323031287,0.21870517873363096,standardized high-minus-low outcome rate difference,1.0,False,False,False,False
reasoner,DeepSeek-R1 Distill 8B,planning,Planning,binary,412,2,conversational,amount,Reconciliation,Reconciliation,-0.000513947903750845,-0.014598120226701613,0.012184594713681425,0.5164835164835165,bits/trace,-0.1533237333270455,-0.4199690025339188,0.06588204332715765,standardized high-minus-low outcome rate difference,1.0,False,False,False,False
reasoner,DeepSeek-R1 Distill 8B,planning,Planning,binary,412,2,conversational,timing,Question_and_Answering,Question–answer,-0.005809511491930296,-0.017012537470707308,0.005785571346018187,0.8661338661338661,bits/trace,0.0034511431526493275,-0.057858438798202384,0.06512860116065029,high-minus-low conditional timing centroid; positive means later,1.0,False,False,False,False
reasoner,DeepSeek-R1 Distill 8B,planning,Planning,binary,412,2,conversational,timing,Perspective_Shift,Perspective shift,0.00043467428554611916,-0.012869215178726424,0.013635209886823325,0.48951048951048953,bits/trace,-0.0336080985708892,-0.05830941255375426,-0.009893787613192474,high-minus-low conditional timing centroid; positive means later,1.0,False,False,False,False
reasoner,DeepSeek-R1 Distill 8B,planning,Planning,binary,412,2,conversational,timing,Conflict_of_Perspectives,Perspective conflict,-0.006055601984736828,-0.016397075238543966,0.0037060928684141737,0.8741258741258742,bits/trace,-0.04859795402273537,-0.08835066477257776,-0.007509396310731506,high-minus-low conditional timing centroid; positive means later,1.0,False,False,False,False
reasoner,DeepSeek-R1 Distill 8B,planning,Planning,binary,412,2,conversational,timing,Reconciliation,Reconciliation,0.0026430111913219997,-0.00640063077173231,0.012987700820548148,0.3066933066933067,bits/trace,-0.024264785930761423,-0.06705206156414545,0.017013073237968718,high-minus-low conditional timing centroid; positive means later,1.0,False,False,False,False
reasoner,DeepSeek-R1 Distill 8B,planning,Planning,binary,412,2,cognitive,amount,verification,Verification,-0.011657175103079608,-0.018697875495279546,-0.005423811996038769,1.0,bits/trace,-0.3047647807207558,-0.5354533273223598,-0.08359857896424357,standardized high-minus-low outcome rate difference,1.0,False,False,False,False
reasoner,DeepSeek-R1 Distill 8B,planning,Planning,binary,412,2,cognitive,amount,backtracking,Backtracking,-0.0008407005625702692,-0.012560623633944838,0.010441526089076664,0.5884115884115884,bits/trace,-0.13236286175696216,-0.39984595683032215,0.08485245823695978,standardized high-minus-low outcome rate difference,1.0,False,False,False,False
reasoner,DeepSeek-R1 Distill 8B,planning,Planning,binary,412,2,cognitive,amount,subgoal,Subgoal setting,0.006758690107364155,-0.004273929648777682,0.017327441987296553,0.1088911088911089,bits/trace,0.367667872782112,0.19277052221511387,0.5601186950254795,standardized high-minus-low outcome rate difference,0.8903436988543372,False,False,False,False
reasoner,DeepSeek-R1 Distill 8B,planning,Planning,binary,412,2,cognitive,amount,backward_chaining,Backward chaining,-0.002366491435404364,-0.011985524269179895,0.00768365862267615,0.6723276723276723,bits/trace,-0.00752776587552797,-0.23692209672821243,0.20422830221375868,standardized high-minus-low outcome rate difference,1.0,False,False,False,False
reasoner,DeepSeek-R1 Distill 8B,planning,Planning,binary,412,2,cognitive,timing,verification,Verification,-0.008131269692540981,-0.02277558539043506,0.006056886515726882,0.8561438561438561,bits/trace,0.015843164001509535,-0.018384762824287977,0.05114945119861791,high-minus-low conditional timing centroid; positive means later,1.0,False,False,False,False
reasoner,DeepSeek-R1 Distill 8B,planning,Planning,binary,412,2,cognitive,timing,backtracking,Backtracking,-0.011324978147307475,-0.019667758709799272,-0.004440069701097776,0.996003996003996,bits/trace,-0.0524643154274681,-0.10854036743815029,0.005115080450576044,high-minus-low conditional timing centroid; positive means later,1.0,False,False,False,False
reasoner,DeepSeek-R1 Distill 8B,planning,Planning,binary,412,2,cognitive,timing,subgoal,Subgoal setting,-1.729716057074163e-05,-0.010604977046810156,0.010247771714822062,0.4975024975024975,bits/trace,0.034109507736854394,-0.013179273740917173,0.07740790182964967,high-minus-low conditional timing centroid; positive means later,1.0,False,False,False,False
reasoner,DeepSeek-R1 Distill 8B,planning,Planning,binary,412,2,cognitive,timing,backward_chaining,Backward chaining,-0.002374293853530027,-0.0164518376856096,0.013096772882565154,0.6293706293706294,bits/trace,0.12119429896349415,-0.007701656247295045,0.23922185468645132,high-minus-low conditional timing centroid; positive means later,1.0,False,False,False,False
reasoner,DeepSeek-R1 Distill 8B,moral,Moral,continuous,500,393,conversational,amount,Question_and_Answering,Question–answer,-1.3458861354354757e-05,-0.00562641741940287,0.005839501781713457,0.4785214785214785,delta R2,0.0017126022586579405,-0.1714173724401102,0.1825518780591032,standardized high-minus-low outcome rate difference,1.0,False,False,False,False
reasoner,DeepSeek-R1 Distill 8B,moral,Moral,continuous,500,393,conversational,amount,Perspective_Shift,Perspective shift,-0.00033328393015631474,-0.0023589969284855453,0.00172190205836059,0.6143856143856143,delta R2,0.06898143744196873,-0.095971353798625,0.2433026768470333,standardized high-minus-low outcome rate difference,1.0,False,False,False,False
reasoner,DeepSeek-R1 Distill 8B,moral,Moral,continuous,500,393,conversational,amount,Conflict_of_Perspectives,Perspective conflict,-0.004183043462773435,-0.007723222957270965,-0.00062592549281342,0.986013986013986,delta R2,-0.057995340537849195,-0.2332611509734179,0.1130995883234346,standardized high-minus-low outcome rate difference,1.0,False,False,False,False
reasoner,DeepSeek-R1 Distill 8B,moral,Moral,continuous,500,393,conversational,amount,Reconciliation,Reconciliation,0.009508693453572432,-0.00931959913986182,0.02849813757617919,0.16883116883116883,delta R2,-0.2444796245020741,-0.4017848440646363,-0.06815324221228168,standardized high-minus-low outcome rate difference,0.9904761904761905,False,False,False,False
reasoner,DeepSeek-R1 Distill 8B,moral,Moral,continuous,500,393,conversational,timing,Question_and_Answering,Question–answer,-0.010099257482986576,-0.02189095267426099,0.00145983912547203,0.955044955044955,delta R2,0.022400697539562087,-0.030631983179324185,0.07290717059027603,high-minus-low conditional timing centroid; positive means later,1.0,False,False,False,False
reasoner,DeepSeek-R1 Distill 8B,moral,Moral,continuous,500,393,conversational,timing,Perspective_Shift,Perspective shift,-0.008887126903114545,-0.01962888353322222,0.0029950017060280027,0.9430569430569431,delta R2,0.011125987074409371,-0.003757234084708285,0.02594482901372356,high-minus-low conditional timing centroid; positive means later,1.0,False,False,False,False
reasoner,DeepSeek-R1 Distill 8B,moral,Moral,continuous,500,393,conversational,timing,Conflict_of_Perspectives,Perspective conflict,-0.013158820081601024,-0.023726091256088738,-0.003047743390183139,0.995004995004995,delta R2,0.03698067345041578,0.00468015608696408,0.0709613806696337,high-minus-low conditional timing centroid; positive means later,1.0,False,False,False,False
reasoner,DeepSeek-R1 Distill 8B,moral,Moral,continuous,500,393,conversational,timing,Reconciliation,Reconciliation,-0.00301179261003652,-0.008519346009331968,0.0030317704101784143,0.8621378621378621,delta R2,0.0076859809549868485,-0.016806613231631858,0.03104835880099851,high-minus-low conditional timing centroid; positive means later,1.0,False,False,False,False
reasoner,DeepSeek-R1 Distill 8B,moral,Moral,continuous,500,393,cognitive,amount,verification,Verification,-0.0019456991272630215,-0.015137396314314813,0.009148218976749606,0.6063936063936064,delta R2,-0.17500007335232806,-0.34694147306830075,-3.0775679447925144e-05,standardized high-minus-low outcome rate difference,1.0,False,False,False,False
reasoner,DeepSeek-R1 Distill 8B,moral,Moral,continuous,500,393,cognitive,amount,backtracking,Backtracking,-0.0036112448661803002,-0.009229619860730953,0.0014061539433482188,0.906093906093906,delta R2,-0.06114406063032097,-0.23470641449300267,0.11776643614134297,standardized high-minus-low outcome rate difference,1.0,False,False,False,False
reasoner,DeepSeek-R1 Distill 8B,moral,Moral,continuous,500,393,cognitive,amount,subgoal,Subgoal setting,-0.002070297398478219,-0.004937682228229933,0.0007172511863456677,0.929070929070929,delta R2,0.03919706389580449,-0.13844018926069868,0.20935787342607223,standardized high-minus-low outcome rate difference,1.0,False,False,False,False
reasoner,DeepSeek-R1 Distill 8B,moral,Moral,continuous,500,393,cognitive,amount,backward_chaining,Backward chaining,0.0011675132186402023,-0.0008294038320330605,0.00424351761358956,0.35764235764235763,delta R2,-0.019797197132662762,-0.21817159300501768,0.15878000160702938,standardized high-minus-low outcome rate difference,1.0,False,False,False,False
reasoner,DeepSeek-R1 Distill 8B,moral,Moral,continuous,500,393,cognitive,timing,verification,Verification,0.0005353763538301446,-0.005609270070565638,0.006636593840988766,0.4435564435564436,delta R2,0.014731819958812342,-0.10803868586701493,0.12908008545827218,high-minus-low conditional timing centroid; positive means later,1.0,False,False,False,False
reasoner,DeepSeek-R1 Distill 8B,moral,Moral,continuous,500,393,cognitive,timing,backtracking,Backtracking,0.005069870935307267,-0.014194379444671586,0.024647690931702885,0.2997002997002997,delta R2,0.07122416672359533,-0.019351183830109215,0.1643791843748193,high-minus-low conditional timing centroid; positive means later,1.0,False,False,False,False
reasoner,DeepSeek-R1 Distill 8B,moral,Moral,continuous,500,393,cognitive,timing,subgoal,Subgoal setting,0.01662003437520356,-0.006778970427354753,0.040247626247188716,0.09090909090909091,delta R2,0.04916447999458634,0.015318754600324377,0.07889710979250764,high-minus-low conditional timing centroid; positive means later,1.0,False,False,False,False
reasoner,DeepSeek-R1 Distill 8B,moral,Moral,continuous,500,393,cognitive,timing,backward_chaining,Backward chaining,-0.00047708926028848997,-0.0012038590158807868,8.558267274515128e-05,0.8901098901098901,delta R2,,,,high-minus-low conditional timing centroid; positive means later,1.0,False,False,False,False
reasoner,DeepSeek-R1 Distill 8B,idea,Idea,continuous,493,14,conversational,amount,Question_and_Answering,Question–answer,0.014570218354717253,-0.012355160148491051,0.03907324535093497,0.14585414585414586,delta R2,-0.2971991451042359,-0.5013277055017908,-0.09779366772096276,standardized high-minus-low outcome rate difference,0.9686916856728178,False,False,False,False
reasoner,DeepSeek-R1 Distill 8B,idea,Idea,continuous,493,14,conversational,amount,Perspective_Shift,Perspective shift,-0.009343892817475719,-0.015492440451064252,-0.0037110674545114005,1.0,delta R2,0.17724016439359463,-0.025692609344777937,0.37093970432881695,standardized high-minus-low outcome rate difference,1.0,False,False,False,False
reasoner,DeepSeek-R1 Distill 8B,idea,Idea,continuous,493,14,conversational,amount,Conflict_of_Perspectives,Perspective conflict,-0.0016877072947712865,-0.008364273770165465,0.0047829395755488325,0.6903096903096904,delta R2,0.2699139759758561,0.0947501098520891,0.4420186735259027,standardized high-minus-low outcome rate difference,1.0,False,False,False,False
reasoner,DeepSeek-R1 Distill 8B,idea,Idea,continuous,493,14,conversational,amount,Reconciliation,Reconciliation,-0.009254823693604914,-0.015819894335480415,-0.003766188869814865,0.998001998001998,delta R2,-0.09609164567089147,-0.3047853854984249,0.1158656147282319,standardized high-minus-low outcome rate difference,1.0,False,False,False,False
reasoner,DeepSeek-R1 Distill 8B,idea,Idea,continuous,493,14,conversational,timing,Question_and_Answering,Question–answer,-0.006231885130176505,-0.01586972893050667,0.004300906362815194,0.8881118881118881,delta R2,-0.03442852224119253,-0.0772084641717867,0.005839852154980814,high-minus-low conditional timing centroid; positive means later,1.0,False,False,False,False
reasoner,DeepSeek-R1 Distill 8B,idea,Idea,continuous,493,14,conversational,timing,Perspective_Shift,Perspective shift,-0.0032017322155531644,-0.015154216999357208,0.00845678987098904,0.6863136863136863,delta R2,-0.013456600264515894,-0.030684750923157728,0.004026279860788005,high-minus-low conditional timing centroid; positive means later,1.0,False,False,False,False
reasoner,DeepSeek-R1 Distill 8B,idea,Idea,continuous,493,14,conversational,timing,Conflict_of_Perspectives,Perspective conflict,-0.004341202307903046,-0.0100037109905714,0.001315145831168858,0.922077922077922,delta R2,-0.015730096941221072,-0.059746798245231485,0.028670681605276152,high-minus-low conditional timing centroid; positive means later,1.0,False,False,False,False
reasoner,DeepSeek-R1 Distill 8B,idea,Idea,continuous,493,14,conversational,timing,Reconciliation,Reconciliation,0.0037376869806284266,-0.01474960096856299,0.02181800423864579,0.3226773226773227,delta R2,-0.04838448877989843,-0.0868216992405297,-0.009328920181382198,high-minus-low conditional timing centroid; positive means later,1.0,False,False,False,False
reasoner,DeepSeek-R1 Distill 8B,idea,Idea,continuous,493,14,cognitive,amount,verification,Verification,0.0013378871070600879,-0.006160550551812147,0.008697330000024253,0.3676323676323676,delta R2,0.32974032895058364,0.1565629691687267,0.49172696160525486,standardized high-minus-low outcome rate difference,1.0,False,False,False,False
reasoner,DeepSeek-R1 Distill 8B,idea,Idea,continuous,493,14,cognitive,amount,backtracking,Backtracking,-0.004794992737957514,-0.01523084332549124,0.004997460254963136,0.8401598401598401,delta R2,0.24889472250071862,0.05096935584147421,0.4309059832435154,standardized high-minus-low outcome rate difference,1.0,False,False,False,False
reasoner,DeepSeek-R1 Distill 8B,idea,Idea,continuous,493,14,cognitive,amount,subgoal,Subgoal setting,-0.0050310643581761546,-0.010156155721333488,-0.0004255252294876926,0.975024975024975,delta R2,-0.16596055685117753,-0.3622427764120939,0.01695631611706654,standardized high-minus-low outcome rate difference,1.0,False,False,False,False
reasoner,DeepSeek-R1 Distill 8B,idea,Idea,continuous,493,14,cognitive,amount,backward_chaining,Backward chaining,1.2104839769510176e-05,-0.0015649997519888929,0.0014177162803121904,0.5044955044955045,delta R2,5.104953618460445e-05,-0.20940014616539343,0.18041213676275794,standardized high-minus-low outcome rate difference,1.0,False,False,False,False
reasoner,DeepSeek-R1 Distill 8B,idea,Idea,continuous,493,14,cognitive,timing,verification,Verification,-0.011128943302626083,-0.023069774299627418,-0.00041505066077549165,0.965034965034965,delta R2,-0.03657718152121847,-0.08567918879138103,0.013662545667485383,high-minus-low conditional timing centroid; positive means later,1.0,False,False,False,False
reasoner,DeepSeek-R1 Distill 8B,idea,Idea,continuous,493,14,cognitive,timing,backtracking,Backtracking,0.024037790574072113,-0.004108020607773771,0.05883368555808257,0.07692307692307693,delta R2,-0.017319953368374275,-0.0652993721010891,0.032801721833997204,high-minus-low conditional timing centroid; positive means later,1.0,False,False,False,False
reasoner,DeepSeek-R1 Distill 8B,idea,Idea,continuous,493,14,cognitive,timing,subgoal,Subgoal setting,-0.007408332949579357,-0.016611203046445318,0.0008356859112751625,0.948051948051948,delta R2,0.0026154681860944273,-0.030114235481581812,0.036512434552444545,high-minus-low conditional timing centroid; positive means later,1.0,False,False,False,False
reasoner,DeepSeek-R1 Distill 8B,idea,Idea,continuous,493,14,cognitive,timing,backward_chaining,Backward chaining,-0.003383692057385223,-0.007102265608017413,-3.2646367502293976e-05,0.973026973026973,delta R2,-0.079059829059829,-0.3472222222222222,0.17521367521367515,high-minus-low conditional timing centroid; positive means later,1.0,False,False,False,False
reasoner,DeepSeek-R1 Distill 8B,safety,Safety,continuous,312,9,conversational,amount,Question_and_Answering,Question–answer,-0.007428604382890083,-0.019068744684102714,0.003578696394481766,0.8931068931068931,delta R2,0.009737418687851572,-0.22888518860467066,0.22062890719229855,standardized high-minus-low outcome rate difference,1.0,False,False,False,False
reasoner,DeepSeek-R1 Distill 8B,safety,Safety,continuous,312,9,conversational,amount,Perspective_Shift,Perspective shift,-0.0032798769082928747,-0.022846777094059783,0.017612265108109537,0.6223776223776224,delta R2,0.0633753183902397,-0.19055966818489656,0.29201800774721837,standardized high-minus-low outcome rate difference,1.0,False,False,False,False
reasoner,DeepSeek-R1 Distill 8B,safety,Safety,continuous,312,9,conversational,amount,Conflict_of_Perspectives,Perspective conflict,-0.015351215089264385,-0.025753607807521506,-0.00495779927142332,0.996003996003996,delta R2,0.049582435255571204,-0.1813360451295786,0.2712405257075738,standardized high-minus-low outcome rate difference,1.0,False,False,False,False
reasoner,DeepSeek-R1 Distill 8B,safety,Safety,continuous,312,9,conversational,amount,Reconciliation,Reconciliation,-5.973094710344838e-05,-0.02302370141567915,0.02231477685390297,0.5364635364635365,delta R2,0.3500901754346603,0.13278058317659786,0.5825828229169756,standardized high-minus-low outcome rate difference,1.0,False,False,False,False
reasoner,DeepSeek-R1 Distill 8B,safety,Safety,continuous,312,9,conversational,timing,Question_and_Answering,Question–answer,0.008657460408978352,-0.024354844431662716,0.04164214995673127,0.32967032967032966,delta R2,-0.014887791257958416,-0.08178666437826564,0.05042583301207481,high-minus-low conditional timing centroid; positive means later,1.0,False,False,False,False
reasoner,DeepSeek-R1 Distill 8B,safety,Safety,continuous,312,9,conversational,timing,Perspective_Shift,Perspective shift,-2.0444071093703023e-05,-0.017082610166487554,0.018299824428046927,0.4875124875124875,delta R2,0.0012352531742420014,-0.01752862719628931,0.021617380713387015,high-minus-low conditional timing centroid; positive means later,1.0,False,False,False,False
reasoner,DeepSeek-R1 Distill 8B,safety,Safety,continuous,312,9,conversational,timing,Conflict_of_Perspectives,Perspective conflict,-0.0102111408560084,-0.026934609614115614,0.00603151811711731,0.906093906093906,delta R2,-0.011862580085590102,-0.06979878247731332,0.04579955596622299,high-minus-low conditional timing centroid; positive means later,1.0,False,False,False,False
reasoner,DeepSeek-R1 Distill 8B,safety,Safety,continuous,312,9,conversational,timing,Reconciliation,Reconciliation,-0.011552568855855894,-0.027536499935291874,0.004679221303721818,0.9330669330669331,delta R2,0.01912127973220412,-0.02686066244759199,0.06452517172149781,high-minus-low conditional timing centroid; positive means later,1.0,False,False,False,False
reasoner,DeepSeek-R1 Distill 8B,safety,Safety,continuous,312,9,cognitive,amount,verification,Verification,0.03623226214602912,-0.007231519433268453,0.08933436843452308,0.07792207792207792,delta R2,-0.2511213301702312,-0.4961714151530594,-0.022952276934831685,standardized high-minus-low outcome rate difference,0.8847926267281105,False,False,False,False
reasoner,DeepSeek-R1 Distill 8B,safety,Safety,continuous,312,9,cognitive,amount,backtracking,Backtracking,0.015075883939985725,-0.011413838697997015,0.03873849266266507,0.11788211788211789,delta R2,0.3814439679842793,0.16624681666969124,0.6016552648366549,standardized high-minus-low outcome rate difference,0.8903436988543372,False,False,False,False
reasoner,DeepSeek-R1 Distill 8B,safety,Safety,continuous,312,9,cognitive,amount,subgoal,Subgoal setting,-0.0044801248409231985,-0.009307251920379725,3.958546580197666e-05,0.9630369630369631,delta R2,0.026582660187173347,-0.19180567492169862,0.24382963246736283,standardized high-minus-low outcome rate difference,1.0,False,False,False,False
reasoner,DeepSeek-R1 Distill 8B,safety,Safety,continuous,312,9,cognitive,amount,backward_chaining,Backward chaining,-0.01234672561899167,-0.028769106923522688,0.0015651815634892222,0.9440559440559441,delta R2,-0.024384274636300895,-0.26591092749929146,0.18152178385086776,standardized high-minus-low outcome rate difference,1.0,False,False,False,False
reasoner,DeepSeek-R1 Distill 8B,safety,Safety,continuous,312,9,cognitive,timing,verification,Verification,-0.00800583155610013,-0.029099044186488638,0.011212496673528695,0.7832167832167832,delta R2,0.12155848450508955,-0.01595024959633563,0.2582554713734499,high-minus-low conditional timing centroid; positive means later,1.0,False,False,False,False
reasoner,DeepSeek-R1 Distill 8B,safety,Safety,continuous,312,9,cognitive,timing,backtracking,Backtracking,0.015486609971787094,-0.01650422126645022,0.050778641757854424,0.16683316683316685,delta R2,0.024433029646994564,-0.10193906300730207,0.16836671336828604,high-minus-low conditional timing centroid; positive means later,1.0,False,False,False,False
reasoner,DeepSeek-R1 Distill 8B,safety,Safety,continuous,312,9,cognitive,timing,subgoal,Subgoal setting,-0.007364780460952737,-0.033924333460444545,0.01794623048273395,0.7142857142857143,delta R2,0.0011744654012287303,-0.04991028155452274,0.04962907022019899,high-minus-low conditional timing centroid; positive means later,1.0,False,False,False,False
reasoner,DeepSeek-R1 Distill 8B,safety,Safety,continuous,312,9,cognitive,timing,backward_chaining,Backward chaining,-0.006954098450564728,-0.047647059455738175,0.028261701373300908,0.6543456543456544,delta R2,-0.09313725490196079,-0.47211572128851537,0.28725927871148427,high-minus-low conditional timing centroid; positive means later,1.0,False,False,False,False
reasoner,DeepSeek-R1 Distill 8B,security,Security,binary,335,2,conversational,amount,Question_and_Answering,Question–answer,-0.005946377735917602,-0.010243488016124661,-0.001682441669698203,0.995004995004995,bits/trace,0.07148582380934455,-0.15933406634458208,0.3032766806047672,standardized high-minus-low outcome rate difference,1.0,False,False,False,False
reasoner,DeepSeek-R1 Distill 8B,security,Security,binary,335,2,conversational,amount,Perspective_Shift,Perspective shift,0.004903042934491042,-0.008500252605590366,0.018181062321870063,0.22977022977022976,bits/trace,-0.169540681140417,-0.3846133107378517,0.045939117762302,standardized high-minus-low outcome rate difference,1.0,False,False,False,False
reasoner,DeepSeek-R1 Distill 8B,security,Security,binary,335,2,conversational,amount,Conflict_of_Perspectives,Perspective conflict,-0.00202956896370248,-0.005088370331512382,0.0009827732097432206,0.9110889110889111,bits/trace,-0.2757263889886391,-0.4798517206927554,-0.05994737190331725,standardized high-minus-low outcome rate difference,1.0,False,False,False,False
reasoner,DeepSeek-R1 Distill 8B,security,Security,binary,335,2,conversational,amount,Reconciliation,Reconciliation,-0.006711491183362742,-0.015325041082760872,0.00039242599577003355,0.955044955044955,bits/trace,0.07598354139064509,-0.13879924304345512,0.289200586001526,standardized high-minus-low outcome rate difference,1.0,False,False,False,False
reasoner,DeepSeek-R1 Distill 8B,security,Security,binary,335,2,conversational,timing,Question_and_Answering,Question–answer,-0.011602429197179421,-0.02250265575177585,-0.0006934902044529017,0.977022977022977,bits/trace,-0.012768243394329637,-0.10923404387377016,0.07745606395291235,high-minus-low conditional timing centroid; positive means later,1.0,False,False,False,False
reasoner,DeepSeek-R1 Distill 8B,security,Security,binary,335,2,conversational,timing,Perspective_Shift,Perspective shift,-0.0070344358975281485,-0.01536489064127609,0.0006090269033924586,0.9630369630369631,bits/trace,0.0018224880571191537,-0.029788625594938403,0.03259812363595691,high-minus-low conditional timing centroid; positive means later,1.0,False,False,False,False
reasoner,DeepSeek-R1 Distill 8B,security,Security,binary,335,2,conversational,timing,Conflict_of_Perspectives,Perspective conflict,0.0016488037621998819,-0.01155314536696766,0.013828555443191174,0.3946053946053946,bits/trace,0.05188809521659343,0.00428538144168171,0.1000208845025677,high-minus-low conditional timing centroid; positive means later,1.0,False,False,False,False
reasoner,DeepSeek-R1 Distill 8B,security,Security,binary,335,2,conversational,timing,Reconciliation,Reconciliation,-0.014692330905236237,-0.030641749601678654,0.0010749504519945515,0.964035964035964,bits/trace,0.08724403526370084,0.03943522104366066,0.1333195362571782,high-minus-low conditional timing centroid; positive means later,1.0,False,False,False,False
reasoner,DeepSeek-R1 Distill 8B,security,Security,binary,335,2,cognitive,amount,verification,Verification,0.005139383065140761,-0.009622399214438304,0.02060969139343854,0.25374625374625376,bits/trace,-0.018744254834605293,-0.2486774058247208,0.2013522694204881,standardized high-minus-low outcome rate difference,1.0,False,False,False,False
reasoner,DeepSeek-R1 Distill 8B,security,Security,binary,335,2,cognitive,amount,backtracking,Backtracking,0.0003055536414144168,-0.010291288555583054,0.010638910710395088,0.46853146853146854,bits/trace,-0.41855149393697794,-0.62371044168986,-0.22254978137786266,standardized high-minus-low outcome rate difference,1.0,False,False,False,False
reasoner,DeepSeek-R1 Distill 8B,security,Security,binary,335,2,cognitive,amount,subgoal,Subgoal setting,0.0026693242277342362,-0.008527958617452711,0.014497477079639507,0.33166833166833165,bits/trace,0.16119827007855758,-0.0637302749335519,0.4021496653939937,standardized high-minus-low outcome rate difference,1.0,False,False,False,False
reasoner,DeepSeek-R1 Distill 8B,security,Security,binary,335,2,cognitive,amount,backward_chaining,Backward chaining,0.0008251940007510249,-0.005525598051154883,0.006473726171152578,0.3866133866133866,bits/trace,-0.1951039580168174,-0.4048451151916224,-0.0013753501735804946,standardized high-minus-low outcome rate difference,1.0,False,False,False,False
reasoner,DeepSeek-R1 Distill 8B,security,Security,binary,335,2,cognitive,timing,verification,Verification,-0.005471099383792775,-0.018449096999238256,0.006711050128602149,0.8011988011988012,bits/trace,0.08776929405444178,0.028640524082134952,0.14843048603804618,high-minus-low conditional timing centroid; positive means later,1.0,False,False,False,False
reasoner,DeepSeek-R1 Distill 8B,security,Security,binary,335,2,cognitive,timing,backtracking,Backtracking,-0.010092806574299925,-0.021615666543196802,0.0009353246605427099,0.973026973026973,bits/trace,0.052265867944843225,-0.026206439071453886,0.13429900309933018,high-minus-low conditional timing centroid; positive means later,1.0,False,False,False,False
reasoner,DeepSeek-R1 Distill 8B,security,Security,binary,335,2,cognitive,timing,subgoal,Subgoal setting,0.002493886806736452,-0.013800117085825028,0.01751324630600282,0.3906093906093906,bits/trace,-0.10002100299302935,-0.1495382765820717,-0.05183832573411848,high-minus-low conditional timing centroid; positive means later,1.0,False,False,False,False
reasoner,DeepSeek-R1 Distill 8B,security,Security,binary,335,2,cognitive,timing,backward_chaining,Backward chaining,0.00029259881406493816,-0.01997072125471911,0.020900542527108296,0.4905094905094905,bits/trace,-0.06746372058832484,-0.2735011325397358,0.12289629316737989,high-minus-low conditional timing centroid; positive means later,1.0,False,False,False,False
gemma4_e4b,Gemma 4 E4B,math,Math,binary,485,2,conversational,amount,Question_and_Answering,Question–answer,-0.0013705369852753814,-0.009660191796272706,0.006746276935915605,0.6213786213786214,bits/trace,-0.11892400661049884,-0.30741656806440876,0.06482665878575054,standardized high-minus-low outcome rate difference,1.0,False,False,False,False
gemma4_e4b,Gemma 4 E4B,math,Math,binary,485,2,conversational,amount,Perspective_Shift,Perspective shift,-0.00042470338876274944,-0.005776923148376831,0.004501073710071366,0.5474525474525475,bits/trace,-0.02217815883303037,-0.20315274389371665,0.15135630636045458,standardized high-minus-low outcome rate difference,1.0,False,False,False,False
gemma4_e4b,Gemma 4 E4B,math,Math,binary,485,2,conversational,amount,Conflict_of_Perspectives,Perspective conflict,-0.0016190915399094843,-0.01353586679700989,0.009364400702860988,0.6113886113886113,bits/trace,-0.2466470118498614,-0.42827648377721916,-0.07743764314210821,standardized high-minus-low outcome rate difference,1.0,False,False,False,False
gemma4_e4b,Gemma 4 E4B,math,Math,binary,485,2,conversational,amount,Reconciliation,Reconciliation,-0.004670075905549681,-0.009129294403591481,-0.00013411060465906276,0.975024975024975,bits/trace,-0.09448858432608918,-0.27493718975307274,0.0954076548540334,standardized high-minus-low outcome rate difference,1.0,False,False,False,False
gemma4_e4b,Gemma 4 E4B,math,Math,binary,485,2,conversational,timing,Question_and_Answering,Question–answer,-0.0005685359146264464,-0.011632951013012448,0.008991203149789864,0.5654345654345654,bits/trace,-0.07741684156751172,-0.19238898168176846,0.030028331534249032,high-minus-low conditional timing centroid; positive means later,1.0,False,False,False,False
gemma4_e4b,Gemma 4 E4B,math,Math,binary,485,2,conversational,timing,Perspective_Shift,Perspective shift,-0.006617890224571382,-0.011755987281562925,-0.0012400993779849968,0.989010989010989,bits/trace,0.009229265609382309,-0.027790040849616286,0.049915577062626955,high-minus-low conditional timing centroid; positive means later,1.0,False,False,False,False
gemma4_e4b,Gemma 4 E4B,math,Math,binary,485,2,conversational,timing,Conflict_of_Perspectives,Perspective conflict,-0.0058447295062351206,-0.021394960720245274,0.00906656021974857,0.7682317682317682,bits/trace,-0.021706554182965077,-0.11436039874687103,0.06637836335761678,high-minus-low conditional timing centroid; positive means later,1.0,False,False,False,False
gemma4_e4b,Gemma 4 E4B,math,Math,binary,485,2,conversational,timing,Reconciliation,Reconciliation,0.0007896747597364909,-0.013630419462430992,0.015194712384216257,0.4435564435564436,bits/trace,0.08581016721415713,0.02096165224949237,0.1453539133464342,high-minus-low conditional timing centroid; positive means later,1.0,False,False,False,False
gemma4_e4b,Gemma 4 E4B,math,Math,binary,485,2,cognitive,amount,verification,Verification,-0.0008512937506636153,-0.003088072643691438,0.001236165159900458,0.7922077922077922,bits/trace,-0.01885147575021124,-0.21229901381506489,0.16309195805703092,standardized high-minus-low outcome rate difference,1.0,False,False,False,False
gemma4_e4b,Gemma 4 E4B,math,Math,binary,485,2,cognitive,amount,backtracking,Backtracking,-0.005356138358359159,-0.01251794730462192,0.0014253851441170954,0.9110889110889111,bits/trace,-0.19393458037582686,-0.37746116246010725,-0.012247498576434982,standardized high-minus-low outcome rate difference,1.0,False,False,False,False
gemma4_e4b,Gemma 4 E4B,math,Math,binary,485,2,cognitive,amount,subgoal,Subgoal setting,-0.0016364610115962455,-0.009532864325184883,0.006161016486339277,0.6643356643356644,bits/trace,0.11075320826958802,-0.05403379056138211,0.27724472175608705,standardized high-minus-low outcome rate difference,1.0,False,False,False,False
gemma4_e4b,Gemma 4 E4B,math,Math,binary,485,2,cognitive,amount,backward_chaining,Backward chaining,-0.00580115880306056,-0.011224045401735973,-0.0009106254240475488,0.988011988011988,bits/trace,-0.03151849852381627,-0.218358352955957,0.15905780978117467,standardized high-minus-low outcome rate difference,1.0,False,False,False,False
gemma4_e4b,Gemma 4 E4B,math,Math,binary,485,2,cognitive,timing,verification,Verification,-0.006126431838630267,-0.019248604799199875,0.005343152992948767,0.8331668331668332,bits/trace,0.01773055474530616,-0.015339075272475782,0.053048330695716045,high-minus-low conditional timing centroid; positive means later,1.0,False,False,False,False
gemma4_e4b,Gemma 4 E4B,math,Math,binary,485,2,cognitive,timing,backtracking,Backtracking,-0.009236466488963715,-0.017885634482353505,-0.00179878076534113,0.993006993006993,bits/trace,0.012327819288309838,-0.09242180550155607,0.11590446405462836,high-minus-low conditional timing centroid; positive means later,1.0,False,False,False,False
gemma4_e4b,Gemma 4 E4B,math,Math,binary,485,2,cognitive,timing,subgoal,Subgoal setting,-0.0027416119893068046,-0.010323708501328195,0.004637407403529479,0.7572427572427572,bits/trace,0.013598185162637555,-0.013162843976605438,0.041645543573446436,high-minus-low conditional timing centroid; positive means later,1.0,False,False,False,False
gemma4_e4b,Gemma 4 E4B,math,Math,binary,485,2,cognitive,timing,backward_chaining,Backward chaining,-0.005080751137940987,-0.01628473769992434,0.0053840157297891655,0.8261738261738262,bits/trace,-0.12705795615895027,-0.3279571383969622,0.0841425086972139,high-minus-low conditional timing centroid; positive means later,1.0,False,False,False,False
gemma4_e4b,Gemma 4 E4B,code,Code,binary,172,2,conversational,amount,Question_and_Answering,Question–answer,-0.0014769418431177564,-0.00903931035972872,0.006248936447292844,0.6343656343656343,bits/trace,0.006476565650466005,-0.25568624411495405,0.31904368514524817,standardized high-minus-low outcome rate difference,1.0,False,False,False,False
gemma4_e4b,Gemma 4 E4B,code,Code,binary,172,2,conversational,amount,Perspective_Shift,Perspective shift,0.023178422683544343,-0.010323317805470075,0.05312509848221702,0.07692307692307693,bits/trace,-0.30366939239405905,-0.6054848192632042,0.01479843242883588,standardized high-minus-low outcome rate difference,0.8847926267281105,False,False,False,False
gemma4_e4b,Gemma 4 E4B,code,Code,binary,172,2,conversational,amount,Conflict_of_Perspectives,Perspective conflict,0.02666622712835323,-0.016771972098183235,0.06572761637032924,0.1048951048951049,bits/trace,-1.2042112035587416,-1.4535599297793327,-0.9781673879004312,standardized high-minus-low outcome rate difference,0.8903436988543372,False,False,False,False
gemma4_e4b,Gemma 4 E4B,code,Code,binary,172,2,conversational,amount,Reconciliation,Reconciliation,0.028096919217551856,-0.017483449554815234,0.07082670262921785,0.11588411588411589,bits/trace,-1.064856115088732,-1.3072759231545488,-0.8181116250686978,standardized high-minus-low outcome rate difference,0.8903436988543372,False,False,False,False
gemma4_e4b,Gemma 4 E4B,code,Code,binary,172,2,conversational,timing,Question_and_Answering,Question–answer,-0.0022245372429876274,-0.021003503469420485,0.017531820446098325,0.6123876123876124,bits/trace,0.022647919345495315,-0.10361316916598302,0.15119479835895844,high-minus-low conditional timing centroid; positive means later,1.0,False,False,False,False
gemma4_e4b,Gemma 4 E4B,code,Code,binary,172,2,conversational,timing,Perspective_Shift,Perspective shift,0.005327101911531959,-0.04317646227233479,0.054690086489507246,0.4035964035964036,bits/trace,0.05254793167687516,0.022733571549862185,0.08554324815019172,high-minus-low conditional timing centroid; positive means later,1.0,False,False,False,False
gemma4_e4b,Gemma 4 E4B,code,Code,binary,172,2,conversational,timing,Conflict_of_Perspectives,Perspective conflict,-0.0020419542693241323,-0.03328524559774133,0.02822498884554147,0.5164835164835165,bits/trace,-0.04308263408375884,-0.12984502547735852,0.0451538875553284,high-minus-low conditional timing centroid; positive means later,1.0,False,False,False,False
gemma4_e4b,Gemma 4 E4B,code,Code,binary,172,2,conversational,timing,Reconciliation,Reconciliation,-0.003003165691137779,-0.0238834406652874,0.015295179817333181,0.6083916083916084,bits/trace,-0.03936476567168323,-0.12592352472989504,0.04903737900916106,high-minus-low conditional timing centroid; positive means later,1.0,False,False,False,False
gemma4_e4b,Gemma 4 E4B,code,Code,binary,172,2,cognitive,amount,verification,Verification,-0.007149991880332051,-0.021381207509695164,0.00833579804880134,0.7962037962037962,bits/trace,0.46837109408047156,0.19119180069170136,0.7404623025210509,standardized high-minus-low outcome rate difference,1.0,False,False,False,False
gemma4_e4b,Gemma 4 E4B,code,Code,binary,172,2,cognitive,amount,backtracking,Backtracking,0.015307837548490686,-0.03591612955270067,0.06345282932818101,0.2627372627372627,bits/trace,-1.0543030379225142,-1.3074019580237204,-0.7783826363991777,standardized high-minus-low outcome rate difference,1.0,False,False,False,False
gemma4_e4b,Gemma 4 E4B,code,Code,binary,172,2,cognitive,amount,subgoal,Subgoal setting,0.0006784952252328576,-0.021341335780812012,0.020195024358671862,0.4865134865134865,bits/trace,0.08358449573697727,-0.19219026251469093,0.4075660867574841,standardized high-minus-low outcome rate difference,1.0,False,False,False,False
gemma4_e4b,Gemma 4 E4B,code,Code,binary,172,2,cognitive,amount,backward_chaining,Backward chaining,0.0005893739392708507,-0.014178279630445276,0.017510459275137162,0.4935064935064935,bits/trace,-0.34943000073785846,-0.691789173136914,-0.07920481742587243,standardized high-minus-low outcome rate difference,1.0,False,False,False,False
gemma4_e4b,Gemma 4 E4B,code,Code,binary,172,2,cognitive,timing,verification,Verification,-0.027291666295932337,-0.055262415735492315,-0.006223760627979482,0.991008991008991,bits/trace,0.05620555874515887,0.011055177523588148,0.09854899149021629,high-minus-low conditional timing centroid; positive means later,1.0,False,False,False,False
gemma4_e4b,Gemma 4 E4B,code,Code,binary,172,2,cognitive,timing,backtracking,Backtracking,-0.005019951001968962,-0.025681143139389326,0.01450252912436634,0.6773226773226774,bits/trace,0.0003646958989261817,-0.0981462197077316,0.10472592727355862,high-minus-low conditional timing centroid; positive means later,1.0,False,False,False,False
gemma4_e4b,Gemma 4 E4B,code,Code,binary,172,2,cognitive,timing,subgoal,Subgoal setting,-0.014501020082616119,-0.0372149367896866,0.0077723918884796865,0.9040959040959041,bits/trace,-0.09225949315771498,-0.14136027568525744,-0.04520827435449092,high-minus-low conditional timing centroid; positive means later,1.0,False,False,False,False
gemma4_e4b,Gemma 4 E4B,code,Code,binary,172,2,cognitive,timing,backward_chaining,Backward chaining,-0.005984412808757552,-0.02740460458409583,0.017492025547201327,0.6863136863136863,bits/trace,-0.0042280282102512,-0.2575840072682917,0.2606532345664945,high-minus-low conditional timing centroid; positive means later,1.0,False,False,False,False
gemma4_e4b,Gemma 4 E4B,gpqa,GPQA,binary,477,2,conversational,amount,Question_and_Answering,Question–answer,-0.006193438783330153,-0.01609390615181156,0.0026340779642832334,0.8851148851148851,bits/trace,-0.10477891886457223,-0.29018055452799546,0.080284168996321,standardized high-minus-low outcome rate difference,1.0,False,False,False,False
gemma4_e4b,Gemma 4 E4B,gpqa,GPQA,binary,477,2,conversational,amount,Perspective_Shift,Perspective shift,-0.0006795443744864463,-0.008683227086556737,0.007807411942107261,0.5874125874125874,bits/trace,-0.16146697853420916,-0.3323881253410256,0.014983233520576948,standardized high-minus-low outcome rate difference,1.0,False,False,False,False
gemma4_e4b,Gemma 4 E4B,gpqa,GPQA,binary,477,2,conversational,amount,Conflict_of_Perspectives,Perspective conflict,-0.002877351416995089,-0.006617538707941469,0.0004134337311590701,0.952047952047952,bits/trace,-0.15936480633806774,-0.3455138429255943,0.016412836680591587,standardized high-minus-low outcome rate difference,1.0,False,False,False,False
gemma4_e4b,Gemma 4 E4B,gpqa,GPQA,binary,477,2,conversational,amount,Reconciliation,Reconciliation,-0.00045295676067932055,-0.008500299110311142,0.006912391095563927,0.5654345654345654,bits/trace,-0.19198957385032767,-0.36580468411660266,-0.01197461835703242,standardized high-minus-low outcome rate difference,1.0,False,False,False,False
gemma4_e4b,Gemma 4 E4B,gpqa,GPQA,binary,477,2,conversational,timing,Question_and_Answering,Question–answer,-0.0020246703660688555,-0.010904321133120527,0.007011366179970871,0.6623376623376623,bits/trace,-0.03546574960779003,-0.13064484890724995,0.06374889816950781,high-minus-low conditional timing centroid; positive means later,1.0,False,False,False,False
gemma4_e4b,Gemma 4 E4B,gpqa,GPQA,binary,477,2,conversational,timing,Perspective_Shift,Perspective shift,0.011720613748514318,-0.008130956170511757,0.03228058076333616,0.12987012987012986,bits/trace,-0.025394785993952507,-0.05387305005580165,0.0006713147500521542,high-minus-low conditional timing centroid; positive means later,1.0,False,False,False,False
gemma4_e4b,Gemma 4 E4B,gpqa,GPQA,binary,477,2,conversational,timing,Conflict_of_Perspectives,Perspective conflict,-0.00689976196432347,-0.012543398756969448,-0.0015833416702688058,0.987012987012987,bits/trace,-0.006003977862120036,-0.05903220667613687,0.044563109845120914,high-minus-low conditional timing centroid; positive means later,1.0,False,False,False,False
gemma4_e4b,Gemma 4 E4B,gpqa,GPQA,binary,477,2,conversational,timing,Reconciliation,Reconciliation,-0.011644681867346735,-0.021674483466030018,-0.0020931336676036564,0.985014985014985,bits/trace,-0.015554922369175772,-0.059988043963197776,0.026748475083323602,high-minus-low conditional timing centroid; positive means later,1.0,False,False,False,False
gemma4_e4b,Gemma 4 E4B,gpqa,GPQA,binary,477,2,cognitive,amount,verification,Verification,-0.004430470048084619,-0.00884890898351439,-3.834847292276044e-06,0.977022977022977,bits/trace,-0.1017092152691135,-0.28665417078475,0.0904549014469159,standardized high-minus-low outcome rate difference,1.0,False,False,False,False
gemma4_e4b,Gemma 4 E4B,gpqa,GPQA,binary,477,2,cognitive,amount,backtracking,Backtracking,0.022731007507650797,0.0003797108724992364,0.04504439080069773,0.030969030969030968,bits/trace,-0.4649333541489439,-0.6404265410571148,-0.29295841131956635,standardized high-minus-low outcome rate difference,0.7403123192596877,False,False,False,False
gemma4_e4b,Gemma 4 E4B,gpqa,GPQA,binary,477,2,cognitive,amount,subgoal,Subgoal setting,0.0001202648166433487,-0.010442570466382774,0.010443477070061434,0.47952047952047955,bits/trace,0.41221818034494523,0.2465867768291928,0.591537282040192,standardized high-minus-low outcome rate difference,1.0,False,False,False,False
gemma4_e4b,Gemma 4 E4B,gpqa,GPQA,binary,477,2,cognitive,amount,backward_chaining,Backward chaining,0.00032240024893815576,-0.008574856516341664,0.008597864277944331,0.45454545454545453,bits/trace,-0.28554844474397945,-0.4839670753900563,-0.09981741908956056,standardized high-minus-low outcome rate difference,1.0,False,False,False,False
gemma4_e4b,Gemma 4 E4B,gpqa,GPQA,binary,477,2,cognitive,timing,verification,Verification,0.011893643795258362,-0.01009777606180295,0.03372069237233452,0.14385614385614387,bits/trace,0.08267960982092137,0.04949101747483572,0.11763223981713913,high-minus-low conditional timing centroid; positive means later,1.0,False,False,False,False
gemma4_e4b,Gemma 4 E4B,gpqa,GPQA,binary,477,2,cognitive,timing,backtracking,Backtracking,-0.0006321779668003342,-0.012580755761794672,0.010309152913380418,0.5354645354645354,bits/trace,-0.04078551265853392,-0.11091915758379003,0.031378591804991286,high-minus-low conditional timing centroid; positive means later,1.0,False,False,False,False
gemma4_e4b,Gemma 4 E4B,gpqa,GPQA,binary,477,2,cognitive,timing,subgoal,Subgoal setting,-0.001931048367923771,-0.010774557973978294,0.006961006331036828,0.6743256743256744,bits/trace,0.0065453892516667556,-0.01892227521950124,0.031685584396964735,high-minus-low conditional timing centroid; positive means later,1.0,False,False,False,False
gemma4_e4b,Gemma 4 E4B,gpqa,GPQA,binary,477,2,cognitive,timing,backward_chaining,Backward chaining,-0.005653243945554043,-0.011394414534678113,-0.00035737385237579556,0.9820179820179821,bits/trace,0.011472453873040522,-0.09243014952247695,0.11817433059917713,high-minus-low conditional timing centroid; positive means later,1.0,False,False,False,False
gemma4_e4b,Gemma 4 E4B,planning,Planning,binary,488,2,conversational,amount,Question_and_Answering,Question–answer,-0.0007440304310955624,-0.008973489473885965,0.005862563093435915,0.5594405594405595,bits/trace,0.27825903663580204,0.03674845508685925,0.47311640066839195,standardized high-minus-low outcome rate difference,1.0,False,False,False,False
gemma4_e4b,Gemma 4 E4B,planning,Planning,binary,488,2,conversational,amount,Perspective_Shift,Perspective shift,0.011171035117025264,-0.0025555911463150003,0.025265334042047404,0.06793206793206794,bits/trace,0.1656662804902671,-0.09584404472995033,0.414000840868977,standardized high-minus-low outcome rate difference,0.8847926267281105,False,False,False,False
gemma4_e4b,Gemma 4 E4B,planning,Planning,binary,488,2,conversational,amount,Conflict_of_Perspectives,Perspective conflict,-0.003109485413179358,-0.022088721854914065,0.010077250194335509,0.6053946053946054,bits/trace,-0.2396271564362379,-0.41506818040709853,-0.06987485768790636,standardized high-minus-low outcome rate difference,1.0,False,False,False,False
gemma4_e4b,Gemma 4 E4B,planning,Planning,binary,488,2,conversational,amount,Reconciliation,Reconciliation,0.012859400871185271,-0.003688216822740007,0.03101027220443784,0.056943056943056944,bits/trace,-0.3274767765526349,-0.5409274882307483,-0.09798852193321113,standardized high-minus-low outcome rate difference,0.8847926267281105,False,False,False,False
gemma4_e4b,Gemma 4 E4B,planning,Planning,binary,488,2,conversational,timing,Question_and_Answering,Question–answer,-0.003342674402337897,-0.010407660268110745,0.0026720027393808132,0.8041958041958042,bits/trace,0.009546178216243706,-0.07574789457710811,0.10492635294041308,high-minus-low conditional timing centroid; positive means later,1.0,False,False,False,False
gemma4_e4b,Gemma 4 E4B,planning,Planning,binary,488,2,conversational,timing,Perspective_Shift,Perspective shift,-0.0028737752889343876,-0.00988442908956756,0.003917413909029069,0.8001998001998002,bits/trace,-0.020580465264627423,-0.06371629475675165,0.023003340152231936,high-minus-low conditional timing centroid; positive means later,1.0,False,False,False,False
gemma4_e4b,Gemma 4 E4B,planning,Planning,binary,488,2,conversational,timing,Conflict_of_Perspectives,Perspective conflict,0.015177683718894833,-0.0046673122694143206,0.03429226973799666,0.07392607392607392,bits/trace,-0.1385474359630896,-0.20803607386371892,-0.067515723582055,high-minus-low conditional timing centroid; positive means later,1.0,False,False,False,False
gemma4_e4b,Gemma 4 E4B,planning,Planning,binary,488,2,conversational,timing,Reconciliation,Reconciliation,0.018384479723899946,-0.0009773424824057622,0.03694450326123782,0.04395604395604396,bits/trace,-0.09984179409439131,-0.15746696727647355,-0.0462778882342152,high-minus-low conditional timing centroid; positive means later,1.0,False,False,False,False
gemma4_e4b,Gemma 4 E4B,planning,Planning,binary,488,2,cognitive,amount,verification,Verification,-0.0022159820793059893,-0.005368820861491313,0.00067647133323955,0.9310689310689311,bits/trace,-0.09635360141230864,-0.3478150506088076,0.12203672955437367,standardized high-minus-low outcome rate difference,1.0,False,False,False,False
gemma4_e4b,Gemma 4 E4B,planning,Planning,binary,488,2,cognitive,amount,backtracking,Backtracking,0.03232355270012898,6.555086668091144e-05,0.05980028704460823,0.01998001998001998,bits/trace,-0.5661947232593615,-0.8921374238899468,-0.2746813595144962,standardized high-minus-low outcome rate difference,0.7403123192596877,False,False,False,False
gemma4_e4b,Gemma 4 E4B,planning,Planning,binary,488,2,cognitive,amount,subgoal,Subgoal setting,-0.00148905687121722,-0.0126091997070503,0.007162368603144196,0.5804195804195804,bits/trace,0.7046153802485139,0.511164428904114,0.9010891298901177,standardized high-minus-low outcome rate difference,1.0,False,False,False,False
gemma4_e4b,Gemma 4 E4B,planning,Planning,binary,488,2,cognitive,amount,backward_chaining,Backward chaining,-9.258946994068353e-05,-0.004743136167643494,0.003819111046560575,0.5314685314685315,bits/trace,0.004213590998594835,-0.21390766422777013,0.19882595051824292,standardized high-minus-low outcome rate difference,1.0,False,False,False,False
gemma4_e4b,Gemma 4 E4B,planning,Planning,binary,488,2,cognitive,timing,verification,Verification,0.002385842815619159,-0.010749366493756646,0.014858830948711517,0.35364635364635366,bits/trace,0.045815708587750636,0.01765988144205728,0.0744595184225835,high-minus-low conditional timing centroid; positive means later,1.0,False,False,False,False
gemma4_e4b,Gemma 4 E4B,planning,Planning,binary,488,2,cognitive,timing,backtracking,Backtracking,0.022630071614570632,-0.011304392724603205,0.05310386912760585,0.0999000999000999,bits/trace,-0.22099979991087715,-0.32679728017525916,-0.11226290310204129,high-minus-low conditional timing centroid; positive means later,1.0,False,False,False,False
gemma4_e4b,Gemma 4 E4B,planning,Planning,binary,488,2,cognitive,timing,subgoal,Subgoal setting,-0.005382886425120227,-0.015646607354924135,0.005188153206256045,0.8401598401598401,bits/trace,0.01632043653054513,-0.024457343025178165,0.0571271475284603,high-minus-low conditional timing centroid; positive means later,1.0,False,False,False,False
gemma4_e4b,Gemma 4 E4B,planning,Planning,binary,488,2,cognitive,timing,backward_chaining,Backward chaining,-0.005981057070450684,-0.016182709809093268,0.002743841847098589,0.8961038961038961,bits/trace,0.033726827411296734,-0.10330871869386649,0.16202316987390525,high-minus-low conditional timing centroid; positive means later,1.0,False,False,False,False
gemma4_e4b,Gemma 4 E4B,moral,Moral,continuous,500,389,conversational,amount,Question_and_Answering,Question–answer,-0.002932762142763802,-0.0068191092201061254,0.0008432276937788577,0.939060939060939,delta R2,0.09235357620234881,-0.06783593832328332,0.27125480827905224,standardized high-minus-low outcome rate difference,1.0,False,False,False,False
gemma4_e4b,Gemma 4 E4B,moral,Moral,continuous,500,389,conversational,amount,Perspective_Shift,Perspective shift,0.02362895661834579,-0.011406401250270619,0.05822059220914691,0.08191808191808192,delta R2,-0.2238418150770369,-0.3946402479102452,-0.052298608515375676,standardized high-minus-low outcome rate difference,0.8903436988543372,False,False,False,False
gemma4_e4b,Gemma 4 E4B,moral,Moral,continuous,500,389,conversational,amount,Conflict_of_Perspectives,Perspective conflict,0.005016879321283719,-0.006530516279440803,0.015943099190477265,0.2097902097902098,delta R2,-0.1630823288539517,-0.33773726981337837,0.01463860975665701,standardized high-minus-low outcome rate difference,1.0,False,False,False,False
gemma4_e4b,Gemma 4 E4B,moral,Moral,continuous,500,389,conversational,amount,Reconciliation,Reconciliation,0.012823211016749044,-0.00478310231921893,0.029988687715430153,0.0899100899100899,delta R2,-0.21398481480272474,-0.38117686478164076,-0.055546113983010674,standardized high-minus-low outcome rate difference,0.8903436988543372,False,False,False,False
gemma4_e4b,Gemma 4 E4B,moral,Moral,continuous,500,389,conversational,timing,Question_and_Answering,Question–answer,-0.0008354236470989172,-0.011955305910471139,0.010793257200510508,0.5814185814185814,delta R2,-0.05883269786220047,-0.1318864404943383,0.0163496675023717,high-minus-low conditional timing centroid; positive means later,1.0,False,False,False,False
gemma4_e4b,Gemma 4 E4B,moral,Moral,continuous,500,389,conversational,timing,Perspective_Shift,Perspective shift,-0.0019012617149829984,-0.02053545628747794,0.015208584066468534,0.6113886113886113,delta R2,0.06651824651986038,0.0069465353346695406,0.12458056874187755,high-minus-low conditional timing centroid; positive means later,1.0,False,False,False,False
gemma4_e4b,Gemma 4 E4B,moral,Moral,continuous,500,389,conversational,timing,Conflict_of_Perspectives,Perspective conflict,-0.010406310604093052,-0.02080065101965118,-0.0001781843125288156,0.974025974025974,delta R2,0.03200184364738945,-0.030726984736984292,0.09079476537576837,high-minus-low conditional timing centroid; positive means later,1.0,False,False,False,False
gemma4_e4b,Gemma 4 E4B,moral,Moral,continuous,500,389,conversational,timing,Reconciliation,Reconciliation,-0.00875882686058157,-0.016325705938574582,-0.001730420272381504,0.994005994005994,delta R2,0.005883446451160679,-0.05085570397871514,0.06370928644595027,high-minus-low conditional timing centroid; positive means later,1.0,False,False,False,False
gemma4_e4b,Gemma 4 E4B,moral,Moral,continuous,500,389,cognitive,amount,verification,Verification,0.02336680501899373,-0.0020806758117648313,0.0472087166650691,0.03696303696303696,delta R2,0.16786855659065067,-0.00138315924511601,0.3553326012899991,standardized high-minus-low outcome rate difference,0.7403123192596877,False,False,False,False
gemma4_e4b,Gemma 4 E4B,moral,Moral,continuous,500,389,cognitive,amount,backtracking,Backtracking,-0.0051097351200793594,-0.011105220763445913,0.00028844958886401476,0.9530469530469531,delta R2,-0.08635177131206757,-0.259740409486231,0.09622935699458124,standardized high-minus-low outcome rate difference,1.0,False,False,False,False
gemma4_e4b,Gemma 4 E4B,moral,Moral,continuous,500,389,cognitive,amount,subgoal,Subgoal setting,-0.010264731230804798,-0.017862324496585723,-0.0030338388732195744,0.997002997002997,delta R2,-0.054829882678757755,-0.21884690111125976,0.11876130276517356,standardized high-minus-low outcome rate difference,1.0,False,False,False,False
gemma4_e4b,Gemma 4 E4B,moral,Moral,continuous,500,389,cognitive,amount,backward_chaining,Backward chaining,-2.1820059313203405e-17,-4.515913605109137e-17,4.685836657094779e-18,0.962037962037962,delta R2,0.0,0.0,0.0,standardized high-minus-low outcome rate difference,1.0,False,False,False,False
gemma4_e4b,Gemma 4 E4B,moral,Moral,continuous,500,389,cognitive,timing,verification,Verification,-0.003071722902421376,-0.019632931627549272,0.014177379272614794,0.6033966033966034,delta R2,-0.04813530447338288,-0.075042985935289,-0.020063632770137306,high-minus-low conditional timing centroid; positive means later,1.0,False,False,False,False
gemma4_e4b,Gemma 4 E4B,moral,Moral,continuous,500,389,cognitive,timing,backtracking,Backtracking,0.00033268628074596007,-0.017557768886981753,0.01877312893354555,0.4645354645354645,delta R2,-0.012530393457117706,-0.04961490108311235,0.022020059681697582,high-minus-low conditional timing centroid; positive means later,1.0,False,False,False,False
gemma4_e4b,Gemma 4 E4B,moral,Moral,continuous,500,389,cognitive,timing,subgoal,Subgoal setting,0.0041879049403596,-0.014437995885649712,0.02170366644618068,0.34165834165834164,delta R2,-0.035392609232360706,-0.06373317753694208,-0.006427938232874251,high-minus-low conditional timing centroid; positive means later,1.0,False,False,False,False
gemma4_e4b,Gemma 4 E4B,moral,Moral,continuous,500,389,cognitive,timing,backward_chaining,Backward chaining,-8.053595509541709e-18,-9.463600638764315e-17,6.530806276609585e-17,0.5574425574425574,delta R2,,,,high-minus-low conditional timing centroid; positive means later,1.0,False,False,False,False
gemma4_e4b,Gemma 4 E4B,idea,Idea,continuous,500,9,conversational,amount,Question_and_Answering,Question–answer,0.0003646082023132611,-0.005239742795522418,0.005711434895165009,0.43656343656343655,delta R2,-0.09940068796500562,-0.30380063994695106,0.09142092543726174,standardized high-minus-low outcome rate difference,1.0,False,False,False,False
gemma4_e4b,Gemma 4 E4B,idea,Idea,continuous,500,9,conversational,amount,Perspective_Shift,Perspective shift,0.00687524962712993,-0.008669981808464853,0.024345457273516953,0.22577422577422576,delta R2,-0.19422788309731617,-0.3865367729945758,0.0045954115570780996,standardized high-minus-low outcome rate difference,1.0,False,False,False,False
gemma4_e4b,Gemma 4 E4B,idea,Idea,continuous,500,9,conversational,amount,Conflict_of_Perspectives,Perspective conflict,-0.0018178179444644528,-0.006490831331920445,0.002835639006993869,0.7982017982017982,delta R2,0.03051901317137603,-0.16297809177003628,0.21605149726365203,standardized high-minus-low outcome rate difference,1.0,False,False,False,False
gemma4_e4b,Gemma 4 E4B,idea,Idea,continuous,500,9,conversational,amount,Reconciliation,Reconciliation,-0.012953298621826034,-0.02311914115996164,-0.003628026726141419,0.994005994005994,delta R2,-0.13854044167569562,-0.3545386151773403,0.06513778632762723,standardized high-minus-low outcome rate difference,1.0,False,False,False,False
gemma4_e4b,Gemma 4 E4B,idea,Idea,continuous,500,9,conversational,timing,Question_and_Answering,Question–answer,0.009831166619892858,-0.016620895379400216,0.034409585265956895,0.21578421578421578,delta R2,0.03718740636766538,-0.018401549338034277,0.09599769147460847,high-minus-low conditional timing centroid; positive means later,1.0,False,False,False,False
gemma4_e4b,Gemma 4 E4B,idea,Idea,continuous,500,9,conversational,timing,Perspective_Shift,Perspective shift,-0.005036388318899549,-0.015533353880245463,0.005766340367159861,0.8341658341658341,delta R2,-0.018988661862354372,-0.044745910356578704,0.0051753486784373165,high-minus-low conditional timing centroid; positive means later,1.0,False,False,False,False
gemma4_e4b,Gemma 4 E4B,idea,Idea,continuous,500,9,conversational,timing,Conflict_of_Perspectives,Perspective conflict,-0.005721725590158619,-0.014110633873921627,0.002728610704001512,0.9050949050949051,delta R2,-0.0014531304965992309,-0.046781693371181356,0.04584390725207812,high-minus-low conditional timing centroid; positive means later,1.0,False,False,False,False
gemma4_e4b,Gemma 4 E4B,idea,Idea,continuous,500,9,conversational,timing,Reconciliation,Reconciliation,-0.0061543392996826875,-0.02083405268923737,0.007484851028196707,0.8031968031968032,delta R2,-0.04208800928379619,-0.10559569778154758,0.0175375115767913,high-minus-low conditional timing centroid; positive means later,1.0,False,False,False,False
gemma4_e4b,Gemma 4 E4B,idea,Idea,continuous,500,9,cognitive,amount,verification,Verification,-0.0031187946246291768,-0.00807839419065677,0.0018131963235324057,0.8891108891108891,delta R2,-0.09121442715784908,-0.29670519900982306,0.1032134746397299,standardized high-minus-low outcome rate difference,1.0,False,False,False,False
gemma4_e4b,Gemma 4 E4B,idea,Idea,continuous,500,9,cognitive,amount,backtracking,Backtracking,-0.008935934872824979,-0.015992122358237843,-0.002986739110346356,0.997002997002997,delta R2,-0.06059824174682462,-0.27567430521085023,0.14637922474901857,standardized high-minus-low outcome rate difference,1.0,False,False,False,False
gemma4_e4b,Gemma 4 E4B,idea,Idea,continuous,500,9,cognitive,amount,subgoal,Subgoal setting,0.003473791233327015,-0.010616156611094886,0.017177702397764148,0.3066933066933067,delta R2,0.261215177406758,0.06651269107949502,0.4515427426196398,standardized high-minus-low outcome rate difference,1.0,False,False,False,False
gemma4_e4b,Gemma 4 E4B,idea,Idea,continuous,500,9,cognitive,amount,backward_chaining,Backward chaining,-4.224629178580329e-05,-8.9133877446511e-05,5.588133403524384e-07,0.9250749250749251,delta R2,0.061323490552855506,0.0,0.18397047165856653,standardized high-minus-low outcome rate difference,1.0,False,False,False,False
gemma4_e4b,Gemma 4 E4B,idea,Idea,continuous,500,9,cognitive,timing,verification,Verification,-0.006400929414530247,-0.01519857249734401,0.0031319017875878832,0.929070929070929,delta R2,0.0026613786811753304,-0.03796593307446934,0.04091190110070987,high-minus-low conditional timing centroid; positive means later,1.0,False,False,False,False
gemma4_e4b,Gemma 4 E4B,idea,Idea,continuous,500,9,cognitive,timing,backtracking,Backtracking,-0.0037874710551849184,-0.012505517411380519,0.005217918319092227,0.7952047952047953,delta R2,0.023631252037955353,-0.0628993891556635,0.1165352755971886,high-minus-low conditional timing centroid; positive means later,1.0,False,False,False,False
gemma4_e4b,Gemma 4 E4B,idea,Idea,continuous,500,9,cognitive,timing,subgoal,Subgoal setting,0.00872096214836773,-0.010133854642654346,0.02641026116390867,0.16383616383616384,delta R2,0.006316479369411598,-0.019260060562516078,0.030768495597605416,high-minus-low conditional timing centroid; positive means later,1.0,False,False,False,False
gemma4_e4b,Gemma 4 E4B,idea,Idea,continuous,500,9,cognitive,timing,backward_chaining,Backward chaining,-6.360535871297981e-08,-1.358750294764844e-07,-2.6630404643903743e-09,0.9340659340659341,delta R2,,,,high-minus-low conditional timing centroid; positive means later,1.0,False,False,False,False
gemma4_e4b,Gemma 4 E4B,security,Security,binary,472,2,conversational,amount,Question_and_Answering,Question–answer,-0.0022088449428243817,-0.010752063861057946,0.00493286067063325,0.6823176823176823,bits/trace,0.15118114305661343,-0.00575515359123803,0.32139764258994835,standardized high-minus-low outcome rate difference,1.0,False,False,False,False
gemma4_e4b,Gemma 4 E4B,security,Security,binary,472,2,conversational,amount,Perspective_Shift,Perspective shift,0.006667008912078961,-0.011033730281214594,0.022702261923509427,0.1998001998001998,bits/trace,-0.11668837233983301,-0.302789620266602,0.05884916728574676,standardized high-minus-low outcome rate difference,1.0,False,False,False,False
gemma4_e4b,Gemma 4 E4B,security,Security,binary,472,2,conversational,amount,Conflict_of_Perspectives,Perspective conflict,-0.002810854028386089,-0.013453703285282736,0.007963424010337417,0.7102897102897103,bits/trace,0.0795860088555678,-0.10410742073133294,0.25806241766848453,standardized high-minus-low outcome rate difference,1.0,False,False,False,False
gemma4_e4b,Gemma 4 E4B,security,Security,binary,472,2,conversational,amount,Reconciliation,Reconciliation,0.0015353168680439463,-0.006874465483737834,0.01089726069803906,0.35664335664335667,bits/trace,-0.08922373759764429,-0.26475285982036023,0.08625053855118185,standardized high-minus-low outcome rate difference,1.0,False,False,False,False
gemma4_e4b,Gemma 4 E4B,security,Security,binary,472,2,conversational,timing,Question_and_Answering,Question–answer,-0.005027247672630053,-0.013562544452370396,0.0032774390242541066,0.8731268731268731,bits/trace,-0.021508555015665287,-0.11374945110187504,0.06909618638035817,high-minus-low conditional timing centroid; positive means later,1.0,False,False,False,False
gemma4_e4b,Gemma 4 E4B,security,Security,binary,472,2,conversational,timing,Perspective_Shift,Perspective shift,0.0028629768258030285,-0.010637204987729952,0.016546815008897698,0.35364635364635366,bits/trace,-0.032648636550857146,-0.06474310482162665,-0.0016233694243922383,high-minus-low conditional timing centroid; positive means later,1.0,False,False,False,False
gemma4_e4b,Gemma 4 E4B,security,Security,binary,472,2,conversational,timing,Conflict_of_Perspectives,Perspective conflict,-0.004784809548103466,-0.01263374040652266,0.002235199455563373,0.8581418581418582,bits/trace,-0.0186023784170376,-0.06621906788683724,0.025225088230222972,high-minus-low conditional timing centroid; positive means later,1.0,False,False,False,False
gemma4_e4b,Gemma 4 E4B,security,Security,binary,472,2,conversational,timing,Reconciliation,Reconciliation,-0.005038551517421101,-0.013016237266980155,0.0025367980173081127,0.8951048951048951,bits/trace,0.04977530870384084,0.005872321988542915,0.09024970827224377,high-minus-low conditional timing centroid; positive means later,1.0,False,False,False,False
gemma4_e4b,Gemma 4 E4B,security,Security,binary,472,2,cognitive,amount,verification,Verification,0.011572980365147997,-0.0063556204951773125,0.030449712389783796,0.11188811188811189,bits/trace,0.22749663478814983,0.05468918578045537,0.4099299540110661,standardized high-minus-low outcome rate difference,0.8903436988543372,False,False,False,False
gemma4_e4b,Gemma 4 E4B,security,Security,binary,472,2,cognitive,amount,backtracking,Backtracking,0.002591615907392046,-0.0058082901127432945,0.010521486659843303,0.26573426573426573,bits/trace,-0.37428327196170597,-0.5611357085387164,-0.19429120082466933,standardized high-minus-low outcome rate difference,1.0,False,False,False,False
gemma4_e4b,Gemma 4 E4B,security,Security,binary,472,2,cognitive,amount,subgoal,Subgoal setting,0.028561822316194713,0.0018476059887814532,0.05527298725898959,0.017982017982017984,bits/trace,0.039352910125318115,-0.15471912380452926,0.232344097483392,standardized high-minus-low outcome rate difference,0.7403123192596877,False,False,False,False
gemma4_e4b,Gemma 4 E4B,security,Security,binary,472,2,cognitive,amount,backward_chaining,Backward chaining,0.0027101687429275764,-0.006493104961802969,0.010847201220013996,0.2887112887112887,bits/trace,-0.20523757850522845,-0.38052213433328136,-0.012720515615872195,standardized high-minus-low outcome rate difference,1.0,False,False,False,False
gemma4_e4b,Gemma 4 E4B,security,Security,binary,472,2,cognitive,timing,verification,Verification,-0.004132666935078679,-0.012156487990256445,0.004462690851830193,0.8351648351648352,bits/trace,0.02092726406915113,-0.015368831697122548,0.05638882610744111,high-minus-low conditional timing centroid; positive means later,1.0,False,False,False,False
gemma4_e4b,Gemma 4 E4B,security,Security,binary,472,2,cognitive,timing,backtracking,Backtracking,0.009171134672918285,-0.009908235825498974,0.026258277237458893,0.17182817182817184,bits/trace,-0.08783807090906715,-0.14699974842706742,-0.0325274622074086,high-minus-low conditional timing centroid; positive means later,1.0,False,False,False,False
gemma4_e4b,Gemma 4 E4B,security,Security,binary,472,2,cognitive,timing,subgoal,Subgoal setting,-0.013495931458358451,-0.022688656837209126,-0.00473584434522507,1.0,bits/trace,-0.05692958737443665,-0.08297749270892701,-0.02877818756129519,high-minus-low conditional timing centroid; positive means later,1.0,False,False,False,False
gemma4_e4b,Gemma 4 E4B,security,Security,binary,472,2,cognitive,timing,backward_chaining,Backward chaining,-0.001805871316845362,-0.011563230456894428,0.00800684590108808,0.6643356643356644,bits/trace,-0.02448392343870809,-0.10084059181343259,0.05304174866749436,high-minus-low conditional timing centroid; positive means later,1.0,False,False,False,False
gemma4_31b,Gemma 4 31B,math,Math,binary,499,2,conversational,amount,Question_and_Answering,Question–answer,0.0025967969466607326,-0.008894117908773539,0.01486145978089933,0.3256743256743257,bits/trace,-0.15366607842971128,-0.34444202830476595,0.008352973113148114,standardized high-minus-low outcome rate difference,1.0,False,False,False,False
gemma4_31b,Gemma 4 31B,math,Math,binary,499,2,conversational,amount,Perspective_Shift,Perspective shift,-0.001810565556234024,-0.005709062791107949,0.0016155629943898034,0.8381618381618382,bits/trace,0.02287456472087099,-0.146674964520829,0.2081203354286163,standardized high-minus-low outcome rate difference,1.0,False,False,False,False
gemma4_31b,Gemma 4 31B,math,Math,binary,499,2,conversational,amount,Conflict_of_Perspectives,Perspective conflict,0.0007085417683652743,-0.011932794860524922,0.012484056278989625,0.44955044955044954,bits/trace,0.09964122646671329,-0.0675487632125469,0.272937526303407,standardized high-minus-low outcome rate difference,1.0,False,False,False,False
gemma4_31b,Gemma 4 31B,math,Math,binary,499,2,conversational,amount,Reconciliation,Reconciliation,-0.0007035815313599311,-0.005885779463467896,0.004390724893867526,0.6193806193806194,bits/trace,0.16936255069521988,-0.016465077121331256,0.34489016571756814,standardized high-minus-low outcome rate difference,1.0,False,False,False,False
gemma4_31b,Gemma 4 31B,math,Math,binary,499,2,conversational,timing,Question_and_Answering,Question–answer,-0.004002220470594917,-0.00957871494971061,0.0008887782810213033,0.935064935064935,bits/trace,-0.04890497827252005,-0.1308341265685729,0.02438582628575213,high-minus-low conditional timing centroid; positive means later,1.0,False,False,False,False
gemma4_31b,Gemma 4 31B,math,Math,binary,499,2,conversational,timing,Perspective_Shift,Perspective shift,0.007349120614399941,-0.009200602730065035,0.02346836924230683,0.2017982017982018,bits/trace,-0.05768656590359622,-0.10358957495719603,-0.00987333720329902,high-minus-low conditional timing centroid; positive means later,1.0,False,False,False,False
gemma4_31b,Gemma 4 31B,math,Math,binary,499,2,conversational,timing,Conflict_of_Perspectives,Perspective conflict,-0.006620376073240591,-0.019785902127615076,0.005131908162795457,0.8561438561438561,bits/trace,-0.06592966269381945,-0.1494534691960478,0.017499928691040154,high-minus-low conditional timing centroid; positive means later,1.0,False,False,False,False
gemma4_31b,Gemma 4 31B,math,Math,binary,499,2,conversational,timing,Reconciliation,Reconciliation,-0.004758911331834424,-0.008913153140545473,-0.0011121737187801178,0.989010989010989,bits/trace,-0.05454451019630002,-0.11429094059449374,0.0004545637764443336,high-minus-low conditional timing centroid; positive means later,1.0,False,False,False,False
gemma4_31b,Gemma 4 31B,math,Math,binary,499,2,cognitive,amount,verification,Verification,-0.0017878844787963305,-0.006668112519979362,0.0031053397531462922,0.7622377622377622,bits/trace,0.040059453075434036,-0.13162052394497495,0.2177070672522822,standardized high-minus-low outcome rate difference,1.0,False,False,False,False
gemma4_31b,Gemma 4 31B,math,Math,binary,499,2,cognitive,amount,backtracking,Backtracking,-0.0008883251417734549,-0.007973376619618897,0.006782119733654336,0.6253746253746254,bits/trace,0.09506485248546723,-0.07850036908600139,0.2685406229499957,standardized high-minus-low outcome rate difference,1.0,False,False,False,False
gemma4_31b,Gemma 4 31B,math,Math,binary,499,2,cognitive,amount,subgoal,Subgoal setting,-0.0009541904551842902,-0.013457330544601196,0.011788850304500368,0.5444555444555444,bits/trace,-0.2793558697816206,-0.4566465076466236,-0.12446434872274202,standardized high-minus-low outcome rate difference,1.0,False,False,False,False
gemma4_31b,Gemma 4 31B,math,Math,binary,499,2,cognitive,amount,backward_chaining,Backward chaining,0.0035785864890705444,-0.019853295800670183,0.019121826977387672,0.4245754245754246,bits/trace,-0.19604433962358175,-0.3769895036624444,-0.028963806592911243,standardized high-minus-low outcome rate difference,1.0,False,False,False,False
gemma4_31b,Gemma 4 31B,math,Math,binary,499,2,cognitive,timing,verification,Verification,-0.005652427946064932,-0.010974842426351378,-0.0005542206004996924,0.98001998001998,bits/trace,-0.025413867518774724,-0.05823970927688846,0.009170839264191558,high-minus-low conditional timing centroid; positive means later,1.0,False,False,False,False
gemma4_31b,Gemma 4 31B,math,Math,binary,499,2,cognitive,timing,backtracking,Backtracking,-0.0021881250316118706,-0.008846769642949845,0.004255216969088622,0.7242757242757243,bits/trace,-0.02202164344484664,-0.142077944952498,0.09616285422387329,high-minus-low conditional timing centroid; positive means later,1.0,False,False,False,False
gemma4_31b,Gemma 4 31B,math,Math,binary,499,2,cognitive,timing,subgoal,Subgoal setting,-0.005112428871607697,-0.009174853964446103,-0.0007403044151943377,0.9920079920079921,bits/trace,-0.015055670272458355,-0.07284035496695047,0.04602257217415719,high-minus-low conditional timing centroid; positive means later,1.0,False,False,False,False
gemma4_31b,Gemma 4 31B,math,Math,binary,499,2,cognitive,timing,backward_chaining,Backward chaining,-0.008183609184422251,-0.017256272306388164,0.0003333210113186163,0.962037962037962,bits/trace,0.3116462344328513,0.027733230843477546,0.5771862640470641,high-minus-low conditional timing centroid; positive means later,1.0,False,False,False,False
gemma4_31b,Gemma 4 31B,code,Code,binary,174,2,conversational,amount,Question_and_Answering,Question–answer,-0.014451061697431341,-0.02372750288979206,-0.005107002894778793,0.999000999000999,bits/trace,-0.11415074292625535,-0.35278469645414134,0.12681274431865242,standardized high-minus-low outcome rate difference,1.0,False,False,False,False
gemma4_31b,Gemma 4 31B,code,Code,binary,174,2,conversational,amount,Perspective_Shift,Perspective shift,-0.03583037250685841,-0.06366419599417733,-0.01215829308968421,1.0,bits/trace,-0.1495689396095153,-0.4115246812329592,0.11981402646934822,standardized high-minus-low outcome rate difference,1.0,False,False,False,False
gemma4_31b,Gemma 4 31B,code,Code,binary,174,2,conversational,amount,Conflict_of_Perspectives,Perspective conflict,0.02777687311567425,-0.014845655400903445,0.06796213993213587,0.10789210789210789,bits/trace,-1.2571852899975635,-1.5793315476465037,-0.9344028774724683,standardized high-minus-low outcome rate difference,0.8903436988543372,False,False,False,False
gemma4_31b,Gemma 4 31B,code,Code,binary,174,2,conversational,amount,Reconciliation,Reconciliation,0.0014543335573106299,-0.009091675531800179,0.011464272735069059,0.36863136863136864,bits/trace,-0.4840750782390079,-0.7175509826142794,-0.2260664260196112,standardized high-minus-low outcome rate difference,1.0,False,False,False,False
gemma4_31b,Gemma 4 31B,code,Code,binary,174,2,conversational,timing,Question_and_Answering,Question–answer,-0.007563846388110029,-0.047509493711746835,0.02695133182114398,0.6553446553446554,bits/trace,0.08018203868490226,0.01814357179532554,0.14778260964124987,high-minus-low conditional timing centroid; positive means later,1.0,False,False,False,False
gemma4_31b,Gemma 4 31B,code,Code,binary,174,2,conversational,timing,Perspective_Shift,Perspective shift,-0.023714201845786972,-0.04565834736308804,-0.00283762427160197,0.989010989010989,bits/trace,0.012165551964456567,-0.016352703894302916,0.03944722372541405,high-minus-low conditional timing centroid; positive means later,1.0,False,False,False,False
gemma4_31b,Gemma 4 31B,code,Code,binary,174,2,conversational,timing,Conflict_of_Perspectives,Perspective conflict,0.011052944489627544,-0.021427518591786748,0.04239887540069174,0.27172827172827174,bits/trace,-0.06751963730051869,-0.12495574692845965,-0.013448551590327231,high-minus-low conditional timing centroid; positive means later,1.0,False,False,False,False
gemma4_31b,Gemma 4 31B,code,Code,binary,174,2,conversational,timing,Reconciliation,Reconciliation,-0.017829021888417382,-0.03827479236919858,0.001958303463581875,0.9400599400599401,bits/trace,0.04349594100524168,-0.007906271226959728,0.10163666023417946,high-minus-low conditional timing centroid; positive means later,1.0,False,False,False,False
gemma4_31b,Gemma 4 31B,code,Code,binary,174,2,cognitive,amount,verification,Verification,0.0145650743472215,-0.014546993549239735,0.04361345563689255,0.16583416583416583,bits/trace,0.572259850998605,0.31587325563453383,0.8251339086958356,standardized high-minus-low outcome rate difference,0.9893834978580741,False,False,False,False
gemma4_31b,Gemma 4 31B,code,Code,binary,174,2,cognitive,amount,backtracking,Backtracking,0.013656412256874416,-0.015701673996822686,0.038457588838834655,0.16283716283716285,bits/trace,-1.1098208374666136,-1.4042044332356916,-0.8186166328026855,standardized high-minus-low outcome rate difference,0.9893834978580741,False,False,False,False
gemma4_31b,Gemma 4 31B,code,Code,binary,174,2,cognitive,amount,subgoal,Subgoal setting,-0.00341425379569896,-0.007369603776170696,0.00029592310657890127,0.9460539460539461,bits/trace,0.4039564173701845,0.19354011580217773,0.6134481079618898,standardized high-minus-low outcome rate difference,1.0,False,False,False,False
gemma4_31b,Gemma 4 31B,code,Code,binary,174,2,cognitive,amount,backward_chaining,Backward chaining,0.017628235465375158,-0.018029786489740855,0.053369720964354675,0.1928071928071928,bits/trace,-0.5000403240203501,-1.0808878035216136,-0.06347920060080567,standardized high-minus-low outcome rate difference,1.0,False,False,False,False
gemma4_31b,Gemma 4 31B,code,Code,binary,174,2,cognitive,timing,verification,Verification,0.008867036802100004,-0.019631206891149017,0.03595169715576433,0.27372627372627373,bits/trace,0.0819566971964848,0.039975862813973806,0.12476372286599086,high-minus-low conditional timing centroid; positive means later,1.0,False,False,False,False
gemma4_31b,Gemma 4 31B,code,Code,binary,174,2,cognitive,timing,backtracking,Backtracking,-0.013658003627084287,-0.05276274227497399,0.025876083267833354,0.7462537462537463,bits/trace,-0.0601961534215123,-0.13987077600953843,0.01631744001029241,high-minus-low conditional timing centroid; positive means later,1.0,False,False,False,False
gemma4_31b,Gemma 4 31B,code,Code,binary,174,2,cognitive,timing,subgoal,Subgoal setting,-0.002768821785399327,-0.01581943205296164,0.010158413337292845,0.6503496503496503,bits/trace,-0.06259159919159824,-0.12156360112161445,0.003342054897453412,high-minus-low conditional timing centroid; positive means later,1.0,False,False,False,False
gemma4_31b,Gemma 4 31B,code,Code,binary,174,2,cognitive,timing,backward_chaining,Backward chaining,-0.036106259276767055,-0.07014317013912363,-0.007646709974359498,0.991008991008991,bits/trace,0.08389136304629186,-0.23960728716011848,0.4169713556770379,high-minus-low conditional timing centroid; positive means later,1.0,False,False,False,False
gemma4_31b,Gemma 4 31B,gpqa,GPQA,binary,493,2,conversational,amount,Question_and_Answering,Question–answer,0.0009801869704644242,-0.007551462252797598,0.009375070091502714,0.4195804195804196,bits/trace,-0.11911548759292187,-0.29326677210619967,0.07676645480166912,standardized high-minus-low outcome rate difference,1.0,False,False,False,False
gemma4_31b,Gemma 4 31B,gpqa,GPQA,binary,493,2,conversational,amount,Perspective_Shift,Perspective shift,-0.0025635626064114667,-0.007997831686493592,0.002650936708325043,0.8111888111888111,bits/trace,-0.34121318529436306,-0.5552674072121303,-0.1327608507407046,standardized high-minus-low outcome rate difference,1.0,False,False,False,False
gemma4_31b,Gemma 4 31B,gpqa,GPQA,binary,493,2,conversational,amount,Conflict_of_Perspectives,Perspective conflict,0.0003396853587692955,-0.005912277940989743,0.006055589938909444,0.44655344655344653,bits/trace,-0.25108817720651694,-0.433816321938266,-0.07721109536933057,standardized high-minus-low outcome rate difference,1.0,False,False,False,False
gemma4_31b,Gemma 4 31B,gpqa,GPQA,binary,493,2,conversational,amount,Reconciliation,Reconciliation,-0.0031790548116720414,-0.008722949477298311,0.0017901287676685416,0.8771228771228772,bits/trace,0.1950051750840168,-0.006412450524395648,0.3911099512923183,standardized high-minus-low outcome rate difference,1.0,False,False,False,False
gemma4_31b,Gemma 4 31B,gpqa,GPQA,binary,493,2,conversational,timing,Question_and_Answering,Question–answer,-0.0027586232293367622,-0.014345194936491022,0.010344172201449266,0.7122877122877123,bits/trace,0.0700743028340528,0.02975078901371491,0.10842502188364987,high-minus-low conditional timing centroid; positive means later,1.0,False,False,False,False
gemma4_31b,Gemma 4 31B,gpqa,GPQA,binary,493,2,conversational,timing,Perspective_Shift,Perspective shift,-0.0015631067210798396,-0.008458724130211483,0.004494015412420881,0.6833166833166833,bits/trace,0.02936861538253477,0.005865055533704799,0.051115249530527464,high-minus-low conditional timing centroid; positive means later,1.0,False,False,False,False
gemma4_31b,Gemma 4 31B,gpqa,GPQA,binary,493,2,conversational,timing,Conflict_of_Perspectives,Perspective conflict,0.003290721221955561,-0.009722019565388271,0.015960266253040218,0.3176823176823177,bits/trace,0.027793975432861606,-0.012106381557901768,0.0634039764735742,high-minus-low conditional timing centroid; positive means later,1.0,False,False,False,False
gemma4_31b,Gemma 4 31B,gpqa,GPQA,binary,493,2,conversational,timing,Reconciliation,Reconciliation,-0.003505640702941522,-0.012019434319788316,0.005589441327203684,0.7742257742257742,bits/trace,0.05008218159438893,0.012041729036505956,0.08922934266948147,high-minus-low conditional timing centroid; positive means later,1.0,False,False,False,False
gemma4_31b,Gemma 4 31B,gpqa,GPQA,binary,493,2,cognitive,amount,verification,Verification,0.010857704101203321,-0.00696190640434772,0.02876060533135074,0.11688311688311688,bits/trace,0.39480063774088614,0.22131768752775927,0.5617460376528082,standardized high-minus-low outcome rate difference,0.8903436988543372,False,False,False,False
gemma4_31b,Gemma 4 31B,gpqa,GPQA,binary,493,2,cognitive,amount,backtracking,Backtracking,-0.004144194065203316,-0.008227774534989268,0.00010037423929227213,0.968031968031968,bits/trace,-0.5624775758520701,-0.7995902121092882,-0.34926950090489206,standardized high-minus-low outcome rate difference,1.0,False,False,False,False
gemma4_31b,Gemma 4 31B,gpqa,GPQA,binary,493,2,cognitive,amount,subgoal,Subgoal setting,-0.0005527130960095559,-0.003084493589957594,0.0019590426565399403,0.6443556443556444,bits/trace,-0.21378063822206433,-0.38494218435394983,-0.043547159434922475,standardized high-minus-low outcome rate difference,1.0,False,False,False,False
gemma4_31b,Gemma 4 31B,gpqa,GPQA,binary,493,2,cognitive,amount,backward_chaining,Backward chaining,-0.002981363749394027,-0.007687470952239497,0.0013639155413699032,0.9010989010989011,bits/trace,-0.2504198264761881,-0.49881003870468377,-0.01087054423320953,standardized high-minus-low outcome rate difference,1.0,False,False,False,False
gemma4_31b,Gemma 4 31B,gpqa,GPQA,binary,493,2,cognitive,timing,verification,Verification,-0.004540608570833525,-0.013674976608410033,0.003555628552708228,0.8371628371628371,bits/trace,0.053271239854874475,0.026751874671457135,0.07836342703435047,high-minus-low conditional timing centroid; positive means later,1.0,False,False,False,False
gemma4_31b,Gemma 4 31B,gpqa,GPQA,binary,493,2,cognitive,timing,backtracking,Backtracking,-0.016912547824004042,-0.028192072035162878,-0.006497969838587777,1.0,bits/trace,0.01453039898370867,-0.027157857730984687,0.05642783447563412,high-minus-low conditional timing centroid; positive means later,1.0,False,False,False,False
gemma4_31b,Gemma 4 31B,gpqa,GPQA,binary,493,2,cognitive,timing,subgoal,Subgoal setting,-0.0019453733328758625,-0.005633190575747071,0.0018225434696520423,0.8481518481518482,bits/trace,-0.07436153030114623,-0.12482839382458213,-0.02362391304584294,high-minus-low conditional timing centroid; positive means later,1.0,False,False,False,False
gemma4_31b,Gemma 4 31B,gpqa,GPQA,binary,493,2,cognitive,timing,backward_chaining,Backward chaining,-0.009732068739992297,-0.015900616089443802,-0.0037797442684977403,1.0,bits/trace,-0.008063094513086344,-0.12277088172336313,0.11428084741031758,high-minus-low conditional timing centroid; positive means later,1.0,False,False,False,False
gemma4_31b,Gemma 4 31B,planning,Planning,binary,500,2,conversational,amount,Question_and_Answering,Question–answer,0.0013695715093456004,-0.008751716750153302,0.011238198624667978,0.4155844155844156,bits/trace,0.34015481227897554,0.13827626984770922,0.5525773637737684,standardized high-minus-low outcome rate difference,1.0,False,False,False,False
gemma4_31b,Gemma 4 31B,planning,Planning,binary,500,2,conversational,amount,Perspective_Shift,Perspective shift,0.01221346004629935,-2.549900663503225e-06,0.024180270684916683,0.029970029970029972,bits/trace,0.0709066525450145,-0.17699622524088246,0.3153211002042926,standardized high-minus-low outcome rate difference,0.7403123192596877,False,False,False,False
gemma4_31b,Gemma 4 31B,planning,Planning,binary,500,2,conversational,amount,Conflict_of_Perspectives,Perspective conflict,0.008452453491290627,-0.005844756042377255,0.02159105513319782,0.12887112887112886,bits/trace,-0.6849692645650748,-1.0173458699762123,-0.3649292783669803,standardized high-minus-low outcome rate difference,0.9257681094415787,False,False,False,False
gemma4_31b,Gemma 4 31B,planning,Planning,binary,500,2,conversational,amount,Reconciliation,Reconciliation,-0.0010402568526860594,-0.006625823224864552,0.0036159019885427133,0.6313686313686314,bits/trace,-0.07287951793073175,-0.31744583874154847,0.15037875261210001,standardized high-minus-low outcome rate difference,1.0,False,False,False,False
gemma4_31b,Gemma 4 31B,planning,Planning,binary,500,2,conversational,timing,Question_and_Answering,Question–answer,-0.005741445191762464,-0.013256572879711334,0.00028833322087602476,0.952047952047952,bits/trace,0.06818638834329127,-0.0006078037241141753,0.13456208418600943,high-minus-low conditional timing centroid; positive means later,1.0,False,False,False,False
gemma4_31b,Gemma 4 31B,planning,Planning,binary,500,2,conversational,timing,Perspective_Shift,Perspective shift,-0.003426311113664677,-0.008325846595501764,0.001222762275683103,0.9170829170829171,bits/trace,-0.02231455214182332,-0.06750710634186083,0.015078155006585508,high-minus-low conditional timing centroid; positive means later,1.0,False,False,False,False
gemma4_31b,Gemma 4 31B,planning,Planning,binary,500,2,conversational,timing,Conflict_of_Perspectives,Perspective conflict,-0.0017519458941743378,-0.014370254765682823,0.010047367259260784,0.6003996003996004,bits/trace,0.01036009455144099,-0.06487472938239425,0.08728437184971602,high-minus-low conditional timing centroid; positive means later,1.0,False,False,False,False
gemma4_31b,Gemma 4 31B,planning,Planning,binary,500,2,conversational,timing,Reconciliation,Reconciliation,0.000798812517440902,-0.011859215379906633,0.012220551429931654,0.43456543456543456,bits/trace,0.09090154483945023,0.02929638805995653,0.14538436279444397,high-minus-low conditional timing centroid; positive means later,1.0,False,False,False,False
gemma4_31b,Gemma 4 31B,planning,Planning,binary,500,2,cognitive,amount,verification,Verification,-0.0015057994338938511,-0.010147134868213835,0.006214996456196929,0.6273726273726273,bits/trace,-0.08109843627931416,-0.38042884744565086,0.21919531851663374,standardized high-minus-low outcome rate difference,1.0,False,False,False,False
gemma4_31b,Gemma 4 31B,planning,Planning,binary,500,2,cognitive,amount,backtracking,Backtracking,0.016555800565725483,0.0022566946035719442,0.031859061364427795,0.01998001998001998,bits/trace,-0.46651971669883674,-0.9232499751385119,-0.0909722014731053,standardized high-minus-low outcome rate difference,0.7403123192596877,False,False,False,False
gemma4_31b,Gemma 4 31B,planning,Planning,binary,500,2,cognitive,amount,subgoal,Subgoal setting,-0.00059558292166459,-0.002646367207298858,0.0014136494879470564,0.7032967032967034,bits/trace,0.3637672683819679,0.19303885628717568,0.5138420253164084,standardized high-minus-low outcome rate difference,1.0,False,False,False,False
gemma4_31b,Gemma 4 31B,planning,Planning,binary,500,2,cognitive,amount,backward_chaining,Backward chaining,-0.0008332865277457751,-0.0033242359169210296,0.0006858374228371519,0.6213786213786214,bits/trace,0.3599948152925382,0.25366659583410617,0.4642788196986809,standardized high-minus-low outcome rate difference,1.0,False,False,False,False
gemma4_31b,Gemma 4 31B,planning,Planning,binary,500,2,cognitive,timing,verification,Verification,0.008353648960348741,-0.008970555684600546,0.025565202182372924,0.16883116883116883,bits/trace,0.1205411627111499,0.08187630034234422,0.16118454222774928,high-minus-low conditional timing centroid; positive means later,1.0,False,False,False,False
gemma4_31b,Gemma 4 31B,planning,Planning,binary,500,2,cognitive,timing,backtracking,Backtracking,0.0037661175131736497,-0.006147456093991127,0.013912534083323415,0.23076923076923078,bits/trace,0.04197425959412099,-0.05877441634855304,0.1462208884399234,high-minus-low conditional timing centroid; positive means later,1.0,False,False,False,False
gemma4_31b,Gemma 4 31B,planning,Planning,binary,500,2,cognitive,timing,subgoal,Subgoal setting,-0.005637630250432102,-0.013451642944378613,0.0001171742319058043,0.929070929070929,bits/trace,-0.16876242265185531,-0.30281094487471444,-0.03892521610808114,high-minus-low conditional timing centroid; positive means later,1.0,False,False,False,False
gemma4_31b,Gemma 4 31B,planning,Planning,binary,500,2,cognitive,timing,backward_chaining,Backward chaining,-0.002446427521660056,-0.0075878199672866,0.002003624218563579,0.8161838161838162,bits/trace,,,,high-minus-low conditional timing centroid; positive means later,1.0,False,False,False,False
gemma4_31b,Gemma 4 31B,moral,Moral,continuous,500,388,conversational,amount,Question_and_Answering,Question–answer,-0.002451422403073375,-0.007374384908482209,0.0020172739686762165,0.8521478521478522,delta R2,-0.08783625156784237,-0.2535385696749243,0.09582299453837106,standardized high-minus-low outcome rate difference,1.0,False,False,False,False
gemma4_31b,Gemma 4 31B,moral,Moral,continuous,500,388,conversational,amount,Perspective_Shift,Perspective shift,-0.0006427231968658206,-0.006571490906214503,0.004834317541840319,0.5704295704295704,delta R2,-0.09912291866649488,-0.26964433135021715,0.0772685028030127,standardized high-minus-low outcome rate difference,1.0,False,False,False,False
gemma4_31b,Gemma 4 31B,moral,Moral,continuous,500,388,conversational,amount,Conflict_of_Perspectives,Perspective conflict,-0.0008822929559051067,-0.006709594620791097,0.005052334484499814,0.5924075924075924,delta R2,-0.0370524920785267,-0.2098627412286343,0.12235356447021362,standardized high-minus-low outcome rate difference,1.0,False,False,False,False
gemma4_31b,Gemma 4 31B,moral,Moral,continuous,500,388,conversational,amount,Reconciliation,Reconciliation,-0.00271600067709548,-0.011328145583350224,0.00605581061842118,0.7392607392607392,delta R2,-0.12845885325028503,-0.30546762765367114,0.045543857455145456,standardized high-minus-low outcome rate difference,1.0,False,False,False,False
gemma4_31b,Gemma 4 31B,moral,Moral,continuous,500,388,conversational,timing,Question_and_Answering,Question–answer,0.006655118121117099,-0.010155910035495787,0.022787036042286695,0.23576423576423577,delta R2,-0.06474565945318661,-0.11825703015566809,-0.007281577370864559,high-minus-low conditional timing centroid; positive means later,1.0,False,False,False,False
gemma4_31b,Gemma 4 31B,moral,Moral,continuous,500,388,conversational,timing,Perspective_Shift,Perspective shift,0.0027364723084383584,-0.018434551582802813,0.024003222929950916,0.41858141858141856,delta R2,-0.016900289634346644,-0.03511890782628605,0.002836879954837448,high-minus-low conditional timing centroid; positive means later,1.0,False,False,False,False
gemma4_31b,Gemma 4 31B,moral,Moral,continuous,500,388,conversational,timing,Conflict_of_Perspectives,Perspective conflict,-0.011584117856481944,-0.02914133152150708,0.00471241721090102,0.8991008991008991,delta R2,-0.048794495997061205,-0.09291263330918882,-0.0020857071080235194,high-minus-low conditional timing centroid; positive means later,1.0,False,False,False,False
gemma4_31b,Gemma 4 31B,moral,Moral,continuous,500,388,conversational,timing,Reconciliation,Reconciliation,-0.006079274383780781,-0.01496126899946516,0.0026616226362132004,0.903096903096903,delta R2,0.023043095881941977,-0.0034489305814752427,0.049838949145150586,high-minus-low conditional timing centroid; positive means later,1.0,False,False,False,False
gemma4_31b,Gemma 4 31B,moral,Moral,continuous,500,388,cognitive,amount,verification,Verification,0.0019130261540417305,-0.009642397206697944,0.013013751874692562,0.3966033966033966,delta R2,-0.16788863984853003,-0.3517134823715417,0.015884563749422927,standardized high-minus-low outcome rate difference,1.0,False,False,False,False
gemma4_31b,Gemma 4 31B,moral,Moral,continuous,500,388,cognitive,amount,backtracking,Backtracking,0.015260577828077182,-0.006715094188056913,0.03773990419826355,0.07492507492507493,delta R2,-0.19029964299163601,-0.3535199967288092,-0.0028176830962312136,standardized high-minus-low outcome rate difference,0.8847926267281105,False,False,False,False
gemma4_31b,Gemma 4 31B,moral,Moral,continuous,500,388,cognitive,amount,subgoal,Subgoal setting,-0.004959902263506333,-0.010199975603319155,-0.00019138221545350126,0.97002997002997,delta R2,0.023483617849667168,-0.14746052347877545,0.19377061869924378,standardized high-minus-low outcome rate difference,1.0,False,False,False,False
gemma4_31b,Gemma 4 31B,moral,Moral,continuous,500,388,cognitive,amount,backward_chaining,Backward chaining,0.000647724691226074,-7.264533843789738e-06,0.0017202044021879057,0.06593406593406594,delta R2,0.042761703943314085,-0.11039271465366084,0.2430665276777853,standardized high-minus-low outcome rate difference,0.8847926267281105,False,False,False,False
gemma4_31b,Gemma 4 31B,moral,Moral,continuous,500,388,cognitive,timing,verification,Verification,-0.0021168516672730835,-0.017522527431066547,0.012750927359464696,0.6003996003996004,delta R2,-0.08752044999732578,-0.16728446721424672,-0.010056704540015879,high-minus-low conditional timing centroid; positive means later,1.0,False,False,False,False
gemma4_31b,Gemma 4 31B,moral,Moral,continuous,500,388,cognitive,timing,backtracking,Backtracking,-0.008609304642019073,-0.015026739174413786,-0.0028499297864419963,0.998001998001998,delta R2,-0.06841404899344738,-0.1461668669933824,0.008445170809105128,high-minus-low conditional timing centroid; positive means later,1.0,False,False,False,False
gemma4_31b,Gemma 4 31B,moral,Moral,continuous,500,388,cognitive,timing,subgoal,Subgoal setting,0.00025787853682231356,-0.01154550323645209,0.01229724298121943,0.47052947052947053,delta R2,0.003255741728484307,-0.033486756312968144,0.04035754436805145,high-minus-low conditional timing centroid; positive means later,1.0,False,False,False,False
gemma4_31b,Gemma 4 31B,moral,Moral,continuous,500,388,cognitive,timing,backward_chaining,Backward chaining,0.0005405220027516735,-1.420186243537292e-05,0.0014219503809993772,0.08091908091908091,delta R2,,,,high-minus-low conditional timing centroid; positive means later,1.0,False,False,False,False
gemma4_31b,Gemma 4 31B,idea,Idea,continuous,500,8,conversational,amount,Question_and_Answering,Question–answer,-0.0009258073205855923,-0.012786993128248481,0.009937846350298969,0.5694305694305695,delta R2,0.21550632110229814,0.014609943532209211,0.41490772854788743,standardized high-minus-low outcome rate difference,1.0,False,False,False,False
gemma4_31b,Gemma 4 31B,idea,Idea,continuous,500,8,conversational,amount,Perspective_Shift,Perspective shift,-0.0004667069136731574,-0.009393192459342987,0.008900766472533034,0.5124875124875125,delta R2,-0.27907960516446934,-0.487553180179839,-0.0575719423919109,standardized high-minus-low outcome rate difference,1.0,False,False,False,False
gemma4_31b,Gemma 4 31B,idea,Idea,continuous,500,8,conversational,amount,Conflict_of_Perspectives,Perspective conflict,-0.00015588343800643033,-0.011076432075639749,0.009856701513496447,0.4975024975024975,delta R2,-0.38911199703304844,-0.6215269683171881,-0.1708555572267076,standardized high-minus-low outcome rate difference,1.0,False,False,False,False
gemma4_31b,Gemma 4 31B,idea,Idea,continuous,500,8,conversational,amount,Reconciliation,Reconciliation,-0.0004827805129492317,-0.0037630645625514308,0.0031909109495183614,0.5974025974025974,delta R2,-0.052152961723464945,-0.26788777188276186,0.16406912653515165,standardized high-minus-low outcome rate difference,1.0,False,False,False,False
gemma4_31b,Gemma 4 31B,idea,Idea,continuous,500,8,conversational,timing,Question_and_Answering,Question–answer,-0.00325383967922039,-0.011681659611236284,0.005018888596703214,0.7512487512487512,delta R2,0.017220869241453163,-0.05377853954740876,0.09993828060570806,high-minus-low conditional timing centroid; positive means later,1.0,False,False,False,False
gemma4_31b,Gemma 4 31B,idea,Idea,continuous,500,8,conversational,timing,Perspective_Shift,Perspective shift,0.008408405757468788,-0.007315629126760194,0.02410824431870602,0.13786213786213786,delta R2,-0.0015055160842792348,-0.02427269385319146,0.022141572953999395,high-minus-low conditional timing centroid; positive means later,1.0,False,False,False,False
gemma4_31b,Gemma 4 31B,idea,Idea,continuous,500,8,conversational,timing,Conflict_of_Perspectives,Perspective conflict,0.008498441788707066,-0.014468849335674237,0.03153175930548854,0.22777222777222778,delta R2,-0.005073741919078056,-0.03558079700829702,0.024665254204861414,high-minus-low conditional timing centroid; positive means later,1.0,False,False,False,False
gemma4_31b,Gemma 4 31B,idea,Idea,continuous,500,8,conversational,timing,Reconciliation,Reconciliation,-0.00013610455433624047,-0.017917283533670926,0.01824525878161982,0.5164835164835165,delta R2,-0.10203654646656779,-0.161879772661147,-0.03773170753610075,high-minus-low conditional timing centroid; positive means later,1.0,False,False,False,False
gemma4_31b,Gemma 4 31B,idea,Idea,continuous,500,8,cognitive,amount,verification,Verification,-0.006923985592951063,-0.013802030454664797,-0.0006756777006327031,0.985014985014985,delta R2,0.06169773143607511,-0.14021048512439133,0.2570501680645265,standardized high-minus-low outcome rate difference,1.0,False,False,False,False
gemma4_31b,Gemma 4 31B,idea,Idea,continuous,500,8,cognitive,amount,backtracking,Backtracking,-0.00010015422863212687,-0.0058509867605930944,0.005420318404304771,0.4905094905094905,delta R2,-0.22151599172687933,-0.451874599760657,-0.0012001823474514653,standardized high-minus-low outcome rate difference,1.0,False,False,False,False
gemma4_31b,Gemma 4 31B,idea,Idea,continuous,500,8,cognitive,amount,subgoal,Subgoal setting,-0.0032595416153879367,-0.008960388724279737,0.002467887638040842,0.8511488511488512,delta R2,-0.014334449384255897,-0.22456121380727048,0.20453891572295413,standardized high-minus-low outcome rate difference,1.0,False,False,False,False
gemma4_31b,Gemma 4 31B,idea,Idea,continuous,500,8,cognitive,amount,backward_chaining,Backward chaining,-0.0009228858310776506,-0.002039122492794417,-0.0001141851648185877,0.991008991008991,delta R2,0.07749093309319816,0.0,0.20036941271241235,standardized high-minus-low outcome rate difference,1.0,False,False,False,False
gemma4_31b,Gemma 4 31B,idea,Idea,continuous,500,8,cognitive,timing,verification,Verification,-0.0026827977680626224,-0.018658971298044842,0.014278671462227777,0.6233766233766234,delta R2,0.039608483298235964,0.0023196269291249822,0.07739869348718809,high-minus-low conditional timing centroid; positive means later,1.0,False,False,False,False
gemma4_31b,Gemma 4 31B,idea,Idea,continuous,500,8,cognitive,timing,backtracking,Backtracking,-0.004987978593330593,-0.01320980799271366,0.0033390749490048287,0.8701298701298701,delta R2,-0.007769668289610232,-0.05659028459048975,0.03740642306309982,high-minus-low conditional timing centroid; positive means later,1.0,False,False,False,False
gemma4_31b,Gemma 4 31B,idea,Idea,continuous,500,8,cognitive,timing,subgoal,Subgoal setting,-0.006127401930593205,-0.020946835472657306,0.008754118573280704,0.7742257742257742,delta R2,0.020589482907474532,-0.0510149581794919,0.08683805975688558,high-minus-low conditional timing centroid; positive means later,1.0,False,False,False,False
gemma4_31b,Gemma 4 31B,idea,Idea,continuous,500,8,cognitive,timing,backward_chaining,Backward chaining,-3.4111919416588435e-05,-0.0004812847050141465,0.0003702114293210258,0.5554445554445554,delta R2,,,,high-minus-low conditional timing centroid; positive means later,1.0,False,False,False,False
gemma4_31b,Gemma 4 31B,safety,Safety,continuous,313,4,conversational,amount,Question_and_Answering,Question–answer,-0.004585449632096114,-0.010091404328634894,-0.0008529992216206232,0.991008991008991,delta R2,,,,standardized high-minus-low outcome rate difference,1.0,False,False,False,False
gemma4_31b,Gemma 4 31B,safety,Safety,continuous,313,4,conversational,amount,Perspective_Shift,Perspective shift,0.0042647862931852925,-0.0061386921389067865,0.01761851698254017,0.25774225774225773,delta R2,,,,standardized high-minus-low outcome rate difference,1.0,False,False,False,False
gemma4_31b,Gemma 4 31B,safety,Safety,continuous,313,4,conversational,amount,Conflict_of_Perspectives,Perspective conflict,-0.01824342127458416,-0.034434344141594415,-0.0041927300650548595,0.998001998001998,delta R2,,,,standardized high-minus-low outcome rate difference,1.0,False,False,False,False
gemma4_31b,Gemma 4 31B,safety,Safety,continuous,313,4,conversational,amount,Reconciliation,Reconciliation,0.013886791846936239,-0.025949664133220647,0.059049169694010965,0.3006993006993007,delta R2,,,,standardized high-minus-low outcome rate difference,1.0,False,False,False,False
gemma4_31b,Gemma 4 31B,safety,Safety,continuous,313,4,conversational,timing,Question_and_Answering,Question–answer,-0.00999803419927946,-0.040505545598785934,0.021338687881097357,0.7402597402597403,delta R2,,,,high-minus-low conditional timing centroid; positive means later,1.0,False,False,False,False
gemma4_31b,Gemma 4 31B,safety,Safety,continuous,313,4,conversational,timing,Perspective_Shift,Perspective shift,-0.0021872463396828846,-0.009102019994181374,0.004628966048816168,0.7362637362637363,delta R2,,,,high-minus-low conditional timing centroid; positive means later,1.0,False,False,False,False
gemma4_31b,Gemma 4 31B,safety,Safety,continuous,313,4,conversational,timing,Conflict_of_Perspectives,Perspective conflict,-0.1655009766382656,-0.5476037353770467,0.1057482328420819,0.8321678321678322,delta R2,,,,high-minus-low conditional timing centroid; positive means later,1.0,False,False,False,False
gemma4_31b,Gemma 4 31B,safety,Safety,continuous,313,4,conversational,timing,Reconciliation,Reconciliation,-0.14640276982098413,-0.5498164339656921,0.20016342760558503,0.7612387612387612,delta R2,,,,high-minus-low conditional timing centroid; positive means later,1.0,False,False,False,False
gemma4_31b,Gemma 4 31B,safety,Safety,continuous,313,4,cognitive,amount,verification,Verification,-0.025307408461105053,-0.051468783001759576,-0.008574243279181715,1.0,delta R2,,,,standardized high-minus-low outcome rate difference,1.0,False,False,False,False
gemma4_31b,Gemma 4 31B,safety,Safety,continuous,313,4,cognitive,amount,backtracking,Backtracking,-0.002811319265808652,-0.008981358567851315,0.0018348934253288034,0.7902097902097902,delta R2,,,,standardized high-minus-low outcome rate difference,1.0,False,False,False,False
gemma4_31b,Gemma 4 31B,safety,Safety,continuous,313,4,cognitive,amount,subgoal,Subgoal setting,-0.02259737122361275,-0.050593034300185226,-0.0030769506780479266,0.98001998001998,delta R2,,,,standardized high-minus-low outcome rate difference,1.0,False,False,False,False
gemma4_31b,Gemma 4 31B,safety,Safety,continuous,313,4,cognitive,amount,backward_chaining,Backward chaining,-8.106912970832047e-17,-2.521920305084162e-16,4.974541255559371e-17,0.8011988011988012,delta R2,,,,standardized high-minus-low outcome rate difference,1.0,False,False,False,False
gemma4_31b,Gemma 4 31B,safety,Safety,continuous,313,4,cognitive,timing,verification,Verification,-0.02531291204021827,-0.04677645627279164,-0.007432111394043186,0.998001998001998,delta R2,,,,high-minus-low conditional timing centroid; positive means later,1.0,False,False,False,False
gemma4_31b,Gemma 4 31B,safety,Safety,continuous,313,4,cognitive,timing,backtracking,Backtracking,-0.015257461031314335,-0.11594722107201139,0.07461664421344878,0.6153846153846154,delta R2,,,,high-minus-low conditional timing centroid; positive means later,1.0,False,False,False,False
gemma4_31b,Gemma 4 31B,safety,Safety,continuous,313,4,cognitive,timing,subgoal,Subgoal setting,-0.05292628110146405,-0.1024207599639415,-0.014982018549836154,1.0,delta R2,,,,high-minus-low conditional timing centroid; positive means later,1.0,False,False,False,False
gemma4_31b,Gemma 4 31B,safety,Safety,continuous,313,4,cognitive,timing,backward_chaining,Backward chaining,-1.9617574934239706e-16,-6.600378219287004e-16,1.629565803012905e-16,0.7842157842157842,delta R2,,,,high-minus-low conditional timing centroid; positive means later,1.0,False,False,False,False
gemma4_31b,Gemma 4 31B,security,Security,binary,493,2,conversational,amount,Question_and_Answering,Question–answer,-0.004068007281677144,-0.012230084581151053,0.004091831443189482,0.8231768231768232,bits/trace,-0.3547852381277878,-0.6611717517701317,-0.12343395474969902,standardized high-minus-low outcome rate difference,1.0,False,False,False,False
gemma4_31b,Gemma 4 31B,security,Security,binary,493,2,conversational,amount,Perspective_Shift,Perspective shift,-0.001850979858955204,-0.0049806918021571,0.0012813280177241468,0.8741258741258742,bits/trace,-0.10645773336439084,-0.3213682666375336,0.09036215006967016,standardized high-minus-low outcome rate difference,1.0,False,False,False,False
gemma4_31b,Gemma 4 31B,security,Security,binary,493,2,conversational,amount,Conflict_of_Perspectives,Perspective conflict,-0.001081994500604341,-0.004948438514401705,0.0023852506632854897,0.7342657342657343,bits/trace,0.010671690034919438,-0.2299929061727282,0.23953442121878862,standardized high-minus-low outcome rate difference,1.0,False,False,False,False
gemma4_31b,Gemma 4 31B,security,Security,binary,493,2,conversational,amount,Reconciliation,Reconciliation,-0.009116407319765929,-0.01734376722743023,-0.0005511771836258868,0.977022977022977,bits/trace,-0.10232437019070685,-0.3821913994443542,0.1622862170964002,standardized high-minus-low outcome rate difference,1.0,False,False,False,False
gemma4_31b,Gemma 4 31B,security,Security,binary,493,2,conversational,timing,Question_and_Answering,Question–answer,-0.002256383478206361,-0.00842956637137231,0.004299891976734159,0.7362637362637363,bits/trace,-0.02994027207984784,-0.08429010379577609,0.02582318908522488,high-minus-low conditional timing centroid; positive means later,1.0,False,False,False,False
gemma4_31b,Gemma 4 31B,security,Security,binary,493,2,conversational,timing,Perspective_Shift,Perspective shift,-0.003003721508893133,-0.009806487808804788,0.0035121187300193326,0.8211788211788211,bits/trace,0.020701324171691682,-0.004823979204458012,0.047066041430354116,high-minus-low conditional timing centroid; positive means later,1.0,False,False,False,False
gemma4_31b,Gemma 4 31B,security,Security,binary,493,2,conversational,timing,Conflict_of_Perspectives,Perspective conflict,-0.0025610611635391387,-0.012436256139433843,0.008761950657757187,0.6973026973026973,bits/trace,-0.033250922822581463,-0.0804013093181987,0.014676365817647334,high-minus-low conditional timing centroid; positive means later,1.0,False,False,False,False
gemma4_31b,Gemma 4 31B,security,Security,binary,493,2,conversational,timing,Reconciliation,Reconciliation,-0.004510946618993207,-0.010467859052139488,0.0011822110544551857,0.9300699300699301,bits/trace,0.010144002019326193,-0.0499074064512077,0.06994502206093811,high-minus-low conditional timing centroid; positive means later,1.0,False,False,False,False
gemma4_31b,Gemma 4 31B,security,Security,binary,493,2,cognitive,amount,verification,Verification,0.006295212674326315,-0.012503865974595572,0.02475077093940325,0.22777222777222778,bits/trace,0.3897499431681666,0.18466536951161447,0.6019726021276955,standardized high-minus-low outcome rate difference,1.0,False,False,False,False
gemma4_31b,Gemma 4 31B,security,Security,binary,493,2,cognitive,amount,backtracking,Backtracking,0.0031896897864992766,-0.005397622976366152,0.011715819426171155,0.24275724275724275,bits/trace,-0.27437048124234276,-0.5077264175358437,-0.06046643446926533,standardized high-minus-low outcome rate difference,1.0,False,False,False,False
gemma4_31b,Gemma 4 31B,security,Security,binary,493,2,cognitive,amount,subgoal,Subgoal setting,-0.0015068302137984846,-0.009932244418273091,0.005858376450910612,0.6563436563436563,bits/trace,-0.17717898903156915,-0.3924353186005898,0.03804554752987959,standardized high-minus-low outcome rate difference,1.0,False,False,False,False
gemma4_31b,Gemma 4 31B,security,Security,binary,493,2,cognitive,amount,backward_chaining,Backward chaining,-0.0009452456223692314,-0.002782760466099459,0.0009238221959060986,0.8461538461538461,bits/trace,-0.09209934302705026,-0.32695363508368575,0.12815390285250614,standardized high-minus-low outcome rate difference,1.0,False,False,False,False
gemma4_31b,Gemma 4 31B,security,Security,binary,493,2,cognitive,timing,verification,Verification,-0.0035760875821660115,-0.008639265957249674,0.001750449899099357,0.9050949050949051,bits/trace,0.03550620590424147,-0.012539794914403768,0.08170172878380962,high-minus-low conditional timing centroid; positive means later,1.0,False,False,False,False
gemma4_31b,Gemma 4 31B,security,Security,binary,493,2,cognitive,timing,backtracking,Backtracking,-0.01477348183870807,-0.032552348311902846,0.0011072457369122554,0.9410589410589411,bits/trace,-0.06186849025831753,-0.12293847249692649,0.0013411074607937667,high-minus-low conditional timing centroid; positive means later,1.0,False,False,False,False
gemma4_31b,Gemma 4 31B,security,Security,binary,493,2,cognitive,timing,subgoal,Subgoal setting,-0.006549870137465621,-0.01249147380699888,-0.00032204557789275803,0.98001998001998,bits/trace,-0.06501729732337985,-0.1427275780433083,0.010183087523656898,high-minus-low conditional timing centroid; positive means later,1.0,False,False,False,False
gemma4_31b,Gemma 4 31B,security,Security,binary,493,2,cognitive,timing,backward_chaining,Backward chaining,-0.003129624100759932,-0.016676322114899313,0.009241132952794969,0.6813186813186813,bits/trace,-0.06141745877019078,-0.16323738026913698,0.04940944352874969,high-minus-low conditional timing centroid; positive means later,1.0,False,False,False,False
qwen35_4b,Qwen3.5 4B,math,Math,binary,408,2,conversational,amount,Question_and_Answering,Question–answer,-0.002982102693874936,-0.007321680901681188,0.0007980871962199428,0.9010989010989011,bits/trace,0.02556702304439705,-0.16295784379209408,0.22998719540216933,standardized high-minus-low outcome rate difference,1.0,False,False,False,False
qwen35_4b,Qwen3.5 4B,math,Math,binary,408,2,conversational,amount,Perspective_Shift,Perspective shift,0.011612364174737435,-0.00975339657880099,0.0313159477422324,0.13586413586413587,bits/trace,-0.3494301132767433,-0.5273906732697747,-0.15472948071742587,standardized high-minus-low outcome rate difference,0.9377289377289377,False,False,False,False
qwen35_4b,Qwen3.5 4B,math,Math,binary,408,2,conversational,amount,Conflict_of_Perspectives,Perspective conflict,-0.007791338193842552,-0.019544295086978997,0.003640054828552753,0.8851148851148851,bits/trace,0.283668845055635,0.09904286116166279,0.48396923927293156,standardized high-minus-low outcome rate difference,1.0,False,False,False,False
qwen35_4b,Qwen3.5 4B,math,Math,binary,408,2,conversational,amount,Reconciliation,Reconciliation,-0.0010752728583121383,-0.011925572964133168,0.010670686854432888,0.5764235764235764,bits/trace,0.03237384424816386,-0.16032399704945005,0.2144514962355867,standardized high-minus-low outcome rate difference,1.0,False,False,False,False
qwen35_4b,Qwen3.5 4B,math,Math,binary,408,2,conversational,timing,Question_and_Answering,Question–answer,0.005680788921926053,-0.009034831972824075,0.02013844103736611,0.21578421578421578,bits/trace,-0.0004668670827843169,-0.03197193846766505,0.031431955412642223,high-minus-low conditional timing centroid; positive means later,1.0,False,False,False,False
qwen35_4b,Qwen3.5 4B,math,Math,binary,408,2,conversational,timing,Perspective_Shift,Perspective shift,-0.001094882149176718,-0.012921208163351683,0.010193808852593576,0.5654345654345654,bits/trace,0.013732989846702293,-0.004073354849839415,0.03158231874187358,high-minus-low conditional timing centroid; positive means later,1.0,False,False,False,False
qwen35_4b,Qwen3.5 4B,math,Math,binary,408,2,conversational,timing,Conflict_of_Perspectives,Perspective conflict,-0.0019042038000451143,-0.007858638925058838,0.004123338589389048,0.7232767232767233,bits/trace,-0.034339026317700805,-0.07234316553860991,0.004714751968779815,high-minus-low conditional timing centroid; positive means later,1.0,False,False,False,False
qwen35_4b,Qwen3.5 4B,math,Math,binary,408,2,conversational,timing,Reconciliation,Reconciliation,-0.0018059977812158695,-0.012975926146465963,0.008750777411258386,0.6523476523476524,bits/trace,-0.006006253637532044,-0.03519854201767482,0.02194234794244317,high-minus-low conditional timing centroid; positive means later,1.0,False,False,False,False
qwen35_4b,Qwen3.5 4B,math,Math,binary,408,2,cognitive,amount,verification,Verification,-0.0004714648364927871,-0.0019165333694312944,0.000849737036867982,0.7542457542457542,bits/trace,0.03440010943886114,-0.16881611995183665,0.221693802142039,standardized high-minus-low outcome rate difference,1.0,False,False,False,False
qwen35_4b,Qwen3.5 4B,math,Math,binary,408,2,cognitive,amount,backtracking,Backtracking,-0.0007550197550647594,-0.0037615299927828234,0.0021349776276853704,0.6793206793206793,bits/trace,0.24306621623692,0.04125572580704486,0.43938282481818003,standardized high-minus-low outcome rate difference,1.0,False,False,False,False
qwen35_4b,Qwen3.5 4B,math,Math,binary,408,2,cognitive,amount,subgoal,Subgoal setting,0.006005969595673614,-0.009017086714118562,0.020708734350284058,0.2007992007992008,bits/trace,-0.4025498576929055,-0.5822637627773409,-0.21025717118086248,standardized high-minus-low outcome rate difference,1.0,False,False,False,False
qwen35_4b,Qwen3.5 4B,math,Math,binary,408,2,cognitive,amount,backward_chaining,Backward chaining,-0.01531434151504954,-0.03446944801257156,-0.0016798663553190141,0.983016983016983,bits/trace,-0.0221642503799513,-0.2244244519025444,0.17422634144995017,standardized high-minus-low outcome rate difference,1.0,False,False,False,False
qwen35_4b,Qwen3.5 4B,math,Math,binary,408,2,cognitive,timing,verification,Verification,-0.008530157360317776,-0.02005822975755765,0.0015755253512509343,0.951048951048951,bits/trace,-0.0032493191573530478,-0.02109162475691048,0.013588532512029957,high-minus-low conditional timing centroid; positive means later,1.0,False,False,False,False
qwen35_4b,Qwen3.5 4B,math,Math,binary,408,2,cognitive,timing,backtracking,Backtracking,-0.006356802064560705,-0.015574971269409068,0.0028752906635784625,0.9120879120879121,bits/trace,-0.002402312963484088,-0.057920175336364524,0.052102326350326335,high-minus-low conditional timing centroid; positive means later,1.0,False,False,False,False
qwen35_4b,Qwen3.5 4B,math,Math,binary,408,2,cognitive,timing,subgoal,Subgoal setting,-0.0067611436950626175,-0.014517732252984262,0.0010091497012184735,0.9460539460539461,bits/trace,0.005441106332664147,-0.018962131044421432,0.02778900870295038,high-minus-low conditional timing centroid; positive means later,1.0,False,False,False,False
qwen35_4b,Qwen3.5 4B,math,Math,binary,408,2,cognitive,timing,backward_chaining,Backward chaining,-0.00657868285618708,-0.012570401280902218,-0.0011809674151274966,0.985014985014985,bits/trace,-0.023079385426792665,-0.1518094717764306,0.11560703779974284,high-minus-low conditional timing centroid; positive means later,1.0,False,False,False,False
qwen35_4b,Qwen3.5 4B,code,Code,binary,92,2,conversational,amount,Question_and_Answering,Question–answer,-0.0073367145332053725,-0.05279178165081057,0.03083311955964272,0.6063936063936064,bits/trace,0.30095592727649556,-0.06104122364643906,0.6629131152780904,standardized high-minus-low outcome rate difference,1.0,False,False,False,False
qwen35_4b,Qwen3.5 4B,code,Code,binary,92,2,conversational,amount,Perspective_Shift,Perspective shift,-0.01567213582121441,-0.028439048289154514,-0.00570303509544497,0.999000999000999,bits/trace,0.09380189964570008,-0.26508694061356064,0.4518600663802791,standardized high-minus-low outcome rate difference,1.0,False,False,False,False
qwen35_4b,Qwen3.5 4B,code,Code,binary,92,2,conversational,amount,Conflict_of_Perspectives,Perspective conflict,0.007787241605036778,-0.0633309069634618,0.07781325641777843,0.44655344655344653,bits/trace,-0.6528554873847267,-1.1257110881270602,-0.18589638392516641,standardized high-minus-low outcome rate difference,1.0,False,False,False,False
qwen35_4b,Qwen3.5 4B,code,Code,binary,92,2,conversational,amount,Reconciliation,Reconciliation,-0.000665962402235103,-0.052689124568410184,0.05392098833256881,0.5094905094905094,bits/trace,-0.13271948140217057,-0.6138617014723375,0.3757647594185158,standardized high-minus-low outcome rate difference,1.0,False,False,False,False
qwen35_4b,Qwen3.5 4B,code,Code,binary,92,2,conversational,timing,Question_and_Answering,Question–answer,-0.031512890096010084,-0.10581737129046419,0.028781362558756723,0.8081918081918081,bits/trace,0.15660788594910297,0.07963742484262844,0.22986039909890882,high-minus-low conditional timing centroid; positive means later,1.0,False,False,False,False
qwen35_4b,Qwen3.5 4B,code,Code,binary,92,2,conversational,timing,Perspective_Shift,Perspective shift,0.020441049663962704,-0.06138997432281207,0.09403780668339018,0.3076923076923077,bits/trace,0.054413117883674866,0.006838782590532039,0.11434138505338784,high-minus-low conditional timing centroid; positive means later,1.0,False,False,False,False
qwen35_4b,Qwen3.5 4B,code,Code,binary,92,2,conversational,timing,Conflict_of_Perspectives,Perspective conflict,-0.027571370637560603,-0.07830097389299798,0.021097381623580876,0.8591408591408591,bits/trace,0.05908361976930376,-0.036959092585831285,0.1574674421748014,high-minus-low conditional timing centroid; positive means later,1.0,False,False,False,False
qwen35_4b,Qwen3.5 4B,code,Code,binary,92,2,conversational,timing,Reconciliation,Reconciliation,-0.05708052131304928,-0.1587304666416477,0.021077072600845216,0.8701298701298701,bits/trace,0.04943030418770289,-0.02307022180157177,0.10945017692660576,high-minus-low conditional timing centroid; positive means later,1.0,False,False,False,False
qwen35_4b,Qwen3.5 4B,code,Code,binary,92,2,cognitive,amount,verification,Verification,-0.004040669088458094,-0.028155375535773734,0.019723414039574685,0.6343656343656343,bits/trace,0.5876961997955885,0.16466303982984096,1.0125741471043945,standardized high-minus-low outcome rate difference,1.0,False,False,False,False
qwen35_4b,Qwen3.5 4B,code,Code,binary,92,2,cognitive,amount,backtracking,Backtracking,-0.0073248390198244005,-0.0696006901872123,0.04929645245932992,0.5784215784215784,bits/trace,-0.3595856009627249,-0.8706038908334428,0.0950957428789606,standardized high-minus-low outcome rate difference,1.0,False,False,False,False
qwen35_4b,Qwen3.5 4B,code,Code,binary,92,2,cognitive,amount,subgoal,Subgoal setting,0.022213516665637735,-0.0398719481977756,0.08563352823325783,0.2547452547452547,bits/trace,-0.6543970792775152,-1.3141171334128503,-0.10494503985743761,standardized high-minus-low outcome rate difference,1.0,False,False,False,False
qwen35_4b,Qwen3.5 4B,code,Code,binary,92,2,cognitive,amount,backward_chaining,Backward chaining,-0.00353700779785176,-0.018463634616561666,0.015090497113938119,0.6363636363636364,bits/trace,-0.31077243580013425,-1.0571766589499358,0.23800135023167834,standardized high-minus-low outcome rate difference,1.0,False,False,False,False
qwen35_4b,Qwen3.5 4B,code,Code,binary,92,2,cognitive,timing,verification,Verification,-0.03074812248656904,-0.07597508579838386,0.0014264747228750411,0.9460539460539461,bits/trace,-0.03776260684028865,-0.12813611728415603,0.04053807808674548,high-minus-low conditional timing centroid; positive means later,1.0,False,False,False,False
qwen35_4b,Qwen3.5 4B,code,Code,binary,92,2,cognitive,timing,backtracking,Backtracking,-0.04187380122211686,-0.08473968106545654,-0.010154100188938687,0.986013986013986,bits/trace,0.03549349418664094,-0.07653437070288635,0.14956168453619612,high-minus-low conditional timing centroid; positive means later,1.0,False,False,False,False
qwen35_4b,Qwen3.5 4B,code,Code,binary,92,2,cognitive,timing,subgoal,Subgoal setting,0.024341902510430714,-0.03450630870418846,0.07975359338271869,0.23376623376623376,bits/trace,-0.20374749774745657,-0.29570477149002605,-0.11048118301898925,high-minus-low conditional timing centroid; positive means later,1.0,False,False,False,False
qwen35_4b,Qwen3.5 4B,code,Code,binary,92,2,cognitive,timing,backward_chaining,Backward chaining,-3.2891396567794175e-05,-0.10103661136244069,0.0944636633923577,0.5184815184815185,bits/trace,,,,high-minus-low conditional timing centroid; positive means later,1.0,False,False,False,False
qwen35_4b,Qwen3.5 4B,gpqa,GPQA,binary,316,2,conversational,amount,Question_and_Answering,Question–answer,-0.0008296413351696129,-0.009785486456794177,0.006995384267373058,0.5514485514485514,bits/trace,-0.00702771631051214,-0.24220028048270448,0.22624351038788346,standardized high-minus-low outcome rate difference,1.0,False,False,False,False
qwen35_4b,Qwen3.5 4B,gpqa,GPQA,binary,316,2,conversational,amount,Perspective_Shift,Perspective shift,0.0008476758729613276,-0.01023703357342528,0.011422884163528383,0.4485514485514486,bits/trace,-0.20647532931156154,-0.46772698851054806,0.03142053442711684,standardized high-minus-low outcome rate difference,1.0,False,False,False,False
qwen35_4b,Qwen3.5 4B,gpqa,GPQA,binary,316,2,conversational,amount,Conflict_of_Perspectives,Perspective conflict,-0.0075028998568443675,-0.013143076747949123,-0.0015655439311956143,0.995004995004995,bits/trace,-0.22749776567180452,-0.48679026948391174,0.03253201877601194,standardized high-minus-low outcome rate difference,1.0,False,False,False,False
qwen35_4b,Qwen3.5 4B,gpqa,GPQA,binary,316,2,conversational,amount,Reconciliation,Reconciliation,-0.009757656935664074,-0.02786047902477943,0.008174317443485775,0.8731268731268731,bits/trace,0.26759011547880446,0.03843330177074628,0.5186209430127432,standardized high-minus-low outcome rate difference,1.0,False,False,False,False
qwen35_4b,Qwen3.5 4B,gpqa,GPQA,binary,316,2,conversational,timing,Question_and_Answering,Question–answer,-0.013358471912509391,-0.023345426051991205,-0.004101307921749674,0.999000999000999,bits/trace,0.01712455144845282,-0.0026231487969223025,0.035715165460022825,high-minus-low conditional timing centroid; positive means later,1.0,False,False,False,False
qwen35_4b,Qwen3.5 4B,gpqa,GPQA,binary,316,2,conversational,timing,Perspective_Shift,Perspective shift,-0.025656965777806684,-0.05121727481279824,-0.005690051802002309,0.9920079920079921,bits/trace,0.0022473809781758947,-0.009854676662722302,0.015190961044982028,high-minus-low conditional timing centroid; positive means later,1.0,False,False,False,False
qwen35_4b,Qwen3.5 4B,gpqa,GPQA,binary,316,2,conversational,timing,Conflict_of_Perspectives,Perspective conflict,-0.005531856577336079,-0.013984153218191978,0.0028420322236026338,0.8881118881118881,bits/trace,-0.0021101493828724616,-0.020897973591562154,0.01748678826800706,high-minus-low conditional timing centroid; positive means later,1.0,False,False,False,False
qwen35_4b,Qwen3.5 4B,gpqa,GPQA,binary,316,2,conversational,timing,Reconciliation,Reconciliation,-0.013201957926436667,-0.023751867752937587,-0.0028539585994461322,0.994005994005994,bits/trace,-0.001222018674928771,-0.020986845345703123,0.01776935686063751,high-minus-low conditional timing centroid; positive means later,1.0,False,False,False,False
qwen35_4b,Qwen3.5 4B,gpqa,GPQA,binary,316,2,cognitive,amount,verification,Verification,0.011864763681466692,-0.012090162495837352,0.0341944718032152,0.15184815184815184,bits/trace,0.41344126275037296,0.12492402861159387,0.6982488879630185,standardized high-minus-low outcome rate difference,0.9893834978580741,False,False,False,False
qwen35_4b,Qwen3.5 4B,gpqa,GPQA,binary,316,2,cognitive,amount,backtracking,Backtracking,-0.002827185078547008,-0.010349564875711531,0.0038513977139843425,0.7562437562437563,bits/trace,-0.08828320566057393,-0.38015228218143954,0.18541978524109237,standardized high-minus-low outcome rate difference,1.0,False,False,False,False
qwen35_4b,Qwen3.5 4B,gpqa,GPQA,binary,316,2,cognitive,amount,subgoal,Subgoal setting,-0.007772711653775364,-0.01657129210565124,0.0007727174094897149,0.952047952047952,bits/trace,0.1346021473096509,-0.08023419362374892,0.35269840652473466,standardized high-minus-low outcome rate difference,1.0,False,False,False,False
qwen35_4b,Qwen3.5 4B,gpqa,GPQA,binary,316,2,cognitive,amount,backward_chaining,Backward chaining,-0.0013350209339221624,-0.003207445295403283,0.0005902130291856633,0.9140859140859141,bits/trace,-0.005980833601586587,-0.25722968214800024,0.23093172897845216,standardized high-minus-low outcome rate difference,1.0,False,False,False,False
qwen35_4b,Qwen3.5 4B,gpqa,GPQA,binary,316,2,cognitive,timing,verification,Verification,-0.003072621187159684,-0.01169049079244874,0.005077358116577511,0.7612387612387612,bits/trace,-0.004511850245685123,-0.022749724876717944,0.012422776485066272,high-minus-low conditional timing centroid; positive means later,1.0,False,False,False,False
qwen35_4b,Qwen3.5 4B,gpqa,GPQA,binary,316,2,cognitive,timing,backtracking,Backtracking,-0.012443563115086162,-0.021500181701094998,-0.0032876130890828158,0.996003996003996,bits/trace,-0.004743153239223696,-0.04681848344135854,0.03411327187674039,high-minus-low conditional timing centroid; positive means later,1.0,False,False,False,False
qwen35_4b,Qwen3.5 4B,gpqa,GPQA,binary,316,2,cognitive,timing,subgoal,Subgoal setting,-0.003648277991617157,-0.019518993613451063,0.013951982559261517,0.6683316683316683,bits/trace,-0.01749671706015793,-0.05261056478857255,0.015151797237338588,high-minus-low conditional timing centroid; positive means later,1.0,False,False,False,False
qwen35_4b,Qwen3.5 4B,gpqa,GPQA,binary,316,2,cognitive,timing,backward_chaining,Backward chaining,-0.005226221313052543,-0.01337383162111113,0.003130614458821177,0.9020979020979021,bits/trace,-0.031424329085570024,-0.1338439241086925,0.07376242065182304,high-minus-low conditional timing centroid; positive means later,1.0,False,False,False,False
qwen35_4b,Qwen3.5 4B,planning,Planning,binary,429,2,conversational,amount,Question_and_Answering,Question–answer,-0.0005458862608496719,-0.005291589591390012,0.0037072127825788777,0.6073926073926074,bits/trace,0.1859929555611637,-0.0359905159219966,0.41691169782212517,standardized high-minus-low outcome rate difference,1.0,False,False,False,False
qwen35_4b,Qwen3.5 4B,planning,Planning,binary,429,2,conversational,amount,Perspective_Shift,Perspective shift,0.017818817972988888,-0.006046355954041742,0.04298006752254956,0.10989010989010989,bits/trace,-0.14339509742936507,-0.40209049796712876,0.16364525234649846,standardized high-minus-low outcome rate difference,0.8903436988543372,False,False,False,False
qwen35_4b,Qwen3.5 4B,planning,Planning,binary,429,2,conversational,amount,Conflict_of_Perspectives,Perspective conflict,-0.007282426279952698,-0.01291786447925394,-0.0018010477447379866,0.998001998001998,bits/trace,-0.13468308590749975,-0.349898679550699,0.0955676664924944,standardized high-minus-low outcome rate difference,1.0,False,False,False,False
qwen35_4b,Qwen3.5 4B,planning,Planning,binary,429,2,conversational,amount,Reconciliation,Reconciliation,0.0032168149775315675,-0.005529033065329765,0.01091833002268428,0.23176823176823177,bits/trace,0.16764630073016218,-0.08444491035404657,0.4114193040960393,standardized high-minus-low outcome rate difference,1.0,False,False,False,False
qwen35_4b,Qwen3.5 4B,planning,Planning,binary,429,2,conversational,timing,Question_and_Answering,Question–answer,0.00019900161185008858,-0.011904934953359607,0.012504547554497685,0.46853146853146854,bits/trace,0.05364938099355426,0.023986122165308824,0.08392810688432827,high-minus-low conditional timing centroid; positive means later,1.0,False,False,False,False
qwen35_4b,Qwen3.5 4B,planning,Planning,binary,429,2,conversational,timing,Perspective_Shift,Perspective shift,-0.010795356586257233,-0.038450484568713916,0.012516679878187746,0.8191808191808192,bits/trace,-0.047579446862619945,-0.06746640566186117,-0.030555035335987954,high-minus-low conditional timing centroid; positive means later,1.0,False,False,False,False
qwen35_4b,Qwen3.5 4B,planning,Planning,binary,429,2,conversational,timing,Conflict_of_Perspectives,Perspective conflict,0.0013869403303789067,-0.01829098273808317,0.01949582681280213,0.4355644355644356,bits/trace,-0.08104010645582516,-0.10768068575786519,-0.05381284896494791,high-minus-low conditional timing centroid; positive means later,1.0,False,False,False,False
qwen35_4b,Qwen3.5 4B,planning,Planning,binary,429,2,conversational,timing,Reconciliation,Reconciliation,-0.003076045127125636,-0.00895376728921449,0.0024286645732577465,0.8501498501498501,bits/trace,-0.018290418024187294,-0.04293182131715581,0.0077346463970120625,high-minus-low conditional timing centroid; positive means later,1.0,False,False,False,False
qwen35_4b,Qwen3.5 4B,planning,Planning,binary,429,2,cognitive,amount,verification,Verification,0.021588429476919684,-0.002134862599460049,0.046906097860804026,0.053946053946053944,bits/trace,0.29038675611234815,0.005892678563118184,0.5530643455945629,standardized high-minus-low outcome rate difference,0.8847926267281105,False,False,False,False
qwen35_4b,Qwen3.5 4B,planning,Planning,binary,429,2,cognitive,amount,backtracking,Backtracking,-0.008971640715811063,-0.016347905707629194,-0.002371830341930198,0.9920079920079921,bits/trace,0.19343286916073435,-0.043980670319170516,0.44927767165968857,standardized high-minus-low outcome rate difference,1.0,False,False,False,False
qwen35_4b,Qwen3.5 4B,planning,Planning,binary,429,2,cognitive,amount,subgoal,Subgoal setting,0.0008492640212386933,-0.01034559904487209,0.01296659682234294,0.4565434565434565,bits/trace,0.6129458529636143,0.4615805794622008,0.753767213169037,standardized high-minus-low outcome rate difference,1.0,False,False,False,False
qwen35_4b,Qwen3.5 4B,planning,Planning,binary,429,2,cognitive,amount,backward_chaining,Backward chaining,-0.002841146693506668,-0.009932145391383828,0.001573533167523774,0.6983016983016983,bits/trace,0.1474379242401618,-0.11065097293828671,0.3614135568402156,standardized high-minus-low outcome rate difference,1.0,False,False,False,False
qwen35_4b,Qwen3.5 4B,planning,Planning,binary,429,2,cognitive,timing,verification,Verification,-0.00693978624464917,-0.019734918223056078,0.004564177901222686,0.8891108891108891,bits/trace,0.01918292097335983,-0.0005217931403877605,0.03855724340413767,high-minus-low conditional timing centroid; positive means later,1.0,False,False,False,False
qwen35_4b,Qwen3.5 4B,planning,Planning,binary,429,2,cognitive,timing,backtracking,Backtracking,-0.004207999770442309,-0.007232114891308796,-0.0010210992335784208,0.999000999000999,bits/trace,-0.06326556739034728,-0.12949149098992827,0.004950619079353748,high-minus-low conditional timing centroid; positive means later,1.0,False,False,False,False
qwen35_4b,Qwen3.5 4B,planning,Planning,binary,429,2,cognitive,timing,subgoal,Subgoal setting,0.005457209232124407,-0.008672740751023542,0.020360559963491984,0.25074925074925075,bits/trace,0.10958845023782782,0.05011187891446353,0.16684983890297422,high-minus-low conditional timing centroid; positive means later,1.0,False,False,False,False
qwen35_4b,Qwen3.5 4B,planning,Planning,binary,429,2,cognitive,timing,backward_chaining,Backward chaining,-0.001731417324255658,-0.006969082387741989,0.0032029371211816727,0.7352647352647352,bits/trace,0.07549622638380493,-0.05082989701226585,0.18635166565819572,high-minus-low conditional timing centroid; positive means later,1.0,False,False,False,False
qwen35_4b,Qwen3.5 4B,moral,Moral,continuous,420,308,conversational,amount,Question_and_Answering,Question–answer,-0.0069174740991303435,-0.01634805637431477,0.00020442736034443588,0.954045954045954,delta R2,0.02773455610071487,-0.16565090457295772,0.22612473525301413,standardized high-minus-low outcome rate difference,1.0,False,False,False,False
qwen35_4b,Qwen3.5 4B,moral,Moral,continuous,420,308,conversational,amount,Perspective_Shift,Perspective shift,-0.007970807422074625,-0.018353883592916564,0.002441048571708772,0.9180819180819181,delta R2,0.06553118386793674,-0.11324215856289754,0.2456526844036208,standardized high-minus-low outcome rate difference,1.0,False,False,False,False
qwen35_4b,Qwen3.5 4B,moral,Moral,continuous,420,308,conversational,amount,Conflict_of_Perspectives,Perspective conflict,-0.004698225341452301,-0.0140132984421707,0.00470339895672879,0.8421578421578422,delta R2,-0.04463742992429675,-0.2560273941181701,0.1667234482615573,standardized high-minus-low outcome rate difference,1.0,False,False,False,False
qwen35_4b,Qwen3.5 4B,moral,Moral,continuous,420,308,conversational,amount,Reconciliation,Reconciliation,-0.00018708694725021643,-0.02047776082972365,0.019391899634402635,0.5074925074925075,delta R2,-0.14380039496026925,-0.34491565923802464,0.039434573458247406,standardized high-minus-low outcome rate difference,1.0,False,False,False,False
qwen35_4b,Qwen3.5 4B,moral,Moral,continuous,420,308,conversational,timing,Question_and_Answering,Question–answer,-0.0023361655413446417,-0.015220919308646474,0.010180735904722777,0.6253746253746254,delta R2,0.009335942225950467,-0.02587846897160723,0.04363420670565364,high-minus-low conditional timing centroid; positive means later,1.0,False,False,False,False
qwen35_4b,Qwen3.5 4B,moral,Moral,continuous,420,308,conversational,timing,Perspective_Shift,Perspective shift,0.00472645566549672,-0.019929488674968108,0.029513346022410965,0.34165834165834164,delta R2,0.0023726286248100803,-0.012515057203954762,0.017479531808812163,high-minus-low conditional timing centroid; positive means later,1.0,False,False,False,False
qwen35_4b,Qwen3.5 4B,moral,Moral,continuous,420,308,conversational,timing,Conflict_of_Perspectives,Perspective conflict,0.006909902884996907,-0.01748519845090585,0.03191196862732423,0.27972027972027974,delta R2,0.0317253731716477,0.0026089776313379053,0.06239138094614356,high-minus-low conditional timing centroid; positive means later,1.0,False,False,False,False
qwen35_4b,Qwen3.5 4B,moral,Moral,continuous,420,308,conversational,timing,Reconciliation,Reconciliation,0.004147218095300586,-0.014918055374598754,0.02251388059618905,0.32367632367632365,delta R2,0.008532449039570067,-0.021578410671144726,0.03982768186400781,high-minus-low conditional timing centroid; positive means later,1.0,False,False,False,False
qwen35_4b,Qwen3.5 4B,moral,Moral,continuous,420,308,cognitive,amount,verification,Verification,0.03747017907163463,-0.0097899061994288,0.08366692595365748,0.06593406593406594,delta R2,-0.2977754586797895,-0.4771761396765515,-0.12241000515075218,standardized high-minus-low outcome rate difference,0.8847926267281105,False,False,False,False
qwen35_4b,Qwen3.5 4B,moral,Moral,continuous,420,308,cognitive,amount,backtracking,Backtracking,-0.01456271778286171,-0.034249658029932045,0.002458455216592568,0.9280719280719281,delta R2,-0.09258372606051057,-0.2723049460282086,0.08922403293587369,standardized high-minus-low outcome rate difference,1.0,False,False,False,False
qwen35_4b,Qwen3.5 4B,moral,Moral,continuous,420,308,cognitive,amount,subgoal,Subgoal setting,-0.00426479756399203,-0.012814976892879767,0.004256032360495676,0.8251748251748252,delta R2,-0.08595123573772855,-0.2831440847457626,0.11364577730267368,standardized high-minus-low outcome rate difference,1.0,False,False,False,False
qwen35_4b,Qwen3.5 4B,moral,Moral,continuous,420,308,cognitive,amount,backward_chaining,Backward chaining,0.026824142918149,0.0010888386997410016,0.06357801317156551,0.03996003996003996,delta R2,-0.1806600998263549,-0.3762233960756732,-0.017416684655012463,standardized high-minus-low outcome rate difference,0.7403123192596877,False,False,False,False
qwen35_4b,Qwen3.5 4B,moral,Moral,continuous,420,308,cognitive,timing,verification,Verification,-0.007714544007385876,-0.024960040798779004,0.008360738185468997,0.7912087912087912,delta R2,0.02503982774303326,-0.009680842201374995,0.058882997292360205,high-minus-low conditional timing centroid; positive means later,1.0,False,False,False,False
qwen35_4b,Qwen3.5 4B,moral,Moral,continuous,420,308,cognitive,timing,backtracking,Backtracking,0.008521028467846217,-0.01161251682991283,0.03021693011122767,0.19480519480519481,delta R2,0.03437763657326909,-0.0088959753570666,0.07897772433197651,high-minus-low conditional timing centroid; positive means later,1.0,False,False,False,False
qwen35_4b,Qwen3.5 4B,moral,Moral,continuous,420,308,cognitive,timing,subgoal,Subgoal setting,0.0018796190999592114,-0.010181665761815995,0.01312398319629118,0.37462537462537465,delta R2,-0.0035441212993750915,-0.024350621504117185,0.01696658111799245,high-minus-low conditional timing centroid; positive means later,1.0,False,False,False,False
qwen35_4b,Qwen3.5 4B,moral,Moral,continuous,420,308,cognitive,timing,backward_chaining,Backward chaining,-0.0022383101908735365,-0.0041603464051903636,-0.0004579673282629276,0.991008991008991,delta R2,,,,high-minus-low conditional timing centroid; positive means later,1.0,False,False,False,False
qwen35_4b,Qwen3.5 4B,idea,Idea,continuous,161,6,conversational,amount,Question_and_Answering,Question–answer,-0.008576823132239966,-0.01822387220392971,0.00043435043237284083,0.964035964035964,delta R2,0.07256819258656146,-0.4778912624004078,0.5898861763047105,standardized high-minus-low outcome rate difference,1.0,False,False,False,False
qwen35_4b,Qwen3.5 4B,idea,Idea,continuous,161,6,conversational,amount,Perspective_Shift,Perspective shift,-0.018216676694287434,-0.04083060738559161,0.0020127184036939703,0.952047952047952,delta R2,0.16846847474729346,-0.20738252271407928,0.5173583865233355,standardized high-minus-low outcome rate difference,1.0,False,False,False,False
qwen35_4b,Qwen3.5 4B,idea,Idea,continuous,161,6,conversational,amount,Conflict_of_Perspectives,Perspective conflict,-0.023747566039095537,-0.04512776346283455,-0.00626201881428691,0.999000999000999,delta R2,-0.2296195773808937,-0.6246402853848061,0.18853877464473678,standardized high-minus-low outcome rate difference,1.0,False,False,False,False
qwen35_4b,Qwen3.5 4B,idea,Idea,continuous,161,6,conversational,amount,Reconciliation,Reconciliation,0.00014384015536823223,-0.01955055156695316,0.018706895646982392,0.4975024975024975,delta R2,-0.045599221212209065,-0.4063023371907394,0.3646217353895465,standardized high-minus-low outcome rate difference,1.0,False,False,False,False
qwen35_4b,Qwen3.5 4B,idea,Idea,continuous,161,6,conversational,timing,Question_and_Answering,Question–answer,-0.014131155421300823,-0.04440509922416062,0.0157122820738679,0.7942057942057942,delta R2,0.03917172100563332,-0.03593133978071242,0.11251444588981899,high-minus-low conditional timing centroid; positive means later,1.0,False,False,False,False
qwen35_4b,Qwen3.5 4B,idea,Idea,continuous,161,6,conversational,timing,Perspective_Shift,Perspective shift,-0.021205495629572434,-0.04271475896489891,0.003052887556065465,0.954045954045954,delta R2,-0.009666476168256999,-0.02837632320828426,0.009005331305999552,high-minus-low conditional timing centroid; positive means later,1.0,False,False,False,False
qwen35_4b,Qwen3.5 4B,idea,Idea,continuous,161,6,conversational,timing,Conflict_of_Perspectives,Perspective conflict,-0.025236103876700753,-0.05138904792202144,-0.00015500113623591373,0.9600399600399601,delta R2,-0.04399057526591388,-0.07026568976640966,-0.01975811497796672,high-minus-low conditional timing centroid; positive means later,1.0,False,False,False,False
qwen35_4b,Qwen3.5 4B,idea,Idea,continuous,161,6,conversational,timing,Reconciliation,Reconciliation,-0.006891189032697006,-0.015581623259452544,0.0028689561770708,0.9040959040959041,delta R2,-0.0412698875203501,-0.09449863485533368,0.013326060471814477,high-minus-low conditional timing centroid; positive means later,1.0,False,False,False,False
qwen35_4b,Qwen3.5 4B,idea,Idea,continuous,161,6,cognitive,amount,verification,Verification,-0.018084012218808905,-0.03278569490438006,-0.0047883580222219495,0.991008991008991,delta R2,0.036910605076780206,-0.3617316096470745,0.44091248794174553,standardized high-minus-low outcome rate difference,1.0,False,False,False,False
qwen35_4b,Qwen3.5 4B,idea,Idea,continuous,161,6,cognitive,amount,backtracking,Backtracking,-0.014616461386458057,-0.029267338956951314,-0.0011295325477677746,0.972027972027972,delta R2,0.20727721597565799,-0.12449814723339704,0.5514000514398881,standardized high-minus-low outcome rate difference,1.0,False,False,False,False
qwen35_4b,Qwen3.5 4B,idea,Idea,continuous,161,6,cognitive,amount,subgoal,Subgoal setting,-0.0014467169279300516,-0.016986934338264856,0.01459464769481041,0.5594405594405595,delta R2,0.10536475540138418,-0.22469473532580161,0.4389995989318839,standardized high-minus-low outcome rate difference,1.0,False,False,False,False
qwen35_4b,Qwen3.5 4B,idea,Idea,continuous,161,6,cognitive,amount,backward_chaining,Backward chaining,0.002569686457823673,-0.026976020527757733,0.03515140835857094,0.34865134865134867,delta R2,-0.10925953913783056,-0.6880851010812801,0.25439901597509956,standardized high-minus-low outcome rate difference,1.0,False,False,False,False
qwen35_4b,Qwen3.5 4B,idea,Idea,continuous,161,6,cognitive,timing,verification,Verification,-0.01672654897663956,-0.038349788660702676,0.003885236657384437,0.9340659340659341,delta R2,0.010898781293257442,-0.031253887996437364,0.05258910049346939,high-minus-low conditional timing centroid; positive means later,1.0,False,False,False,False
qwen35_4b,Qwen3.5 4B,idea,Idea,continuous,161,6,cognitive,timing,backtracking,Backtracking,-0.017939515130997917,-0.045218846704631804,0.008732763137763564,0.8891108891108891,delta R2,-0.007723625585633664,-0.0364696294045582,0.019850524220516426,high-minus-low conditional timing centroid; positive means later,1.0,False,False,False,False
qwen35_4b,Qwen3.5 4B,idea,Idea,continuous,161,6,cognitive,timing,subgoal,Subgoal setting,-0.024248916033356955,-0.07162469086498101,0.022748824803685484,0.8421578421578422,delta R2,0.028530095506964614,-0.031883852671152596,0.08637528421744495,high-minus-low conditional timing centroid; positive means later,1.0,False,False,False,False
qwen35_4b,Qwen3.5 4B,idea,Idea,continuous,161,6,cognitive,timing,backward_chaining,Backward chaining,-0.04333806591927437,-0.10287375111753409,-0.002378376331839782,0.98001998001998,delta R2,,,,high-minus-low conditional timing centroid; positive means later,1.0,False,False,False,False
qwen35_4b,Qwen3.5 4B,security,Security,binary,182,2,conversational,amount,Question_and_Answering,Question–answer,-0.016200788064308143,-0.03850930667990915,0.0007262603888724164,0.955044955044955,bits/trace,-0.2739024704632205,-0.5625094096674104,0.007355082135553995,standardized high-minus-low outcome rate difference,1.0,False,False,False,False
qwen35_4b,Qwen3.5 4B,security,Security,binary,182,2,conversational,amount,Perspective_Shift,Perspective shift,0.023815394478914117,-0.03530561680198972,0.07861503367474643,0.21078921078921078,bits/trace,-0.31774082341228455,-0.6420836395369458,-0.008538368668165826,standardized high-minus-low outcome rate difference,1.0,False,False,False,False
qwen35_4b,Qwen3.5 4B,security,Security,binary,182,2,conversational,amount,Conflict_of_Perspectives,Perspective conflict,0.0022551378111413715,-0.002553904006236806,0.00705395062011165,0.15884115884115885,bits/trace,-0.22338853086808408,-0.48146052090687036,0.032956350084096225,standardized high-minus-low outcome rate difference,0.9893834978580741,False,False,False,False
qwen35_4b,Qwen3.5 4B,security,Security,binary,182,2,conversational,amount,Reconciliation,Reconciliation,-0.010579971520415109,-0.018512860147660074,-0.0023087732100745824,0.995004995004995,bits/trace,-0.1603096156495606,-0.4298079488412146,0.1008389803414206,standardized high-minus-low outcome rate difference,1.0,False,False,False,False
qwen35_4b,Qwen3.5 4B,security,Security,binary,182,2,conversational,timing,Question_and_Answering,Question–answer,0.017445729410999422,-0.016147201677410992,0.0504890084917257,0.15684315684315683,bits/trace,0.08724843566253793,0.04686219566575508,0.1254976237071354,high-minus-low conditional timing centroid; positive means later,1.0,False,False,False,False
qwen35_4b,Qwen3.5 4B,security,Security,binary,182,2,conversational,timing,Perspective_Shift,Perspective shift,-0.0034160293074240893,-0.02468820663811001,0.014578103911635616,0.6433566433566433,bits/trace,-0.002012443051197743,-0.02377997759832843,0.021508732162548526,high-minus-low conditional timing centroid; positive means later,1.0,False,False,False,False
qwen35_4b,Qwen3.5 4B,security,Security,binary,182,2,conversational,timing,Conflict_of_Perspectives,Perspective conflict,-0.011699510411794723,-0.030579328182717583,0.0029125010617014452,0.9100899100899101,bits/trace,-0.009633359348866555,-0.0467235049152924,0.02920907046512912,high-minus-low conditional timing centroid; positive means later,1.0,False,False,False,False
qwen35_4b,Qwen3.5 4B,security,Security,binary,182,2,conversational,timing,Reconciliation,Reconciliation,-0.006392440897492375,-0.04618570451079745,0.032144643865902114,0.6143856143856143,bits/trace,-0.025682341445620316,-0.06184855628114565,0.012763170149147598,high-minus-low conditional timing centroid; positive means later,1.0,False,False,False,False
qwen35_4b,Qwen3.5 4B,security,Security,binary,182,2,cognitive,amount,verification,Verification,0.023658077150574136,-0.04648110102633909,0.08164765372478215,0.24675324675324675,bits/trace,0.7516377134115254,0.40506780681711774,1.0596051188524478,standardized high-minus-low outcome rate difference,1.0,False,False,False,False
qwen35_4b,Qwen3.5 4B,security,Security,binary,182,2,cognitive,amount,backtracking,Backtracking,-0.011702527133777134,-0.021785384915097464,-0.002135688904994906,0.986013986013986,bits/trace,-0.3192749013676749,-0.581816200389796,-0.07540070433393097,standardized high-minus-low outcome rate difference,1.0,False,False,False,False
qwen35_4b,Qwen3.5 4B,security,Security,binary,182,2,cognitive,amount,subgoal,Subgoal setting,-0.004598879157416583,-0.014288739918355768,0.004065881025363842,0.8431568431568431,bits/trace,0.5678439525673467,0.36258076413513396,0.774953217581165,standardized high-minus-low outcome rate difference,1.0,False,False,False,False
qwen35_4b,Qwen3.5 4B,security,Security,binary,182,2,cognitive,amount,backward_chaining,Backward chaining,0.011286944395834149,-0.014928054734683182,0.033966578405790676,0.17782217782217782,bits/trace,0.1389744366047533,-0.07115951777831368,0.35069343590655716,standardized high-minus-low outcome rate difference,1.0,False,False,False,False
qwen35_4b,Qwen3.5 4B,security,Security,binary,182,2,cognitive,timing,verification,Verification,0.0019310776839025312,-0.020894622245276145,0.023508594133669267,0.43756243756243757,bits/trace,0.0027751824095817446,-0.03612650224077743,0.04333039872426819,high-minus-low conditional timing centroid; positive means later,1.0,False,False,False,False
qwen35_4b,Qwen3.5 4B,security,Security,binary,182,2,cognitive,timing,backtracking,Backtracking,-0.009884270478172268,-0.037996490875175475,0.020086321703808512,0.7462537462537463,bits/trace,0.008780785374677191,-0.06328621682686315,0.07980389937934759,high-minus-low conditional timing centroid; positive means later,1.0,False,False,False,False
qwen35_4b,Qwen3.5 4B,security,Security,binary,182,2,cognitive,timing,subgoal,Subgoal setting,-0.04032428992114285,-0.06259573409333925,-0.02137365381593154,1.0,bits/trace,0.04042286425718977,-0.016190502396950766,0.09326943518508322,high-minus-low conditional timing centroid; positive means later,1.0,False,False,False,False
qwen35_4b,Qwen3.5 4B,security,Security,binary,182,2,cognitive,timing,backward_chaining,Backward chaining,-0.00956827159443245,-0.04874126638928671,0.017833414071241876,0.6013986013986014,bits/trace,0.10076798914771118,-0.19021630246443227,0.33638997825439104,high-minus-low conditional timing centroid; positive means later,1.0,False,False,False,False
qwen35_9b,Qwen3.5 9B,math,Math,binary,438,2,conversational,amount,Question_and_Answering,Question–answer,-0.0017076430397211355,-0.004121219142267213,0.0010073991649578859,0.8881118881118881,bits/trace,-0.003392521398926535,-0.18292672558281056,0.18481841033919424,standardized high-minus-low outcome rate difference,1.0,False,False,False,False
qwen35_9b,Qwen3.5 9B,math,Math,binary,438,2,conversational,amount,Perspective_Shift,Perspective shift,0.00020639275714407493,-0.011565720598663697,0.011945542878981903,0.4985014985014985,bits/trace,-0.04173703095240041,-0.23352998715153628,0.13659481225007994,standardized high-minus-low outcome rate difference,1.0,False,False,False,False
qwen35_9b,Qwen3.5 9B,math,Math,binary,438,2,conversational,amount,Conflict_of_Perspectives,Perspective conflict,-0.0022588727423567246,-0.007917927192750945,0.0034029120482512686,0.7842157842157842,bits/trace,0.22062748771293952,0.021250400115618354,0.412454474069443,standardized high-minus-low outcome rate difference,1.0,False,False,False,False
qwen35_9b,Qwen3.5 9B,math,Math,binary,438,2,conversational,amount,Reconciliation,Reconciliation,-0.0058738252148556646,-0.010139063508967072,-0.002231828945523665,0.997002997002997,bits/trace,0.14177295672079562,-0.03687434076158204,0.33452077163464894,standardized high-minus-low outcome rate difference,1.0,False,False,False,False
qwen35_9b,Qwen3.5 9B,math,Math,binary,438,2,conversational,timing,Question_and_Answering,Question–answer,-0.0001412185016379467,-0.0047502804253359695,0.004301478192926085,0.5274725274725275,bits/trace,0.0018919222185177498,-0.029390423144963727,0.03395429431270338,high-minus-low conditional timing centroid; positive means later,1.0,False,False,False,False
qwen35_9b,Qwen3.5 9B,math,Math,binary,438,2,conversational,timing,Perspective_Shift,Perspective shift,0.001871899400821196,-0.010172964889775071,0.013293942882714049,0.3926073926073926,bits/trace,0.004648997116537712,-0.014091557934530914,0.021735851922239143,high-minus-low conditional timing centroid; positive means later,1.0,False,False,False,False
qwen35_9b,Qwen3.5 9B,math,Math,binary,438,2,conversational,timing,Conflict_of_Perspectives,Perspective conflict,-0.0002937863365150143,-0.01060481694934924,0.010259648643456796,0.5254745254745254,bits/trace,0.00043846917008505404,-0.04181664724603661,0.04310236010051901,high-minus-low conditional timing centroid; positive means later,1.0,False,False,False,False
qwen35_9b,Qwen3.5 9B,math,Math,binary,438,2,conversational,timing,Reconciliation,Reconciliation,-0.007380401182569598,-0.012939453793863485,-0.002106753593208678,0.998001998001998,bits/trace,-0.015017442347334486,-0.04397541065416877,0.015443204917904397,high-minus-low conditional timing centroid; positive means later,1.0,False,False,False,False
qwen35_9b,Qwen3.5 9B,math,Math,binary,438,2,cognitive,amount,verification,Verification,0.0007326988289696972,-0.010371831414409782,0.012036679042263645,0.45054945054945056,bits/trace,-0.13381176299505168,-0.3260244632713997,0.041805166249234936,standardized high-minus-low outcome rate difference,1.0,False,False,False,False
qwen35_9b,Qwen3.5 9B,math,Math,binary,438,2,cognitive,amount,backtracking,Backtracking,0.001804564027764755,-0.004963898571567686,0.008772917663277513,0.29270729270729273,bits/trace,0.1362274087541925,-0.04916193482998647,0.3220088055189454,standardized high-minus-low outcome rate difference,1.0,False,False,False,False
qwen35_9b,Qwen3.5 9B,math,Math,binary,438,2,cognitive,amount,subgoal,Subgoal setting,0.004448081090028076,-0.009152806461689793,0.016689606463758135,0.22877122877122877,bits/trace,-0.4214201804618656,-0.6016169915826022,-0.242455918618564,standardized high-minus-low outcome rate difference,1.0,False,False,False,False
qwen35_9b,Qwen3.5 9B,math,Math,binary,438,2,cognitive,amount,backward_chaining,Backward chaining,0.00615800957821817,-0.004501804641445157,0.018094124333704904,0.15584415584415584,bits/trace,-0.15949819608540997,-0.36452257416875494,0.02774238390164946,standardized high-minus-low outcome rate difference,0.9893834978580741,False,False,False,False
qwen35_9b,Qwen3.5 9B,math,Math,binary,438,2,cognitive,timing,verification,Verification,-0.010516343948859114,-0.02872683511159932,0.006557005531899766,0.8751248751248751,bits/trace,-0.002032638449897428,-0.020003688473324486,0.01866736257117205,high-minus-low conditional timing centroid; positive means later,1.0,False,False,False,False
qwen35_9b,Qwen3.5 9B,math,Math,binary,438,2,cognitive,timing,backtracking,Backtracking,-0.006122511625527405,-0.014497855645950875,0.0020822689401750467,0.9310689310689311,bits/trace,0.0011463217154649707,-0.05662613238267429,0.054014816894551454,high-minus-low conditional timing centroid; positive means later,1.0,False,False,False,False
qwen35_9b,Qwen3.5 9B,math,Math,binary,438,2,cognitive,timing,subgoal,Subgoal setting,0.0014920893529975828,-0.008208558055511983,0.010662646573224133,0.4005994005994006,bits/trace,0.0020025068742874907,-0.021230534723616936,0.024727375339901922,high-minus-low conditional timing centroid; positive means later,1.0,False,False,False,False
qwen35_9b,Qwen3.5 9B,math,Math,binary,438,2,cognitive,timing,backward_chaining,Backward chaining,-0.01184324418554287,-0.019279604138039006,-0.004438901127657536,0.997002997002997,bits/trace,-0.03627557646650953,-0.19015946561345848,0.11124770139000986,high-minus-low conditional timing centroid; positive means later,1.0,False,False,False,False
qwen35_9b,Qwen3.5 9B,code,Code,binary,126,2,conversational,amount,Question_and_Answering,Question–answer,-3.9730365782544066e-05,-0.023368268281154812,0.021549300054750198,0.4935064935064935,bits/trace,0.16471591768134833,-0.10993173121707099,0.5163580517252684,standardized high-minus-low outcome rate difference,1.0,False,False,False,False
qwen35_9b,Qwen3.5 9B,code,Code,binary,126,2,conversational,amount,Perspective_Shift,Perspective shift,-0.01834822184171378,-0.049762853127564545,0.010011755215942712,0.8771228771228772,bits/trace,0.5086131692966507,0.22991093519758513,0.8417923352951031,standardized high-minus-low outcome rate difference,1.0,False,False,False,False
qwen35_9b,Qwen3.5 9B,code,Code,binary,126,2,conversational,amount,Conflict_of_Perspectives,Perspective conflict,-0.15932443601595775,-0.5377596049702617,0.046140165460420976,0.5374625374625375,bits/trace,-0.17777091255303826,-0.42286811810765296,0.18819149159028314,standardized high-minus-low outcome rate difference,1.0,False,False,False,False
qwen35_9b,Qwen3.5 9B,code,Code,binary,126,2,conversational,amount,Reconciliation,Reconciliation,-0.06411888370225796,-0.1783163213386687,0.006000976549267586,0.8981018981018981,bits/trace,-0.04518605924180526,-0.37567150447390985,0.32265968020561114,standardized high-minus-low outcome rate difference,1.0,False,False,False,False
qwen35_9b,Qwen3.5 9B,code,Code,binary,126,2,conversational,timing,Question_and_Answering,Question–answer,-0.011754791572450844,-0.0966355431027275,0.05834719056519215,0.5984015984015985,bits/trace,0.14169869170865518,0.06739206593396949,0.22835195666095845,high-minus-low conditional timing centroid; positive means later,1.0,False,False,False,False
qwen35_9b,Qwen3.5 9B,code,Code,binary,126,2,conversational,timing,Perspective_Shift,Perspective shift,-0.0416669661412125,-0.08146029030220721,-0.010759738091838082,0.999000999000999,bits/trace,0.03718411699196472,-0.021990922947728198,0.09631430618594995,high-minus-low conditional timing centroid; positive means later,1.0,False,False,False,False
qwen35_9b,Qwen3.5 9B,code,Code,binary,126,2,conversational,timing,Conflict_of_Perspectives,Perspective conflict,-0.05508602051903521,-0.15231757871998017,0.009158913005018208,0.8921078921078921,bits/trace,0.085193460073961,0.00576213460177214,0.16626908247910832,high-minus-low conditional timing centroid; positive means later,1.0,False,False,False,False
qwen35_9b,Qwen3.5 9B,code,Code,binary,126,2,conversational,timing,Reconciliation,Reconciliation,-0.007716490752646621,-0.02257391907747693,0.0065400823399648055,0.8491508491508492,bits/trace,0.04892515650024132,-0.026945217826657476,0.12416008175077399,high-minus-low conditional timing centroid; positive means later,1.0,False,False,False,False
qwen35_9b,Qwen3.5 9B,code,Code,binary,126,2,cognitive,amount,verification,Verification,0.1428496354627062,0.010285278293324679,0.25001058317626285,0.002997002997002997,bits/trace,1.1051595055224195,0.8198718813264858,1.3839414993921113,standardized high-minus-low outcome rate difference,0.43956043956043955,False,False,False,False
qwen35_9b,Qwen3.5 9B,code,Code,binary,126,2,cognitive,amount,backtracking,Backtracking,-0.0318946978052665,-0.1963296222145677,0.06981835575857434,0.5864135864135864,bits/trace,-0.55702880259898,-0.9371548896481049,-0.20630156316008286,standardized high-minus-low outcome rate difference,1.0,False,False,False,False
qwen35_9b,Qwen3.5 9B,code,Code,binary,126,2,cognitive,amount,subgoal,Subgoal setting,0.009733643555458396,-0.02507294971408819,0.04630388810743012,0.2787212787212787,bits/trace,-0.3276933431567071,-0.6793186877256837,0.021046568374973717,standardized high-minus-low outcome rate difference,1.0,False,False,False,False
qwen35_9b,Qwen3.5 9B,code,Code,binary,126,2,cognitive,amount,backward_chaining,Backward chaining,-0.002669402342290856,-0.005421875364374325,-0.00014574572869297688,0.973026973026973,bits/trace,-0.140676463759133,-0.5954865563525096,0.1914170290523481,standardized high-minus-low outcome rate difference,1.0,False,False,False,False
qwen35_9b,Qwen3.5 9B,code,Code,binary,126,2,cognitive,timing,verification,Verification,-0.0016302187166302986,-0.03659091779979669,0.030387547332743663,0.5284715284715285,bits/trace,0.06607685164990673,-0.0041542372306251985,0.1414988159708281,high-minus-low conditional timing centroid; positive means later,1.0,False,False,False,False
qwen35_9b,Qwen3.5 9B,code,Code,binary,126,2,cognitive,timing,backtracking,Backtracking,-0.021245363751631538,-0.03532272644288285,-0.009004255000978074,0.997002997002997,bits/trace,0.06486166591195541,-0.017339371135037338,0.14527272209041017,high-minus-low conditional timing centroid; positive means later,1.0,False,False,False,False
qwen35_9b,Qwen3.5 9B,code,Code,binary,126,2,cognitive,timing,subgoal,Subgoal setting,-0.0255559132830173,-0.06739225687708485,0.008230934306770604,0.916083916083916,bits/trace,-0.21876258955118147,-0.29629952122670744,-0.1457613143312654,high-minus-low conditional timing centroid; positive means later,1.0,False,False,False,False
qwen35_9b,Qwen3.5 9B,code,Code,binary,126,2,cognitive,timing,backward_chaining,Backward chaining,-0.011821212655264096,-0.0520034045911467,0.030802671320469915,0.6863136863136863,bits/trace,-0.1023997487338385,-0.3455579362100013,0.13823742957130516,high-minus-low conditional timing centroid; positive means later,1.0,False,False,False,False
qwen35_9b,Qwen3.5 9B,gpqa,GPQA,binary,413,2,conversational,amount,Question_and_Answering,Question–answer,-0.003100855411621011,-0.007279089674676509,0.0008028887002169364,0.948051948051948,bits/trace,-0.1861181362351855,-0.4178138123887657,0.03572568707149548,standardized high-minus-low outcome rate difference,1.0,False,False,False,False
qwen35_9b,Qwen3.5 9B,gpqa,GPQA,binary,413,2,conversational,amount,Perspective_Shift,Perspective shift,0.005071892715030481,-0.008712175375875124,0.01763972688463204,0.22677322677322678,bits/trace,-0.24656130930801845,-0.500839906818814,-0.009922662389107656,standardized high-minus-low outcome rate difference,1.0,False,False,False,False
qwen35_9b,Qwen3.5 9B,gpqa,GPQA,binary,413,2,conversational,amount,Conflict_of_Perspectives,Perspective conflict,0.0001346918108992843,-0.008725743784284026,0.008043310408683852,0.46353646353646355,bits/trace,-0.3875622037570751,-0.608958367330344,-0.16933524313769016,standardized high-minus-low outcome rate difference,1.0,False,False,False,False
qwen35_9b,Qwen3.5 9B,gpqa,GPQA,binary,413,2,conversational,amount,Reconciliation,Reconciliation,-0.00021434905712495368,-0.01135656503491297,0.010856144450186423,0.4995004995004995,bits/trace,0.3668997252752183,0.12621479811372965,0.5743821032041375,standardized high-minus-low outcome rate difference,1.0,False,False,False,False
qwen35_9b,Qwen3.5 9B,gpqa,GPQA,binary,413,2,conversational,timing,Question_and_Answering,Question–answer,-0.007406743973549514,-0.0177559957571929,0.0018023127350758855,0.926073926073926,bits/trace,0.03498906214857067,0.0150328457092616,0.05530190887443202,high-minus-low conditional timing centroid; positive means later,1.0,False,False,False,False
qwen35_9b,Qwen3.5 9B,gpqa,GPQA,binary,413,2,conversational,timing,Perspective_Shift,Perspective shift,-0.0024943253886545555,-0.01379810014683204,0.008730249726115165,0.6823176823176823,bits/trace,0.011545757705075432,0.0008872693105936539,0.02110446962925286,high-minus-low conditional timing centroid; positive means later,1.0,False,False,False,False
qwen35_9b,Qwen3.5 9B,gpqa,GPQA,binary,413,2,conversational,timing,Conflict_of_Perspectives,Perspective conflict,-0.010165805692298217,-0.024756131160045994,0.0031482483581933888,0.9140859140859141,bits/trace,0.015044373898447039,-0.0014436066669280682,0.03011804858360549,high-minus-low conditional timing centroid; positive means later,1.0,False,False,False,False
qwen35_9b,Qwen3.5 9B,gpqa,GPQA,binary,413,2,conversational,timing,Reconciliation,Reconciliation,-0.006930930353010454,-0.018981925345900364,0.005775411915729673,0.8611388611388612,bits/trace,-0.017465996176780352,-0.03492113155032596,-1.6655108254559697e-05,high-minus-low conditional timing centroid; positive means later,1.0,False,False,False,False
qwen35_9b,Qwen3.5 9B,gpqa,GPQA,binary,413,2,cognitive,amount,verification,Verification,0.028410627400626644,-9.200396244201985e-05,0.05677466346661895,0.03496503496503497,bits/trace,0.623721230533641,0.3761108521547276,0.8553328605155747,standardized high-minus-low outcome rate difference,0.7403123192596877,False,False,False,False
qwen35_9b,Qwen3.5 9B,gpqa,GPQA,binary,413,2,cognitive,amount,backtracking,Backtracking,-0.0027085394927118043,-0.007083849756727703,0.0010528575544664683,0.8721278721278721,bits/trace,-0.2091541588989054,-0.47101136329848625,0.03269701048982625,standardized high-minus-low outcome rate difference,1.0,False,False,False,False
qwen35_9b,Qwen3.5 9B,gpqa,GPQA,binary,413,2,cognitive,amount,subgoal,Subgoal setting,1.7307258818176905e-07,-0.0017634860529222468,0.0018742917853448245,0.45854145854145856,bits/trace,0.3134279317406514,0.09756997703780965,0.5029438495877566,standardized high-minus-low outcome rate difference,1.0,False,False,False,False
qwen35_9b,Qwen3.5 9B,gpqa,GPQA,binary,413,2,cognitive,amount,backward_chaining,Backward chaining,-0.01460077063085713,-0.037388352398553655,0.004254008933887506,0.8441558441558441,bits/trace,-0.0923281690322423,-0.4178700296843984,0.17151857712577626,standardized high-minus-low outcome rate difference,1.0,False,False,False,False
qwen35_9b,Qwen3.5 9B,gpqa,GPQA,binary,413,2,cognitive,timing,verification,Verification,-0.013733082940037864,-0.02372589745842175,-0.003173917110707911,0.998001998001998,bits/trace,0.013302503031555557,-0.001136830142400405,0.02766195799427958,high-minus-low conditional timing centroid; positive means later,1.0,False,False,False,False
qwen35_9b,Qwen3.5 9B,gpqa,GPQA,binary,413,2,cognitive,timing,backtracking,Backtracking,-0.015151072603731672,-0.036502202090086304,0.0012341922329446161,0.9500499500499501,bits/trace,-0.016445752302587047,-0.052051035573127125,0.021030330406741196,high-minus-low conditional timing centroid; positive means later,1.0,False,False,False,False
qwen35_9b,Qwen3.5 9B,gpqa,GPQA,binary,413,2,cognitive,timing,subgoal,Subgoal setting,-0.016277277498155513,-0.029765272412850315,-0.003664264181113623,0.996003996003996,bits/trace,0.03574821526861277,0.009139542694128033,0.06544557891143651,high-minus-low conditional timing centroid; positive means later,1.0,False,False,False,False
qwen35_9b,Qwen3.5 9B,gpqa,GPQA,binary,413,2,cognitive,timing,backward_chaining,Backward chaining,-0.005720675534299559,-0.018632032880266748,0.006632939176574709,0.8051948051948052,bits/trace,0.06431745570088793,-0.03489258076882583,0.16230429707664815,high-minus-low conditional timing centroid; positive means later,1.0,False,False,False,False
qwen35_9b,Qwen3.5 9B,planning,Planning,binary,489,2,conversational,amount,Question_and_Answering,Question–answer,-0.0012427970410559524,-0.0052971238815967304,0.0020562589235350666,0.7172827172827173,bits/trace,0.0116872104686269,-0.2550482874033635,0.2590963649560582,standardized high-minus-low outcome rate difference,1.0,False,False,False,False
qwen35_9b,Qwen3.5 9B,planning,Planning,binary,489,2,conversational,amount,Perspective_Shift,Perspective shift,0.03288725796302273,0.010321036570315146,0.0561189617129708,0.004995004995004995,bits/trace,-0.3802648006116509,-0.6264576848025228,-0.1367154204205915,standardized high-minus-low outcome rate difference,0.43956043956043955,False,False,False,False
qwen35_9b,Qwen3.5 9B,planning,Planning,binary,489,2,conversational,amount,Conflict_of_Perspectives,Perspective conflict,0.009623705138573592,-0.00163949342493611,0.02046894321476469,0.03696303696303696,bits/trace,-0.4716055471190381,-0.7145630777980166,-0.23599446669613297,standardized high-minus-low outcome rate difference,0.7403123192596877,False,False,False,False
qwen35_9b,Qwen3.5 9B,planning,Planning,binary,489,2,conversational,amount,Reconciliation,Reconciliation,0.0012218575802827286,-0.004804681844224885,0.0061061039755966485,0.34465534465534464,bits/trace,-0.04288643699268776,-0.2517931759351803,0.1794148434240542,standardized high-minus-low outcome rate difference,1.0,False,False,False,False
qwen35_9b,Qwen3.5 9B,planning,Planning,binary,489,2,conversational,timing,Question_and_Answering,Question–answer,-0.0040820630538359794,-0.008949774328550559,0.0007575842273595135,0.945054945054945,bits/trace,0.0527191860390957,0.021884869761354037,0.08495785204175918,high-minus-low conditional timing centroid; positive means later,1.0,False,False,False,False
qwen35_9b,Qwen3.5 9B,planning,Planning,binary,489,2,conversational,timing,Perspective_Shift,Perspective shift,0.0019805899228251805,-0.010250358172847569,0.014057083171081213,0.37462537462537465,bits/trace,-0.04845676736001514,-0.06799845109665624,-0.030113520602384238,high-minus-low conditional timing centroid; positive means later,1.0,False,False,False,False
qwen35_9b,Qwen3.5 9B,planning,Planning,binary,489,2,conversational,timing,Conflict_of_Perspectives,Perspective conflict,0.0024398013315894717,-0.008825262858181568,0.01330938164626013,0.32967032967032966,bits/trace,-0.06510589192957106,-0.0932351161244817,-0.03579058591930953,high-minus-low conditional timing centroid; positive means later,1.0,False,False,False,False
qwen35_9b,Qwen3.5 9B,planning,Planning,binary,489,2,conversational,timing,Reconciliation,Reconciliation,-0.002743917050548838,-0.00666684245658609,0.0009075404393073508,0.9170829170829171,bits/trace,-0.009329333742950086,-0.03605199893466741,0.01778757463024991,high-minus-low conditional timing centroid; positive means later,1.0,False,False,False,False
qwen35_9b,Qwen3.5 9B,planning,Planning,binary,489,2,cognitive,amount,verification,Verification,0.012556383933210137,-0.007353704443019647,0.033156586158992286,0.12287712287712288,bits/trace,0.2629319507205422,-0.005950234200465231,0.5344503043784198,standardized high-minus-low outcome rate difference,0.9010989010989011,False,False,False,False
qwen35_9b,Qwen3.5 9B,planning,Planning,binary,489,2,cognitive,amount,backtracking,Backtracking,-0.0032098835899272166,-0.012300680278050575,0.00505642228178993,0.7632367632367633,bits/trace,-0.11913729363047405,-0.40014556193846923,0.13960821830112105,standardized high-minus-low outcome rate difference,1.0,False,False,False,False
qwen35_9b,Qwen3.5 9B,planning,Planning,binary,489,2,cognitive,amount,subgoal,Subgoal setting,0.009853560175846952,-0.005799969621737863,0.025482385115280642,0.13286713286713286,bits/trace,0.7315067288689144,0.603741015419616,0.8618629726642684,standardized high-minus-low outcome rate difference,0.9353846153846154,False,False,False,False
qwen35_9b,Qwen3.5 9B,planning,Planning,binary,489,2,cognitive,amount,backward_chaining,Backward chaining,0.0008142785405238515,-0.004951909982191845,0.006500270707890765,0.4195804195804196,bits/trace,0.32464208525870625,0.21300548835160088,0.44276086107283147,standardized high-minus-low outcome rate difference,1.0,False,False,False,False
qwen35_9b,Qwen3.5 9B,planning,Planning,binary,489,2,cognitive,timing,verification,Verification,-0.002544686148976873,-0.016081954867010823,0.010108869996629173,0.6563436563436563,bits/trace,0.059503537125005335,0.033109567527826386,0.08557224505242901,high-minus-low conditional timing centroid; positive means later,1.0,False,False,False,False
qwen35_9b,Qwen3.5 9B,planning,Planning,binary,489,2,cognitive,timing,backtracking,Backtracking,0.009363932393752647,-0.010889135475979084,0.03039883503810791,0.19080919080919082,bits/trace,-0.15696982244797408,-0.22033347107831927,-0.09353564227412596,high-minus-low conditional timing centroid; positive means later,1.0,False,False,False,False
qwen35_9b,Qwen3.5 9B,planning,Planning,binary,489,2,cognitive,timing,subgoal,Subgoal setting,-0.008955968273866266,-0.022452748246711226,0.0019640868340389554,0.9230769230769231,bits/trace,0.08171749324433625,0.02098915370583973,0.13831325587335475,high-minus-low conditional timing centroid; positive means later,1.0,False,False,False,False
qwen35_9b,Qwen3.5 9B,planning,Planning,binary,489,2,cognitive,timing,backward_chaining,Backward chaining,0.004209730249708395,-0.010541057806993196,0.020113616378260212,0.2987012987012987,bits/trace,0.17784693739156107,0.05830020988987433,0.29034799766728553,high-minus-low conditional timing centroid; positive means later,1.0,False,False,False,False
qwen35_9b,Qwen3.5 9B,moral,Moral,continuous,485,360,conversational,amount,Question_and_Answering,Question–answer,-0.008761820538622078,-0.021753027775329996,0.0031443007062763235,0.9040959040959041,delta R2,-0.05028227789791863,-0.21785209204018235,0.12483580484827057,standardized high-minus-low outcome rate difference,1.0,False,False,False,False
qwen35_9b,Qwen3.5 9B,moral,Moral,continuous,485,360,conversational,amount,Perspective_Shift,Perspective shift,-0.0018790658254655738,-0.007243195814353748,0.003487373490268019,0.7662337662337663,delta R2,-0.07599133131596977,-0.2579672658401282,0.09422422537738209,standardized high-minus-low outcome rate difference,1.0,False,False,False,False
qwen35_9b,Qwen3.5 9B,moral,Moral,continuous,485,360,conversational,amount,Conflict_of_Perspectives,Perspective conflict,-0.005430007973443716,-0.010419541764095366,-0.0007139897358291826,0.988011988011988,delta R2,0.03874150286920456,-0.12957690995154053,0.21334713477975378,standardized high-minus-low outcome rate difference,1.0,False,False,False,False
qwen35_9b,Qwen3.5 9B,moral,Moral,continuous,485,360,conversational,amount,Reconciliation,Reconciliation,-0.004798167232317919,-0.012140396513013683,0.002889007691064637,0.8911088911088911,delta R2,0.021886364958079427,-0.15410069318182804,0.20728923311393446,standardized high-minus-low outcome rate difference,1.0,False,False,False,False
qwen35_9b,Qwen3.5 9B,moral,Moral,continuous,485,360,conversational,timing,Question_and_Answering,Question–answer,-0.005002562963268647,-0.016806213284321293,0.0064667328429164565,0.8041958041958042,delta R2,-0.017763834104509768,-0.05615649214776237,0.02264175591405879,high-minus-low conditional timing centroid; positive means later,1.0,False,False,False,False
qwen35_9b,Qwen3.5 9B,moral,Moral,continuous,485,360,conversational,timing,Perspective_Shift,Perspective shift,-0.0007879093537018357,-0.014255925931307267,0.014294222146294364,0.5564435564435565,delta R2,-0.021875751189581794,-0.038218851395102386,-0.0072521259316728585,high-minus-low conditional timing centroid; positive means later,1.0,False,False,False,False
qwen35_9b,Qwen3.5 9B,moral,Moral,continuous,485,360,conversational,timing,Conflict_of_Perspectives,Perspective conflict,-0.0073428065844478385,-0.025087335263334527,0.007680763244006427,0.8001998001998002,delta R2,-0.02631090305982864,-0.05553335343976637,0.0009389973086928341,high-minus-low conditional timing centroid; positive means later,1.0,False,False,False,False
qwen35_9b,Qwen3.5 9B,moral,Moral,continuous,485,360,conversational,timing,Reconciliation,Reconciliation,-0.0009248039620617624,-0.017961932088787675,0.016103666797457037,0.5554445554445554,delta R2,0.016947299101948143,-0.01089170670039528,0.044606251564720124,high-minus-low conditional timing centroid; positive means later,1.0,False,False,False,False
qwen35_9b,Qwen3.5 9B,moral,Moral,continuous,485,360,cognitive,amount,verification,Verification,-0.0005998889964932066,-0.004874377609184823,0.0037698810844852175,0.6033966033966034,delta R2,-0.010863518344358773,-0.1846477421138347,0.15680356949352248,standardized high-minus-low outcome rate difference,1.0,False,False,False,False
qwen35_9b,Qwen3.5 9B,moral,Moral,continuous,485,360,cognitive,amount,backtracking,Backtracking,0.0006128489345858421,-0.01311242399770817,0.013073359356040655,0.45554445554445555,delta R2,-0.018240740287490183,-0.1899403060787773,0.1644946979702097,standardized high-minus-low outcome rate difference,1.0,False,False,False,False
qwen35_9b,Qwen3.5 9B,moral,Moral,continuous,485,360,cognitive,amount,subgoal,Subgoal setting,-0.0010305166234475984,-0.006353550100266879,0.003946285179960759,0.6413586413586414,delta R2,-0.10012924762398966,-0.2759992099718264,0.07575311040648489,standardized high-minus-low outcome rate difference,1.0,False,False,False,False
qwen35_9b,Qwen3.5 9B,moral,Moral,continuous,485,360,cognitive,amount,backward_chaining,Backward chaining,0.0034117463627813664,-0.001899246619732358,0.01020905859841975,0.16383616383616384,delta R2,0.1801607882441986,0.0383458535667422,0.3825462299537938,standardized high-minus-low outcome rate difference,0.9893834978580741,False,False,False,False
qwen35_9b,Qwen3.5 9B,moral,Moral,continuous,485,360,cognitive,timing,verification,Verification,-0.001267563476786214,-0.01230213179557059,0.008995572363601583,0.5964035964035964,delta R2,-0.018637723665899553,-0.05411100769284051,0.01494765644332569,high-minus-low conditional timing centroid; positive means later,1.0,False,False,False,False
qwen35_9b,Qwen3.5 9B,moral,Moral,continuous,485,360,cognitive,timing,backtracking,Backtracking,-0.005334595315706823,-0.021566465249327288,0.009820332723188068,0.7392607392607392,delta R2,0.008790552010655706,-0.030848391029409075,0.0496782438172801,high-minus-low conditional timing centroid; positive means later,1.0,False,False,False,False
qwen35_9b,Qwen3.5 9B,moral,Moral,continuous,485,360,cognitive,timing,subgoal,Subgoal setting,-0.007108014919572013,-0.01909378055017437,0.005079572286191911,0.8871128871128872,delta R2,-0.000965566639762494,-0.023210292719273797,0.019237967560834252,high-minus-low conditional timing centroid; positive means later,1.0,False,False,False,False
qwen35_9b,Qwen3.5 9B,moral,Moral,continuous,485,360,cognitive,timing,backward_chaining,Backward chaining,0.0030406210866263076,-0.003230918963481153,0.013641845178897341,0.4095904095904096,delta R2,,,,high-minus-low conditional timing centroid; positive means later,1.0,False,False,False,False
qwen35_9b,Qwen3.5 9B,idea,Idea,continuous,344,7,conversational,amount,Question_and_Answering,Question–answer,0.005790765758822802,-0.031231296484885138,0.03779388391167749,0.3946053946053946,delta R2,0.4137003714848886,0.2135509674177799,0.6165037173796567,standardized high-minus-low outcome rate difference,1.0,False,False,False,False
qwen35_9b,Qwen3.5 9B,idea,Idea,continuous,344,7,conversational,amount,Perspective_Shift,Perspective shift,0.0012263382402135726,-0.01447240115203271,0.01675309820735437,0.4115884115884116,delta R2,-0.20174505086172204,-0.428363549157347,0.03005464570148337,standardized high-minus-low outcome rate difference,1.0,False,False,False,False
qwen35_9b,Qwen3.5 9B,idea,Idea,continuous,344,7,conversational,amount,Conflict_of_Perspectives,Perspective conflict,0.01790356720791546,-0.010705250309358266,0.048171837442933164,0.1028971028971029,delta R2,-0.33920604623703116,-0.5536346021929157,-0.11770582377879331,standardized high-minus-low outcome rate difference,0.8903436988543372,False,False,False,False
qwen35_9b,Qwen3.5 9B,idea,Idea,continuous,344,7,conversational,amount,Reconciliation,Reconciliation,0.0032602883886411445,-0.008718660407314175,0.01477081703617844,0.2887112887112887,delta R2,-0.004971606753343125,-0.2081799715537069,0.21482260264239608,standardized high-minus-low outcome rate difference,1.0,False,False,False,False
qwen35_9b,Qwen3.5 9B,idea,Idea,continuous,344,7,conversational,timing,Question_and_Answering,Question–answer,-0.010072605286233376,-0.019688553772613828,-0.0006500267808129867,0.987012987012987,delta R2,0.00044186897059783625,-0.02599961126406582,0.0319473749047603,high-minus-low conditional timing centroid; positive means later,1.0,False,False,False,False
qwen35_9b,Qwen3.5 9B,idea,Idea,continuous,344,7,conversational,timing,Perspective_Shift,Perspective shift,-0.022780202332838208,-0.037936063605366485,-0.009450804701828073,0.999000999000999,delta R2,-0.009686382903947577,-0.020038475365414192,0.0007363480646645824,high-minus-low conditional timing centroid; positive means later,1.0,False,False,False,False
qwen35_9b,Qwen3.5 9B,idea,Idea,continuous,344,7,conversational,timing,Conflict_of_Perspectives,Perspective conflict,0.011791614768057493,-0.014288371974034458,0.039858088773023735,0.18681318681318682,delta R2,-0.009766866839957977,-0.022542700476933887,0.0032896324461715322,high-minus-low conditional timing centroid; positive means later,1.0,False,False,False,False
qwen35_9b,Qwen3.5 9B,idea,Idea,continuous,344,7,conversational,timing,Reconciliation,Reconciliation,-0.0143384907769051,-0.043458222256498244,0.013103042293101861,0.8401598401598401,delta R2,0.008441917913531882,-0.021394429292579734,0.03767087140766812,high-minus-low conditional timing centroid; positive means later,1.0,False,False,False,False
qwen35_9b,Qwen3.5 9B,idea,Idea,continuous,344,7,cognitive,amount,verification,Verification,-0.0005208235165020027,-0.020414274118537978,0.01843705045525476,0.5154845154845155,delta R2,-0.14349812639605028,-0.3606545881778199,0.05750170315192017,standardized high-minus-low outcome rate difference,1.0,False,False,False,False
qwen35_9b,Qwen3.5 9B,idea,Idea,continuous,344,7,cognitive,amount,backtracking,Backtracking,0.0011842172104644486,-0.02342378560722373,0.02464658555813042,0.47152847152847155,delta R2,-0.23179271697848955,-0.4491103697754967,-0.009410839441562508,standardized high-minus-low outcome rate difference,1.0,False,False,False,False
qwen35_9b,Qwen3.5 9B,idea,Idea,continuous,344,7,cognitive,amount,subgoal,Subgoal setting,0.004750192233668891,-0.01397836211757707,0.023347964393074665,0.3166833166833167,delta R2,-0.0444978779118628,-0.2632530153678825,0.1686832880554496,standardized high-minus-low outcome rate difference,1.0,False,False,False,False
qwen35_9b,Qwen3.5 9B,idea,Idea,continuous,344,7,cognitive,amount,backward_chaining,Backward chaining,0.0017184627746333239,-0.002479410917755857,0.005928586527553919,0.22377622377622378,delta R2,0.20263707391393004,0.04888181680770631,0.39691368035621516,standardized high-minus-low outcome rate difference,1.0,False,False,False,False
qwen35_9b,Qwen3.5 9B,idea,Idea,continuous,344,7,cognitive,timing,verification,Verification,-0.011137636192825593,-0.025324954319728112,0.002767638677857585,0.9400599400599401,delta R2,0.013834047365338276,-0.0065677797128394,0.034359571635164614,high-minus-low conditional timing centroid; positive means later,1.0,False,False,False,False
qwen35_9b,Qwen3.5 9B,idea,Idea,continuous,344,7,cognitive,timing,backtracking,Backtracking,-0.03859229470207732,-0.08296541912748723,-0.00976278395124865,1.0,delta R2,-0.007887424822149547,-0.0263149425266065,0.00846708989362806,high-minus-low conditional timing centroid; positive means later,1.0,False,False,False,False
qwen35_9b,Qwen3.5 9B,idea,Idea,continuous,344,7,cognitive,timing,subgoal,Subgoal setting,-0.007031216517805028,-0.019558342933998683,0.006445632916169763,0.8551448551448552,delta R2,0.025474933823409318,-0.0019397600389818954,0.05298115080767591,high-minus-low conditional timing centroid; positive means later,1.0,False,False,False,False
qwen35_9b,Qwen3.5 9B,idea,Idea,continuous,344,7,cognitive,timing,backward_chaining,Backward chaining,-0.0030837969125712327,-0.009601128439193602,0.0007438280770200662,0.8031968031968032,delta R2,,,,high-minus-low conditional timing centroid; positive means later,1.0,False,False,False,False
qwen35_9b,Qwen3.5 9B,security,Security,binary,301,2,conversational,amount,Question_and_Answering,Question–answer,0.016018309161282,-0.009636807400309628,0.041086595358734,0.11188811188811189,bits/trace,-0.6147181637363455,-0.8517561785662174,-0.36206744487886644,standardized high-minus-low outcome rate difference,0.8903436988543372,False,False,False,False
qwen35_9b,Qwen3.5 9B,security,Security,binary,301,2,conversational,amount,Perspective_Shift,Perspective shift,0.025038189739861938,-0.0019051594491080299,0.05399048524057073,0.03596403596403597,bits/trace,-0.38984826892628893,-0.5986517038003137,-0.18868885791226322,standardized high-minus-low outcome rate difference,0.7403123192596877,False,False,False,False
qwen35_9b,Qwen3.5 9B,security,Security,binary,301,2,conversational,amount,Conflict_of_Perspectives,Perspective conflict,0.004192953114971805,-0.007883840578092079,0.017711954438821752,0.27472527472527475,bits/trace,-0.4596101419804017,-0.6958206188827254,-0.21758572167288992,standardized high-minus-low outcome rate difference,1.0,False,False,False,False
qwen35_9b,Qwen3.5 9B,security,Security,binary,301,2,conversational,amount,Reconciliation,Reconciliation,-0.003135249003859907,-0.012471877689240875,0.006090343411128874,0.7432567432567433,bits/trace,-0.2630312151356333,-0.5024318246452121,-0.023855835632206477,standardized high-minus-low outcome rate difference,1.0,False,False,False,False
qwen35_9b,Qwen3.5 9B,security,Security,binary,301,2,conversational,timing,Question_and_Answering,Question–answer,-0.005455681490336854,-0.015020020719980065,0.00313340529189445,0.8841158841158842,bits/trace,0.044371753191750796,0.013451526787059681,0.07664326960527289,high-minus-low conditional timing centroid; positive means later,1.0,False,False,False,False
qwen35_9b,Qwen3.5 9B,security,Security,binary,301,2,conversational,timing,Perspective_Shift,Perspective shift,0.00929920605545397,-0.01811200519901053,0.037378843870225185,0.2707292707292707,bits/trace,0.01681280042828881,-0.005131405757141977,0.039230108215879356,high-minus-low conditional timing centroid; positive means later,1.0,False,False,False,False
qwen35_9b,Qwen3.5 9B,security,Security,binary,301,2,conversational,timing,Conflict_of_Perspectives,Perspective conflict,-0.006025873867320623,-0.011067371198890128,-0.0008633172067658469,0.995004995004995,bits/trace,-0.01844014293934898,-0.051779703751481,0.014841029501014909,high-minus-low conditional timing centroid; positive means later,1.0,False,False,False,False
qwen35_9b,Qwen3.5 9B,security,Security,binary,301,2,conversational,timing,Reconciliation,Reconciliation,-0.01654748547453244,-0.039625329856729986,0.003118419942996613,0.9270729270729271,bits/trace,-0.011350945798089263,-0.0520532486486989,0.026252458559018487,high-minus-low conditional timing centroid; positive means later,1.0,False,False,False,False
qwen35_9b,Qwen3.5 9B,security,Security,binary,301,2,cognitive,amount,verification,Verification,-0.0020197946796970162,-0.04625052253765179,0.0325141709698056,0.5724275724275725,bits/trace,0.4135395247719181,0.1271118663651368,0.6682459177850799,standardized high-minus-low outcome rate difference,1.0,False,False,False,False
qwen35_9b,Qwen3.5 9B,security,Security,binary,301,2,cognitive,amount,backtracking,Backtracking,-0.00041218548378748655,-0.0020704995150626565,0.0013463212941423575,0.6613386613386614,bits/trace,-0.18353547753666116,-0.44341500564504643,0.05302354813515328,standardized high-minus-low outcome rate difference,1.0,False,False,False,False
qwen35_9b,Qwen3.5 9B,security,Security,binary,301,2,cognitive,amount,subgoal,Subgoal setting,0.0014937891273886024,-0.010572053276873541,0.013403112345109939,0.4175824175824176,bits/trace,0.44969417717411125,0.26440652060007447,0.6418480116080021,standardized high-minus-low outcome rate difference,1.0,False,False,False,False
qwen35_9b,Qwen3.5 9B,security,Security,binary,301,2,cognitive,amount,backward_chaining,Backward chaining,0.0032980916408012254,-0.021189698148771672,0.024473292339753507,0.3936063936063936,bits/trace,0.11654682994365677,-0.1430706396730689,0.3374683190608929,standardized high-minus-low outcome rate difference,1.0,False,False,False,False
qwen35_9b,Qwen3.5 9B,security,Security,binary,301,2,cognitive,timing,verification,Verification,-0.013909777949576593,-0.03206477099850319,0.002149556380773196,0.9500499500499501,bits/trace,0.025589430306087624,-0.003930581563528337,0.0552950845453692,high-minus-low conditional timing centroid; positive means later,1.0,False,False,False,False
qwen35_9b,Qwen3.5 9B,security,Security,binary,301,2,cognitive,timing,backtracking,Backtracking,-0.008739980964360402,-0.021068160223307816,0.0016756318639660145,0.9460539460539461,bits/trace,-0.009145970333578057,-0.0755774791146064,0.06042129389383774,high-minus-low conditional timing centroid; positive means later,1.0,False,False,False,False
qwen35_9b,Qwen3.5 9B,security,Security,binary,301,2,cognitive,timing,subgoal,Subgoal setting,-0.005058930544725992,-0.023399682144144063,0.01367880901004342,0.6893106893106893,bits/trace,0.07274640589428105,0.031793312272658254,0.1153944933078595,high-minus-low conditional timing centroid; positive means later,1.0,False,False,False,False
qwen35_9b,Qwen3.5 9B,security,Security,binary,301,2,cognitive,timing,backward_chaining,Backward chaining,-0.005508901973040767,-0.02125847708728898,0.010846929700557686,0.7442557442557443,bits/trace,-0.029169487072279288,-0.20262817825349203,0.1550462578808529,high-minus-low conditional timing centroid; positive means later,1.0,False,False,False,False
qwen35_27b,Qwen3.5 27B,math,Math,binary,439,2,conversational,amount,Question_and_Answering,Question–answer,0.0008178326122713862,-0.006304133702928576,0.007527415780469145,0.4095904095904096,bits/trace,0.10564080283456273,-0.08601975993988353,0.2950493109369044,standardized high-minus-low outcome rate difference,1.0,False,False,False,False
qwen35_27b,Qwen3.5 27B,math,Math,binary,439,2,conversational,amount,Perspective_Shift,Perspective shift,-0.0030656130680931787,-0.008288080870836255,0.002293769230559247,0.8461538461538461,bits/trace,-0.18170261714930347,-0.36274833238391946,0.022263356549288404,standardized high-minus-low outcome rate difference,1.0,False,False,False,False
qwen35_27b,Qwen3.5 27B,math,Math,binary,439,2,conversational,amount,Conflict_of_Perspectives,Perspective conflict,-0.008649149917541442,-0.01451177266520569,-0.003265414372416277,0.998001998001998,bits/trace,0.25210776846879335,0.053690720973929996,0.4334710353021855,standardized high-minus-low outcome rate difference,1.0,False,False,False,False
qwen35_27b,Qwen3.5 27B,math,Math,binary,439,2,conversational,amount,Reconciliation,Reconciliation,-0.0034383757569929874,-0.007584748679688388,0.0011299443310028249,0.939060939060939,bits/trace,0.21677943311549425,0.03182350036709453,0.42844960151352984,standardized high-minus-low outcome rate difference,1.0,False,False,False,False
qwen35_27b,Qwen3.5 27B,math,Math,binary,439,2,conversational,timing,Question_and_Answering,Question–answer,-0.0014854519690658899,-0.016833105498163282,0.013217706704981926,0.5894105894105894,bits/trace,-2.5787264936516507e-05,-0.03379517194668648,0.031156768533968947,high-minus-low conditional timing centroid; positive means later,1.0,False,False,False,False
qwen35_27b,Qwen3.5 27B,math,Math,binary,439,2,conversational,timing,Perspective_Shift,Perspective shift,-0.00749399714061499,-0.02288474754479038,0.0075533277331806875,0.8331668331668332,bits/trace,0.0006819757900340395,-0.02072812027004019,0.02192458997031954,high-minus-low conditional timing centroid; positive means later,1.0,False,False,False,False
qwen35_27b,Qwen3.5 27B,math,Math,binary,439,2,conversational,timing,Conflict_of_Perspectives,Perspective conflict,0.0015442819489034443,-0.009906226129435888,0.013161142204515463,0.4035964035964036,bits/trace,-0.05071414009173858,-0.09343174595664044,-0.005457623664229278,high-minus-low conditional timing centroid; positive means later,1.0,False,False,False,False
qwen35_27b,Qwen3.5 27B,math,Math,binary,439,2,conversational,timing,Reconciliation,Reconciliation,-0.009361675898919085,-0.01793718118137181,-0.0010042370470536668,0.973026973026973,bits/trace,-0.015721618983894903,-0.049826132241424965,0.017837126553003877,high-minus-low conditional timing centroid; positive means later,1.0,False,False,False,False
qwen35_27b,Qwen3.5 27B,math,Math,binary,439,2,cognitive,amount,verification,Verification,-0.0008541615980886231,-0.0024850779599264014,0.0008290596159198628,0.8421578421578422,bits/trace,0.11433434111792054,-0.07038330404910109,0.3006296780609586,standardized high-minus-low outcome rate difference,1.0,False,False,False,False
qwen35_27b,Qwen3.5 27B,math,Math,binary,439,2,cognitive,amount,backtracking,Backtracking,0.0007397596087458674,-0.00789650970874164,0.01009542621470615,0.44155844155844154,bits/trace,0.07657809829115644,-0.11090853137752911,0.2554446338519096,standardized high-minus-low outcome rate difference,1.0,False,False,False,False
qwen35_27b,Qwen3.5 27B,math,Math,binary,439,2,cognitive,amount,subgoal,Subgoal setting,-0.0018510742272108106,-0.009501606479190286,0.005797892033992977,0.6803196803196803,bits/trace,-0.3619731424736941,-0.5478693650148786,-0.17752555697617517,standardized high-minus-low outcome rate difference,1.0,False,False,False,False
qwen35_27b,Qwen3.5 27B,math,Math,binary,439,2,cognitive,amount,backward_chaining,Backward chaining,0.0005389873170883153,-0.0052967188818099035,0.006447946677396983,0.43456543456543456,bits/trace,-0.07910837784657355,-0.283734324510597,0.11589780069023292,standardized high-minus-low outcome rate difference,1.0,False,False,False,False
qwen35_27b,Qwen3.5 27B,math,Math,binary,439,2,cognitive,timing,verification,Verification,-0.00012114004618891118,-0.010063970057134738,0.01021629716340198,0.48951048951048953,bits/trace,-0.003879188147036472,-0.02701313257245974,0.01848199039715504,high-minus-low conditional timing centroid; positive means later,1.0,False,False,False,False
qwen35_27b,Qwen3.5 27B,math,Math,binary,439,2,cognitive,timing,backtracking,Backtracking,0.0013542165416423923,-0.011458329435101243,0.013873794025588535,0.42857142857142855,bits/trace,-0.06444314980951793,-0.12412320960939832,-0.003953695174473006,high-minus-low conditional timing centroid; positive means later,1.0,False,False,False,False
qwen35_27b,Qwen3.5 27B,math,Math,binary,439,2,cognitive,timing,subgoal,Subgoal setting,-0.006698932313875678,-0.015717169284012445,0.0029989065603107374,0.919080919080919,bits/trace,0.019333052829990482,-0.0037961120466868444,0.04321125552288384,high-minus-low conditional timing centroid; positive means later,1.0,False,False,False,False
qwen35_27b,Qwen3.5 27B,math,Math,binary,439,2,cognitive,timing,backward_chaining,Backward chaining,-0.012116336184236645,-0.021296691276508087,-0.0033108999950491624,0.997002997002997,bits/trace,-0.030860436940516878,-0.1600958617508696,0.10333497824728496,high-minus-low conditional timing centroid; positive means later,1.0,False,False,False,False
qwen35_27b,Qwen3.5 27B,code,Code,binary,157,2,conversational,amount,Question_and_Answering,Question–answer,-0.010008406034151813,-0.026852881964506047,0.0024734833772873167,0.9010989010989011,bits/trace,-0.24744198400745285,-0.5198913525626075,0.03920103854031284,standardized high-minus-low outcome rate difference,1.0,False,False,False,False
qwen35_27b,Qwen3.5 27B,code,Code,binary,157,2,conversational,amount,Perspective_Shift,Perspective shift,-0.011899883168479087,-0.033308067134011146,0.0025893451819117056,0.8761238761238761,bits/trace,0.16199391529510046,-0.17484953655894767,0.4707535319983172,standardized high-minus-low outcome rate difference,1.0,False,False,False,False
qwen35_27b,Qwen3.5 27B,code,Code,binary,157,2,conversational,amount,Conflict_of_Perspectives,Perspective conflict,-0.05179087508503382,-0.2989175614092111,0.08860128605864381,0.5074925074925075,bits/trace,-0.5438711107340861,-0.805272216756647,-0.2769525017806533,standardized high-minus-low outcome rate difference,1.0,False,False,False,False
qwen35_27b,Qwen3.5 27B,code,Code,binary,157,2,conversational,amount,Reconciliation,Reconciliation,0.011328015408676282,-0.06873116067903456,0.07723563195390194,0.3856143856143856,bits/trace,0.14152712406973325,-0.16322178408814314,0.4153452604688609,standardized high-minus-low outcome rate difference,1.0,False,False,False,False
qwen35_27b,Qwen3.5 27B,code,Code,binary,157,2,conversational,timing,Question_and_Answering,Question–answer,-0.005662141124801696,-0.13144248251898563,0.09825062558475843,0.5504495504495505,bits/trace,0.07381632105276781,0.039778019431675214,0.1102866159938899,high-minus-low conditional timing centroid; positive means later,1.0,False,False,False,False
qwen35_27b,Qwen3.5 27B,code,Code,binary,157,2,conversational,timing,Perspective_Shift,Perspective shift,-0.01336141118915887,-0.09098096862883719,0.03983563431445429,0.5864135864135864,bits/trace,0.011418322027860639,-0.016833361406665383,0.0424434997091409,high-minus-low conditional timing centroid; positive means later,1.0,False,False,False,False
qwen35_27b,Qwen3.5 27B,code,Code,binary,157,2,conversational,timing,Conflict_of_Perspectives,Perspective conflict,-0.012665656332377947,-0.03908407378972809,0.009133614663967756,0.8151848151848152,bits/trace,-0.0006013399335690339,-0.044709221790484456,0.050148204221947,high-minus-low conditional timing centroid; positive means later,1.0,False,False,False,False
qwen35_27b,Qwen3.5 27B,code,Code,binary,157,2,conversational,timing,Reconciliation,Reconciliation,-0.07136162295089062,-0.1312413333725433,-0.02298351332490762,0.995004995004995,bits/trace,0.024159582826476123,-0.018349407264090577,0.05977733075654608,high-minus-low conditional timing centroid; positive means later,1.0,False,False,False,False
qwen35_27b,Qwen3.5 27B,code,Code,binary,157,2,cognitive,amount,verification,Verification,0.06845077988236203,-0.022311092618433143,0.15590006918828492,0.06893106893106893,bits/trace,0.90049259387667,0.6002577700758949,1.1836197955745422,standardized high-minus-low outcome rate difference,0.8847926267281105,False,False,False,False
qwen35_27b,Qwen3.5 27B,code,Code,binary,157,2,cognitive,amount,backtracking,Backtracking,0.04722247382693712,-0.001418728529075068,0.09729824866533583,0.03496503496503497,bits/trace,-0.5359953120797685,-0.9717151897064218,-0.16466427781703108,standardized high-minus-low outcome rate difference,0.7403123192596877,False,False,False,False
qwen35_27b,Qwen3.5 27B,code,Code,binary,157,2,cognitive,amount,subgoal,Subgoal setting,0.01899198150663556,-0.020431143887991284,0.05914558733316592,0.1968031968031968,bits/trace,-0.44250436643867963,-0.8938500015435913,-0.0651689634030475,standardized high-minus-low outcome rate difference,1.0,False,False,False,False
qwen35_27b,Qwen3.5 27B,code,Code,binary,157,2,cognitive,amount,backward_chaining,Backward chaining,-0.00471830260311477,-0.02636310420362588,0.013509242261988793,0.6763236763236763,bits/trace,-0.34841605218821453,-0.7880931571793388,0.02663270910646826,standardized high-minus-low outcome rate difference,1.0,False,False,False,False
qwen35_27b,Qwen3.5 27B,code,Code,binary,157,2,cognitive,timing,verification,Verification,-0.0010533444771917485,-0.04099873426638495,0.0373734579108302,0.5054945054945055,bits/trace,-0.02598243414861412,-0.058264274443000634,0.004699519194895185,high-minus-low conditional timing centroid; positive means later,1.0,False,False,False,False
qwen35_27b,Qwen3.5 27B,code,Code,binary,157,2,cognitive,timing,backtracking,Backtracking,-0.039931578721021786,-0.062164576870737745,-0.018891058855358286,1.0,bits/trace,-0.01848844039303532,-0.07781619265350777,0.03467792858104967,high-minus-low conditional timing centroid; positive means later,1.0,False,False,False,False
qwen35_27b,Qwen3.5 27B,code,Code,binary,157,2,cognitive,timing,subgoal,Subgoal setting,-0.02222235029479639,-0.06429037640945592,0.013493500097629382,0.8511488511488512,bits/trace,-0.15612680647536015,-0.20718599226133474,-0.10182754080260788,high-minus-low conditional timing centroid; positive means later,1.0,False,False,False,False
qwen35_27b,Qwen3.5 27B,code,Code,binary,157,2,cognitive,timing,backward_chaining,Backward chaining,0.003575095153057224,-0.02808705080242819,0.034796833462294854,0.3966033966033966,bits/trace,0.061934167856473515,-0.09846942551573004,0.22429046711674788,high-minus-low conditional timing centroid; positive means later,1.0,False,False,False,False
qwen35_27b,Qwen3.5 27B,gpqa,GPQA,binary,483,2,conversational,amount,Question_and_Answering,Question–answer,1.7691636883165056e-06,-0.008365850346296595,0.008702565789472884,0.4925074925074925,bits/trace,-0.4744013528286141,-0.7104770970186005,-0.24849700290433507,standardized high-minus-low outcome rate difference,1.0,False,False,False,False
qwen35_27b,Qwen3.5 27B,gpqa,GPQA,binary,483,2,conversational,amount,Perspective_Shift,Perspective shift,0.021494958016994678,-0.0021920350939534415,0.043251163846710655,0.03296703296703297,bits/trace,-0.4917731075668706,-0.7260454613785161,-0.26125020782036884,standardized high-minus-low outcome rate difference,0.7403123192596877,False,False,False,False
qwen35_27b,Qwen3.5 27B,gpqa,GPQA,binary,483,2,conversational,amount,Conflict_of_Perspectives,Perspective conflict,0.0031478817126565782,-0.005992446305019421,0.012701768599395336,0.27172827172827174,bits/trace,-0.5221252726020712,-0.7171997284715433,-0.33109942505664125,standardized high-minus-low outcome rate difference,1.0,False,False,False,False
qwen35_27b,Qwen3.5 27B,gpqa,GPQA,binary,483,2,conversational,amount,Reconciliation,Reconciliation,0.008083527577807064,-0.006495239189547194,0.02349005912686604,0.14285714285714285,bits/trace,0.30214462423535404,0.11519751300822322,0.5049753630039815,standardized high-minus-low outcome rate difference,0.967032967032967,False,False,False,False
qwen35_27b,Qwen3.5 27B,gpqa,GPQA,binary,483,2,conversational,timing,Question_and_Answering,Question–answer,-0.003610180278007004,-0.014100116619685868,0.005796485791965422,0.7542457542457542,bits/trace,0.021585163546711472,0.0011753910910213196,0.041342280690096475,high-minus-low conditional timing centroid; positive means later,1.0,False,False,False,False
qwen35_27b,Qwen3.5 27B,gpqa,GPQA,binary,483,2,conversational,timing,Perspective_Shift,Perspective shift,-0.008315274652044919,-0.02233131386132643,0.005568608989154148,0.8581418581418582,bits/trace,0.01683858923320314,0.004595449658768224,0.029343497030016905,high-minus-low conditional timing centroid; positive means later,1.0,False,False,False,False
qwen35_27b,Qwen3.5 27B,gpqa,GPQA,binary,483,2,conversational,timing,Conflict_of_Perspectives,Perspective conflict,-0.005782685227392557,-0.016880098531544416,0.004081315692175186,0.8861138861138861,bits/trace,0.029250105283596006,0.010586975534246644,0.047407592656263,high-minus-low conditional timing centroid; positive means later,1.0,False,False,False,False
qwen35_27b,Qwen3.5 27B,gpqa,GPQA,binary,483,2,conversational,timing,Reconciliation,Reconciliation,-0.006187240565669943,-0.012894634373273697,-0.00042074949255857134,0.972027972027972,bits/trace,-0.005438473390922183,-0.0246707714493706,0.015214159276914777,high-minus-low conditional timing centroid; positive means later,1.0,False,False,False,False
qwen35_27b,Qwen3.5 27B,gpqa,GPQA,binary,483,2,cognitive,amount,verification,Verification,0.023380821841184375,-0.004924581475595801,0.051127082274281706,0.06493506493506493,bits/trace,0.5674125913730098,0.38079816947788747,0.7729030250145252,standardized high-minus-low outcome rate difference,0.8847926267281105,False,False,False,False
qwen35_27b,Qwen3.5 27B,gpqa,GPQA,binary,483,2,cognitive,amount,backtracking,Backtracking,0.004563530078327931,-0.008092334428498169,0.017616189000518825,0.23076923076923078,bits/trace,-0.47761008004131306,-0.7114895668089276,-0.2645715919412511,standardized high-minus-low outcome rate difference,1.0,False,False,False,False
qwen35_27b,Qwen3.5 27B,gpqa,GPQA,binary,483,2,cognitive,amount,subgoal,Subgoal setting,0.0012773417776936512,-0.00831523993025471,0.012410749486277035,0.4225774225774226,bits/trace,0.19045733206302126,-0.027305900110315657,0.37688022393830906,standardized high-minus-low outcome rate difference,1.0,False,False,False,False
qwen35_27b,Qwen3.5 27B,gpqa,GPQA,binary,483,2,cognitive,amount,backward_chaining,Backward chaining,-0.0016859150802491047,-0.015030968025871803,0.008822916428515449,0.5994005994005994,bits/trace,0.07119941168842939,-0.12213828559388011,0.2581584971322918,standardized high-minus-low outcome rate difference,1.0,False,False,False,False
qwen35_27b,Qwen3.5 27B,gpqa,GPQA,binary,483,2,cognitive,timing,verification,Verification,0.0020751833113335475,-0.01831662198844558,0.023188495426132848,0.4595404595404595,bits/trace,0.023553239577625007,0.009320211729697084,0.0383715657428539,high-minus-low conditional timing centroid; positive means later,1.0,False,False,False,False
qwen35_27b,Qwen3.5 27B,gpqa,GPQA,binary,483,2,cognitive,timing,backtracking,Backtracking,-0.005925809850996619,-0.012069637435281246,0.00045117725723889716,0.977022977022977,bits/trace,0.016886767087731513,-0.018489058373932346,0.05242356673543144,high-minus-low conditional timing centroid; positive means later,1.0,False,False,False,False
qwen35_27b,Qwen3.5 27B,gpqa,GPQA,binary,483,2,cognitive,timing,subgoal,Subgoal setting,0.0028540202164345683,-0.006824734924128735,0.012330990601074007,0.28771228771228774,bits/trace,0.04230438688682525,0.01377246689678335,0.07187556709547194,high-minus-low conditional timing centroid; positive means later,1.0,False,False,False,False
qwen35_27b,Qwen3.5 27B,gpqa,GPQA,binary,483,2,cognitive,timing,backward_chaining,Backward chaining,-0.008214085285764382,-0.014105354770558855,-0.002133321897418751,0.997002997002997,bits/trace,0.02448304785370009,-0.0682787629582072,0.11778974204724398,high-minus-low conditional timing centroid; positive means later,1.0,False,False,False,False
qwen35_27b,Qwen3.5 27B,planning,Planning,binary,499,2,conversational,amount,Question_and_Answering,Question–answer,-0.0030291733373862136,-0.01030582964145172,0.003335724613967137,0.8031968031968032,bits/trace,0.1040174462406146,-0.16899919374295044,0.35586841239947914,standardized high-minus-low outcome rate difference,1.0,False,False,False,False
qwen35_27b,Qwen3.5 27B,planning,Planning,binary,499,2,conversational,amount,Perspective_Shift,Perspective shift,0.044421870887027634,0.018533615158406222,0.07050995497670284,0.001998001998001998,bits/trace,-0.7634224099852189,-1.0479575347837207,-0.49279461426120247,standardized high-minus-low outcome rate difference,0.43956043956043955,False,False,False,False
qwen35_27b,Qwen3.5 27B,planning,Planning,binary,499,2,conversational,amount,Conflict_of_Perspectives,Perspective conflict,0.013148772794211231,0.0037168465893154916,0.02268432148420657,0.003996003996003996,bits/trace,-0.695852716201541,-0.9066666652607257,-0.5058479095731506,standardized high-minus-low outcome rate difference,0.43956043956043955,False,False,False,False
qwen35_27b,Qwen3.5 27B,planning,Planning,binary,499,2,conversational,amount,Reconciliation,Reconciliation,0.0009585525937294114,-0.005190031784869855,0.006708140445220081,0.3646353646353646,bits/trace,-0.5685247549845928,-0.7980092927008728,-0.32301877448953936,standardized high-minus-low outcome rate difference,1.0,False,False,False,False
qwen35_27b,Qwen3.5 27B,planning,Planning,binary,499,2,conversational,timing,Question_and_Answering,Question–answer,-0.008524511476351469,-0.01915718066686397,0.0002026515377977398,0.948051948051948,bits/trace,0.019491578653049735,-0.017656027864567405,0.06094121079325612,high-minus-low conditional timing centroid; positive means later,1.0,False,False,False,False
qwen35_27b,Qwen3.5 27B,planning,Planning,binary,499,2,conversational,timing,Perspective_Shift,Perspective shift,-0.000273257341528888,-0.006999726102506732,0.00595107752128415,0.5534465534465535,bits/trace,-0.018791055065056406,-0.03846233778768217,0.0010201642679762584,high-minus-low conditional timing centroid; positive means later,1.0,False,False,False,False
qwen35_27b,Qwen3.5 27B,planning,Planning,binary,499,2,conversational,timing,Conflict_of_Perspectives,Perspective conflict,-0.004247241815723965,-0.008903664088561183,0.0005393326965726376,0.9460539460539461,bits/trace,-0.05437807901892844,-0.09473123189699968,-0.015345084154908631,high-minus-low conditional timing centroid; positive means later,1.0,False,False,False,False
qwen35_27b,Qwen3.5 27B,planning,Planning,binary,499,2,conversational,timing,Reconciliation,Reconciliation,0.005838303898298062,-0.00711562792212286,0.016605993172128363,0.16583416583416583,bits/trace,-0.02134209568179446,-0.05560988834143325,0.012355963554650183,high-minus-low conditional timing centroid; positive means later,1.0,False,False,False,False
qwen35_27b,Qwen3.5 27B,planning,Planning,binary,499,2,cognitive,amount,verification,Verification,0.019525539000038467,-0.0008827535390001686,0.037466407742992064,0.03796203796203796,bits/trace,0.30130322989015,0.019484106707609892,0.5687069133269724,standardized high-minus-low outcome rate difference,0.7403123192596877,False,False,False,False
qwen35_27b,Qwen3.5 27B,planning,Planning,binary,499,2,cognitive,amount,backtracking,Backtracking,0.007263350829768295,-0.003948663106755771,0.018572724363497252,0.11888111888111888,bits/trace,-0.3265661156259006,-0.7261749734601111,0.04712508811107206,standardized high-minus-low outcome rate difference,0.8903436988543372,False,False,False,False
qwen35_27b,Qwen3.5 27B,planning,Planning,binary,499,2,cognitive,amount,subgoal,Subgoal setting,-0.0008497149211121359,-0.006319777457844321,0.0043434717119292905,0.6183816183816184,bits/trace,0.8973473318777784,0.7704701793231666,1.0175627285088427,standardized high-minus-low outcome rate difference,1.0,False,False,False,False
qwen35_27b,Qwen3.5 27B,planning,Planning,binary,499,2,cognitive,amount,backward_chaining,Backward chaining,-0.0009074783731496777,-0.005084343049410885,0.0026330917357488322,0.6593406593406593,bits/trace,0.3399879108359378,0.23516297578911116,0.45739459125437454,standardized high-minus-low outcome rate difference,1.0,False,False,False,False
qwen35_27b,Qwen3.5 27B,planning,Planning,binary,499,2,cognitive,timing,verification,Verification,0.013138591390700961,-0.007076683480755968,0.03137820470818576,0.0899100899100899,bits/trace,0.08399794303886743,0.0604137875955048,0.10654006222481936,high-minus-low conditional timing centroid; positive means later,1.0,False,False,False,False
qwen35_27b,Qwen3.5 27B,planning,Planning,binary,499,2,cognitive,timing,backtracking,Backtracking,0.0013558415313114395,-0.008465360880269664,0.010944385463793673,0.38461538461538464,bits/trace,0.011248286373101157,-0.08695761760555126,0.11525213770494824,high-minus-low conditional timing centroid; positive means later,1.0,False,False,False,False
qwen35_27b,Qwen3.5 27B,planning,Planning,binary,499,2,cognitive,timing,subgoal,Subgoal setting,0.0029457881450726644,-0.011595012444794483,0.016705002962984907,0.33766233766233766,bits/trace,0.16156743846572486,0.1030441283404368,0.2192136165748091,high-minus-low conditional timing centroid; positive means later,1.0,False,False,False,False
qwen35_27b,Qwen3.5 27B,planning,Planning,binary,499,2,cognitive,timing,backward_chaining,Backward chaining,-0.013430211754724046,-0.027760093595987592,-0.0030013100004256076,0.987012987012987,bits/trace,0.14970398583938027,-0.048807770287829504,0.3242195636611166,high-minus-low conditional timing centroid; positive means later,1.0,False,False,False,False
qwen35_27b,Qwen3.5 27B,moral,Moral,continuous,497,372,conversational,amount,Question_and_Answering,Question–answer,-0.0036811272543552024,-0.009080244205511989,0.0016727431193460456,0.8971028971028971,delta R2,0.06163710672802131,-0.1203925453781941,0.23387484667096967,standardized high-minus-low outcome rate difference,1.0,False,False,False,False
qwen35_27b,Qwen3.5 27B,moral,Moral,continuous,497,372,conversational,amount,Perspective_Shift,Perspective shift,-0.0009287147842248474,-0.0036062716990450743,0.0018015601412072662,0.7402597402597403,delta R2,-0.017299132426481914,-0.18886111760323404,0.1612763774126051,standardized high-minus-low outcome rate difference,1.0,False,False,False,False
qwen35_27b,Qwen3.5 27B,moral,Moral,continuous,497,372,conversational,amount,Conflict_of_Perspectives,Perspective conflict,-0.0021792508120346294,-0.014971314272146366,0.010175503164770528,0.6333666333666333,delta R2,-0.06330964471815011,-0.22898295132107338,0.11632246355408117,standardized high-minus-low outcome rate difference,1.0,False,False,False,False
qwen35_27b,Qwen3.5 27B,moral,Moral,continuous,497,372,conversational,amount,Reconciliation,Reconciliation,-0.0008536927435724979,-0.012826282699150827,0.010632407758938728,0.5374625374625375,delta R2,-0.07146492764960263,-0.23854938125435424,0.09380216205921653,standardized high-minus-low outcome rate difference,1.0,False,False,False,False
qwen35_27b,Qwen3.5 27B,moral,Moral,continuous,497,372,conversational,timing,Question_and_Answering,Question–answer,0.001414270321641197,-0.01509190331298232,0.01765866930775969,0.47152847152847155,delta R2,-0.012781303065505845,-0.05332744136537665,0.024913572184181162,high-minus-low conditional timing centroid; positive means later,1.0,False,False,False,False
qwen35_27b,Qwen3.5 27B,moral,Moral,continuous,497,372,conversational,timing,Perspective_Shift,Perspective shift,-0.005509014526018195,-0.018453662722170427,0.009312123273098405,0.7582417582417582,delta R2,-0.0008332530478958322,-0.015432492350089743,0.013977847195041757,high-minus-low conditional timing centroid; positive means later,1.0,False,False,False,False
qwen35_27b,Qwen3.5 27B,moral,Moral,continuous,497,372,conversational,timing,Conflict_of_Perspectives,Perspective conflict,-6.339080329691018e-05,-0.009019224441928878,0.009917427644343932,0.4985014985014985,delta R2,-0.013369236076363644,-0.046237691553396076,0.02048629065920681,high-minus-low conditional timing centroid; positive means later,1.0,False,False,False,False
qwen35_27b,Qwen3.5 27B,moral,Moral,continuous,497,372,conversational,timing,Reconciliation,Reconciliation,-0.005594730064430568,-0.010523839527046601,-0.0008073506612887058,0.9820179820179821,delta R2,0.02100808348797123,-0.005684737164733979,0.04747134836935722,high-minus-low conditional timing centroid; positive means later,1.0,False,False,False,False
qwen35_27b,Qwen3.5 27B,moral,Moral,continuous,497,372,cognitive,amount,verification,Verification,-0.006216928318381151,-0.014647100084562376,0.0019226930639490046,0.9280719280719281,delta R2,-0.10040243459370728,-0.26897947100421643,0.07205260152476858,standardized high-minus-low outcome rate difference,1.0,False,False,False,False
qwen35_27b,Qwen3.5 27B,moral,Moral,continuous,497,372,cognitive,amount,backtracking,Backtracking,-0.003906836596690724,-0.0077608069289839526,-0.00035633395284703756,0.97002997002997,delta R2,0.044680705151175275,-0.1417591437631641,0.2270488556360655,standardized high-minus-low outcome rate difference,1.0,False,False,False,False
qwen35_27b,Qwen3.5 27B,moral,Moral,continuous,497,372,cognitive,amount,subgoal,Subgoal setting,-0.003843362732247963,-0.014139638258566968,0.0069062563571488335,0.7542457542457542,delta R2,-0.13894771007417406,-0.3105192075757322,0.04497383095552515,standardized high-minus-low outcome rate difference,1.0,False,False,False,False
qwen35_27b,Qwen3.5 27B,moral,Moral,continuous,497,372,cognitive,amount,backward_chaining,Backward chaining,-0.0008755023847780619,-0.0019119536472590871,1.3748651923809711e-05,0.9760239760239761,delta R2,-0.05852536818253708,-0.24762675180971602,0.10875036871213038,standardized high-minus-low outcome rate difference,1.0,False,False,False,False
qwen35_27b,Qwen3.5 27B,moral,Moral,continuous,497,372,cognitive,timing,verification,Verification,-0.009165386455204389,-0.01835469521467947,-0.0003830554420151063,0.984015984015984,delta R2,0.011392233389453943,-0.02199574139180131,0.048150760276078064,high-minus-low conditional timing centroid; positive means later,1.0,False,False,False,False
qwen35_27b,Qwen3.5 27B,moral,Moral,continuous,497,372,cognitive,timing,backtracking,Backtracking,-0.00014268917032165228,-0.014801631114227705,0.015231653711619351,0.5154845154845155,delta R2,0.0031460218768311066,-0.035281235515079355,0.03978963622314848,high-minus-low conditional timing centroid; positive means later,1.0,False,False,False,False
qwen35_27b,Qwen3.5 27B,moral,Moral,continuous,497,372,cognitive,timing,subgoal,Subgoal setting,0.019878425228013977,-0.0072494236731864715,0.05140431238180487,0.07892107892107893,delta R2,-0.0008085948355069927,-0.021449504574932984,0.01881860095093621,high-minus-low conditional timing centroid; positive means later,1.0,False,False,False,False
qwen35_27b,Qwen3.5 27B,moral,Moral,continuous,497,372,cognitive,timing,backward_chaining,Backward chaining,-0.0424316028854802,-0.12372232401497972,0.0009426012864769641,0.8991008991008991,delta R2,,,,high-minus-low conditional timing centroid; positive means later,1.0,False,False,False,False
qwen35_27b,Qwen3.5 27B,idea,Idea,continuous,498,8,conversational,amount,Question_and_Answering,Question–answer,0.02009251596137566,-0.0008921724886503838,0.04116758330083874,0.03596403596403597,delta R2,0.34063118896323596,0.1749946403193775,0.49982987373570054,standardized high-minus-low outcome rate difference,0.7403123192596877,False,False,False,False
qwen35_27b,Qwen3.5 27B,idea,Idea,continuous,498,8,conversational,amount,Perspective_Shift,Perspective shift,0.0025513081329338245,-0.006862647688461274,0.012062410514544316,0.3046953046953047,delta R2,0.03293634014376268,-0.14139231951049017,0.23393782980908964,standardized high-minus-low outcome rate difference,1.0,False,False,False,False
qwen35_27b,Qwen3.5 27B,idea,Idea,continuous,498,8,conversational,amount,Conflict_of_Perspectives,Perspective conflict,0.015428935271934303,-0.008963145303992353,0.03828604144512998,0.1068931068931069,delta R2,-0.2820689827821056,-0.46744059563988966,-0.09269411711385947,standardized high-minus-low outcome rate difference,0.8903436988543372,False,False,False,False
qwen35_27b,Qwen3.5 27B,idea,Idea,continuous,498,8,conversational,amount,Reconciliation,Reconciliation,-0.003137921351869749,-0.0058475640903686375,-0.0005335110570450815,0.986013986013986,delta R2,0.06200822615741986,-0.1199904525023115,0.23136623349794588,standardized high-minus-low outcome rate difference,1.0,False,False,False,False
qwen35_27b,Qwen3.5 27B,idea,Idea,continuous,498,8,conversational,timing,Question_and_Answering,Question–answer,-0.006096310698685794,-0.015948579873659365,0.003296978880446505,0.8851148851148851,delta R2,0.021494901993303284,-0.007181114742843311,0.04662354223410455,high-minus-low conditional timing centroid; positive means later,1.0,False,False,False,False
qwen35_27b,Qwen3.5 27B,idea,Idea,continuous,498,8,conversational,timing,Perspective_Shift,Perspective shift,-0.0005147142737835906,-0.005593498318067203,0.003930953198540068,0.6153846153846154,delta R2,-0.013031131873207813,-0.022013482066445066,-0.003740807161222142,high-minus-low conditional timing centroid; positive means later,1.0,False,False,False,False
qwen35_27b,Qwen3.5 27B,idea,Idea,continuous,498,8,conversational,timing,Conflict_of_Perspectives,Perspective conflict,-0.005903123602414144,-0.01673777244213421,0.005062048829632202,0.8441558441558441,delta R2,-0.01121248594479729,-0.023894044042368116,0.002534817852698247,high-minus-low conditional timing centroid; positive means later,1.0,False,False,False,False
qwen35_27b,Qwen3.5 27B,idea,Idea,continuous,498,8,conversational,timing,Reconciliation,Reconciliation,-0.024300948233355636,-0.03756021106254726,-0.011065378376708783,1.0,delta R2,0.010235163661725055,-0.013687643485206085,0.03734963090719953,high-minus-low conditional timing centroid; positive means later,1.0,False,False,False,False
qwen35_27b,Qwen3.5 27B,idea,Idea,continuous,498,8,cognitive,amount,verification,Verification,-0.006116792441610545,-0.012099858544362584,-0.0008766539921896533,0.986013986013986,delta R2,0.13166776677255265,-0.06297821193414656,0.3214154844041283,standardized high-minus-low outcome rate difference,1.0,False,False,False,False
qwen35_27b,Qwen3.5 27B,idea,Idea,continuous,498,8,cognitive,amount,backtracking,Backtracking,-0.002034946115578834,-0.012170259506165642,0.007103196808672929,0.6543456543456544,delta R2,-0.11045484426359826,-0.28917090701411235,0.0790528887516963,standardized high-minus-low outcome rate difference,1.0,False,False,False,False
qwen35_27b,Qwen3.5 27B,idea,Idea,continuous,498,8,cognitive,amount,subgoal,Subgoal setting,-0.005130707721205629,-0.015072635697656855,0.004411476934823337,0.8611388611388612,delta R2,0.2197488194135556,0.05066630590411458,0.3958189760139744,standardized high-minus-low outcome rate difference,1.0,False,False,False,False
qwen35_27b,Qwen3.5 27B,idea,Idea,continuous,498,8,cognitive,amount,backward_chaining,Backward chaining,0.00011076910360168598,-0.008722910124250693,0.0060726159583563855,0.5094905094905094,delta R2,-0.15305911056151256,-0.4204043784297317,0.049363809940843564,standardized high-minus-low outcome rate difference,1.0,False,False,False,False
qwen35_27b,Qwen3.5 27B,idea,Idea,continuous,498,8,cognitive,timing,verification,Verification,-0.010358216399044464,-0.020552531167479727,-0.00013800596225718996,0.97002997002997,delta R2,0.005759306560303601,-0.010317413113002298,0.024030649984034955,high-minus-low conditional timing centroid; positive means later,1.0,False,False,False,False
qwen35_27b,Qwen3.5 27B,idea,Idea,continuous,498,8,cognitive,timing,backtracking,Backtracking,0.006253615234421718,-0.006530566167119472,0.019132936462443902,0.16683316683316685,delta R2,-0.008951680373943782,-0.021709321001002323,0.003215073010210363,high-minus-low conditional timing centroid; positive means later,1.0,False,False,False,False
qwen35_27b,Qwen3.5 27B,idea,Idea,continuous,498,8,cognitive,timing,subgoal,Subgoal setting,-0.00815008879282146,-0.01887503519301517,0.0019046174861114676,0.9440559440559441,delta R2,0.0016452496942914174,-0.023166979108409314,0.024091368608284782,high-minus-low conditional timing centroid; positive means later,1.0,False,False,False,False
qwen35_27b,Qwen3.5 27B,idea,Idea,continuous,498,8,cognitive,timing,backward_chaining,Backward chaining,-0.002195569824747204,-0.008807037304746667,0.002610027724848302,0.6993006993006993,delta R2,,,,high-minus-low conditional timing centroid; positive means later,1.0,False,False,False,False
qwen35_27b,Qwen3.5 27B,security,Security,binary,455,2,conversational,amount,Question_and_Answering,Question–answer,0.0004978680121436688,-0.011821437773215005,0.0126460055666443,0.45254745254745254,bits/trace,-0.46251443652489477,-0.6852512339846291,-0.261909080708701,standardized high-minus-low outcome rate difference,1.0,False,False,False,False
qwen35_27b,Qwen3.5 27B,security,Security,binary,455,2,conversational,amount,Perspective_Shift,Perspective shift,0.01444368217538074,-0.004240951307108276,0.032697110784696906,0.07592407592407592,bits/trace,-0.340541309893455,-0.5510988212079424,-0.11723422582239129,standardized high-minus-low outcome rate difference,0.8847926267281105,False,False,False,False
qwen35_27b,Qwen3.5 27B,security,Security,binary,455,2,conversational,amount,Conflict_of_Perspectives,Perspective conflict,0.006638533716775677,-0.0029243839705778932,0.016627504054641078,0.0899100899100899,bits/trace,-0.4407910230513973,-0.6395253182275427,-0.25238284803652106,standardized high-minus-low outcome rate difference,0.8903436988543372,False,False,False,False
qwen35_27b,Qwen3.5 27B,security,Security,binary,455,2,conversational,amount,Reconciliation,Reconciliation,0.002686420713057922,-0.011384530666612528,0.014670363020208943,0.3166833166833167,bits/trace,-0.3081975292502656,-0.5336063700409404,-0.07342146949764625,standardized high-minus-low outcome rate difference,1.0,False,False,False,False
qwen35_27b,Qwen3.5 27B,security,Security,binary,455,2,conversational,timing,Question_and_Answering,Question–answer,-0.0020860989822197185,-0.011329140644540466,0.00611088628884355,0.6833166833166833,bits/trace,0.022390056325060415,-0.00795815242172449,0.051147636262955806,high-minus-low conditional timing centroid; positive means later,1.0,False,False,False,False
qwen35_27b,Qwen3.5 27B,security,Security,binary,455,2,conversational,timing,Perspective_Shift,Perspective shift,0.003579360870088568,-0.010604266609938677,0.017608787123095087,0.2997002997002997,bits/trace,0.02214886090644741,0.0009105162508238872,0.04452343441650262,high-minus-low conditional timing centroid; positive means later,1.0,False,False,False,False
qwen35_27b,Qwen3.5 27B,security,Security,binary,455,2,conversational,timing,Conflict_of_Perspectives,Perspective conflict,-0.0005193388964494117,-0.008641378406840159,0.00745219788855429,0.5374625374625375,bits/trace,0.005940086189258176,-0.0246729635155544,0.03797540517866339,high-minus-low conditional timing centroid; positive means later,1.0,False,False,False,False
qwen35_27b,Qwen3.5 27B,security,Security,binary,455,2,conversational,timing,Reconciliation,Reconciliation,0.00022380588387023976,-0.011233828016633605,0.011880496994610258,0.46853146853146854,bits/trace,0.0006505963245914126,-0.035362392841173186,0.03517307320057528,high-minus-low conditional timing centroid; positive means later,1.0,False,False,False,False
qwen35_27b,Qwen3.5 27B,security,Security,binary,455,2,cognitive,amount,verification,Verification,-0.01193251001094461,-0.02830654936795099,0.002871698133015361,0.939060939060939,bits/trace,0.21148164366647396,-0.0615490842972473,0.4596455775379506,standardized high-minus-low outcome rate difference,1.0,False,False,False,False
qwen35_27b,Qwen3.5 27B,security,Security,binary,455,2,cognitive,amount,backtracking,Backtracking,-0.001427681230163143,-0.002817630003093795,3.4692638600475735e-05,0.968031968031968,bits/trace,-0.1920317963002587,-0.3966685824999784,0.015730496759470903,standardized high-minus-low outcome rate difference,1.0,False,False,False,False
qwen35_27b,Qwen3.5 27B,security,Security,binary,455,2,cognitive,amount,subgoal,Subgoal setting,-0.004523337514239899,-0.008306919115947747,-0.0009078799840681009,0.9920079920079921,bits/trace,0.24840357976539118,0.05100332147042927,0.42814749867772467,standardized high-minus-low outcome rate difference,1.0,False,False,False,False
qwen35_27b,Qwen3.5 27B,security,Security,binary,455,2,cognitive,amount,backward_chaining,Backward chaining,-0.005475456961607158,-0.01199556239380386,-0.00015110472065913856,0.9760239760239761,bits/trace,-0.165611891187079,-0.4821280253500626,0.10481411118517567,standardized high-minus-low outcome rate difference,1.0,False,False,False,False
qwen35_27b,Qwen3.5 27B,security,Security,binary,455,2,cognitive,timing,verification,Verification,0.010064221796365805,-0.010052213616413256,0.0270202542775129,0.14485514485514486,bits/trace,0.031379245330766636,0.004404327222738689,0.05896275067567672,high-minus-low conditional timing centroid; positive means later,1.0,False,False,False,False
qwen35_27b,Qwen3.5 27B,security,Security,binary,455,2,cognitive,timing,backtracking,Backtracking,-0.0076513491212846785,-0.02595991588583427,0.010288617493669633,0.7712287712287712,bits/trace,0.03383857001899515,-0.01562765606254174,0.08876726252338345,high-minus-low conditional timing centroid; positive means later,1.0,False,False,False,False
qwen35_27b,Qwen3.5 27B,security,Security,binary,455,2,cognitive,timing,subgoal,Subgoal setting,0.0056948848235962215,-0.013004595307211172,0.023267792009826743,0.2787212787212787,bits/trace,0.058221974427534295,0.020664748450211618,0.0956103000958692,high-minus-low conditional timing centroid; positive means later,1.0,False,False,False,False
qwen35_27b,Qwen3.5 27B,security,Security,binary,455,2,cognitive,timing,backward_chaining,Backward chaining,0.0035992094864374722,-0.009502784104273186,0.016368938585310286,0.3096903096903097,bits/trace,0.057396515568018,-0.06034228640057625,0.17561072501861272,high-minus-low conditional timing centroid; positive means later,1.0,False,False,False,False
