level_0,level_1,correlation
Question_and_Answering__rate,Question_and_Answering__rate,1.0
Question_and_Answering__rate,Perspective_Shift__rate,0.06871811162348926
Question_and_Answering__rate,Conflict_of_Perspectives__rate,0.01308983894753295
Question_and_Answering__rate,Reconciliation__rate,0.05188854402293513
Question_and_Answering__rate,verification__rate,0.30356290712901024
Question_and_Answering__rate,backtracking__rate,0.018213553708429156
Question_and_Answering__rate,subgoal__rate,-0.04144567115709131
Question_and_Answering__rate,backward_chaining__rate,-0.02905134101649529
Question_and_Answering__rate,D_to_D__rate,0.5227337571396293
Question_and_Answering__rate,D_to_E__rate,0.4211718370736462
Question_and_Answering__rate,E_to_D__rate,0.4058018196820697
Question_and_Answering__rate,E_to_E__rate,0.19450112979932438
Question_and_Answering__rate,perspective_to_reconciliation__rate,-0.01751223589705496
Question_and_Answering__rate,question_to_subgoal__rate,0.3833893413396383
Question_and_Answering__rate,perspective_to_verification__rate,0.09655506837047227
Question_and_Answering__rate,conflict_to_verification__rate,-0.01302886546225444
Question_and_Answering__rate,conflict_to_reconciliation__rate,-0.014464337517874272
Question_and_Answering__rate,verification_to_backtracking__rate,-0.0055814132310737065
Question_and_Answering__rate,backtracking_to_subgoal__rate,-0.004469628283435313
Question_and_Answering__rate,reconciliation_to_verification__rate,0.1086921752717357
Question_and_Answering__rate,conflict_verification_backtracking__rate,-0.03341899521562133
Question_and_Answering__rate,verification_backtracking_subgoal__rate,-0.02435339049075596
Question_and_Answering__rate,perspective_conflict_reconciliation__rate,0.012864751260327663
Question_and_Answering__rate,conflict_reconciliation_verification__rate,0.024842164291256363
Question_and_Answering__rate,motif__question_to_subgoal__rate,0.3833893413396383
Question_and_Answering__rate,motif__perspective_to_verification__rate,0.09655506837047227
Question_and_Answering__rate,motif__conflict_to_verification__rate,-0.01302886546225444
Question_and_Answering__rate,motif__conflict_to_reconciliation__rate,-0.014464337517874272
Question_and_Answering__rate,motif__verification_to_backtracking__rate,-0.0055814132310737065
Question_and_Answering__rate,motif__backtracking_to_subgoal__rate,-0.004469628283435313
Question_and_Answering__rate,motif__reconciliation_to_verification__rate,0.1086921752717357
Question_and_Answering__rate,motif__conflict_verification_backtracking__rate,-0.03341899521562133
Question_and_Answering__rate,motif__verification_backtracking_subgoal__rate,-0.02435339049075596
Question_and_Answering__rate,motif__perspective_conflict_reconciliation__rate,0.012864751260327663
Question_and_Answering__rate,motif__conflict_reconciliation_verification__rate,0.024842164291256363
Perspective_Shift__rate,Question_and_Answering__rate,0.06871811162348926
Perspective_Shift__rate,Perspective_Shift__rate,1.0
Perspective_Shift__rate,Conflict_of_Perspectives__rate,0.41620462383770557
Perspective_Shift__rate,Reconciliation__rate,0.253570714181441
Perspective_Shift__rate,verification__rate,-0.13383172691809656
Perspective_Shift__rate,backtracking__rate,0.36997924143815164
Perspective_Shift__rate,subgoal__rate,0.14820452941787407
Perspective_Shift__rate,backward_chaining__rate,-0.05564806807359979
Perspective_Shift__rate,D_to_D__rate,0.6351278504416866
Perspective_Shift__rate,D_to_E__rate,0.4522703598806333
Perspective_Shift__rate,E_to_D__rate,0.4202823943627903
Perspective_Shift__rate,E_to_E__rate,0.00969856707372129
Perspective_Shift__rate,perspective_to_reconciliation__rate,0.2544812760619939
Perspective_Shift__rate,question_to_subgoal__rate,0.17147080924690417
Perspective_Shift__rate,perspective_to_verification__rate,0.3381627551923503
Perspective_Shift__rate,conflict_to_verification__rate,-0.002754144615772373
Perspective_Shift__rate,conflict_to_reconciliation__rate,0.13185513008921698
Perspective_Shift__rate,verification_to_backtracking__rate,0.18981618445766127
Perspective_Shift__rate,backtracking_to_subgoal__rate,0.1932316196812948
Perspective_Shift__rate,reconciliation_to_verification__rate,-0.059944409397367074
Perspective_Shift__rate,conflict_verification_backtracking__rate,0.0652937084966085
Perspective_Shift__rate,verification_backtracking_subgoal__rate,0.0707109811048642
Perspective_Shift__rate,perspective_conflict_reconciliation__rate,0.18658036642335155
Perspective_Shift__rate,conflict_reconciliation_verification__rate,0.0003250659660394683
Perspective_Shift__rate,motif__question_to_subgoal__rate,0.17147080924690417
Perspective_Shift__rate,motif__perspective_to_verification__rate,0.3381627551923503
Perspective_Shift__rate,motif__conflict_to_verification__rate,-0.002754144615772373
Perspective_Shift__rate,motif__conflict_to_reconciliation__rate,0.13185513008921698
Perspective_Shift__rate,motif__verification_to_backtracking__rate,0.18981618445766127
Perspective_Shift__rate,motif__backtracking_to_subgoal__rate,0.1932316196812948
Perspective_Shift__rate,motif__reconciliation_to_verification__rate,-0.059944409397367074
Perspective_Shift__rate,motif__conflict_verification_backtracking__rate,0.0652937084966085
Perspective_Shift__rate,motif__verification_backtracking_subgoal__rate,0.0707109811048642
Perspective_Shift__rate,motif__perspective_conflict_reconciliation__rate,0.18658036642335155
Perspective_Shift__rate,motif__conflict_reconciliation_verification__rate,0.0003250659660394683
Conflict_of_Perspectives__rate,Question_and_Answering__rate,0.01308983894753295
Conflict_of_Perspectives__rate,Perspective_Shift__rate,0.41620462383770557
Conflict_of_Perspectives__rate,Conflict_of_Perspectives__rate,1.0
Conflict_of_Perspectives__rate,Reconciliation__rate,0.3310254587889744
Conflict_of_Perspectives__rate,verification__rate,0.08780667242968623
Conflict_of_Perspectives__rate,backtracking__rate,0.565180260921375
Conflict_of_Perspectives__rate,subgoal__rate,-0.12057468051804715
Conflict_of_Perspectives__rate,backward_chaining__rate,0.02792277532592751
Conflict_of_Perspectives__rate,D_to_D__rate,0.6048253994492085
Conflict_of_Perspectives__rate,D_to_E__rate,0.44873064280832603
Conflict_of_Perspectives__rate,E_to_D__rate,0.463810559076875
Conflict_of_Perspectives__rate,E_to_E__rate,0.08113261512873887
Conflict_of_Perspectives__rate,perspective_to_reconciliation__rate,0.12267523566854503
Conflict_of_Perspectives__rate,question_to_subgoal__rate,0.05096711802311291
Conflict_of_Perspectives__rate,perspective_to_verification__rate,0.2474387577172761
Conflict_of_Perspectives__rate,conflict_to_verification__rate,0.42563049836243017
Conflict_of_Perspectives__rate,conflict_to_reconciliation__rate,0.4262012566905664
Conflict_of_Perspectives__rate,verification_to_backtracking__rate,0.4778407388559514
Conflict_of_Perspectives__rate,backtracking_to_subgoal__rate,0.2883205269987674
Conflict_of_Perspectives__rate,reconciliation_to_verification__rate,0.0809200973335618
Conflict_of_Perspectives__rate,conflict_verification_backtracking__rate,0.3286995071656098
Conflict_of_Perspectives__rate,verification_backtracking_subgoal__rate,0.20149042219310478
Conflict_of_Perspectives__rate,perspective_conflict_reconciliation__rate,0.24773918640223022
Conflict_of_Perspectives__rate,conflict_reconciliation_verification__rate,0.14699721327664889
Conflict_of_Perspectives__rate,motif__question_to_subgoal__rate,0.05096711802311291
Conflict_of_Perspectives__rate,motif__perspective_to_verification__rate,0.2474387577172761
Conflict_of_Perspectives__rate,motif__conflict_to_verification__rate,0.42563049836243017
Conflict_of_Perspectives__rate,motif__conflict_to_reconciliation__rate,0.4262012566905664
Conflict_of_Perspectives__rate,motif__verification_to_backtracking__rate,0.4778407388559514
Conflict_of_Perspectives__rate,motif__backtracking_to_subgoal__rate,0.2883205269987674
Conflict_of_Perspectives__rate,motif__reconciliation_to_verification__rate,0.0809200973335618
Conflict_of_Perspectives__rate,motif__conflict_verification_backtracking__rate,0.3286995071656098
Conflict_of_Perspectives__rate,motif__verification_backtracking_subgoal__rate,0.20149042219310478
Conflict_of_Perspectives__rate,motif__perspective_conflict_reconciliation__rate,0.24773918640223022
Conflict_of_Perspectives__rate,motif__conflict_reconciliation_verification__rate,0.14699721327664889
Reconciliation__rate,Question_and_Answering__rate,0.05188854402293513
Reconciliation__rate,Perspective_Shift__rate,0.253570714181441
Reconciliation__rate,Conflict_of_Perspectives__rate,0.3310254587889744
Reconciliation__rate,Reconciliation__rate,1.0
Reconciliation__rate,verification__rate,-0.02167309639430947
Reconciliation__rate,backtracking__rate,0.06501501989503602
Reconciliation__rate,subgoal__rate,-0.053527298617048226
Reconciliation__rate,backward_chaining__rate,-0.012718251483031092
Reconciliation__rate,D_to_D__rate,0.3354233721965772
Reconciliation__rate,D_to_E__rate,0.1059025262286608
Reconciliation__rate,E_to_D__rate,0.12686289342169932
Reconciliation__rate,E_to_E__rate,-0.07877658189366486
Reconciliation__rate,perspective_to_reconciliation__rate,0.4690801976205157
Reconciliation__rate,question_to_subgoal__rate,0.04252180795148488
Reconciliation__rate,perspective_to_verification__rate,0.005351251193533203
Reconciliation__rate,conflict_to_verification__rate,0.11193686245122121
Reconciliation__rate,conflict_to_reconciliation__rate,0.5146632824541407
Reconciliation__rate,verification_to_backtracking__rate,0.024299349830803146
Reconciliation__rate,backtracking_to_subgoal__rate,-0.011923338204366337
Reconciliation__rate,reconciliation_to_verification__rate,0.3196028724208177
Reconciliation__rate,conflict_verification_backtracking__rate,0.017310673434955102
Reconciliation__rate,verification_backtracking_subgoal__rate,0.0025304771701836278
Reconciliation__rate,perspective_conflict_reconciliation__rate,0.2620812219528115
Reconciliation__rate,conflict_reconciliation_verification__rate,0.18423422767558031
Reconciliation__rate,motif__question_to_subgoal__rate,0.04252180795148488
Reconciliation__rate,motif__perspective_to_verification__rate,0.005351251193533203
Reconciliation__rate,motif__conflict_to_verification__rate,0.11193686245122121
Reconciliation__rate,motif__conflict_to_reconciliation__rate,0.5146632824541407
Reconciliation__rate,motif__verification_to_backtracking__rate,0.024299349830803146
Reconciliation__rate,motif__backtracking_to_subgoal__rate,-0.011923338204366337
Reconciliation__rate,motif__reconciliation_to_verification__rate,0.3196028724208177
Reconciliation__rate,motif__conflict_verification_backtracking__rate,0.017310673434955102
Reconciliation__rate,motif__verification_backtracking_subgoal__rate,0.0025304771701836278
Reconciliation__rate,motif__perspective_conflict_reconciliation__rate,0.2620812219528115
Reconciliation__rate,motif__conflict_reconciliation_verification__rate,0.18423422767558031
verification__rate,Question_and_Answering__rate,0.30356290712901024
verification__rate,Perspective_Shift__rate,-0.13383172691809656
verification__rate,Conflict_of_Perspectives__rate,0.08780667242968623
verification__rate,Reconciliation__rate,-0.02167309639430947
verification__rate,verification__rate,1.0
verification__rate,backtracking__rate,0.042406271282942706
verification__rate,subgoal__rate,-0.23881031540753983
verification__rate,backward_chaining__rate,0.036425467710445275
verification__rate,D_to_D__rate,0.13107874449522264
verification__rate,D_to_E__rate,0.47355212115267364
verification__rate,E_to_D__rate,0.516872491583271
verification__rate,E_to_E__rate,0.6458912401448516
verification__rate,perspective_to_reconciliation__rate,-0.08693113412854309
verification__rate,question_to_subgoal__rate,-0.06353232353604203
verification__rate,perspective_to_verification__rate,0.45066988937098057
verification__rate,conflict_to_verification__rate,0.3561064780300351
verification__rate,conflict_to_reconciliation__rate,-0.01812175019669263
verification__rate,verification_to_backtracking__rate,0.1749779593034234
verification__rate,backtracking_to_subgoal__rate,0.006131607444941915
verification__rate,reconciliation_to_verification__rate,0.37732995375433265
verification__rate,conflict_verification_backtracking__rate,0.1195383530909418
verification__rate,verification_backtracking_subgoal__rate,0.05321913147169684
verification__rate,perspective_conflict_reconciliation__rate,-0.008968640088900224
verification__rate,conflict_reconciliation_verification__rate,0.1897170599300443
verification__rate,motif__question_to_subgoal__rate,-0.06353232353604203
verification__rate,motif__perspective_to_verification__rate,0.45066988937098057
verification__rate,motif__conflict_to_verification__rate,0.3561064780300351
verification__rate,motif__conflict_to_reconciliation__rate,-0.01812175019669263
verification__rate,motif__verification_to_backtracking__rate,0.1749779593034234
verification__rate,motif__backtracking_to_subgoal__rate,0.006131607444941915
verification__rate,motif__reconciliation_to_verification__rate,0.37732995375433265
verification__rate,motif__conflict_verification_backtracking__rate,0.1195383530909418
verification__rate,motif__verification_backtracking_subgoal__rate,0.05321913147169684
verification__rate,motif__perspective_conflict_reconciliation__rate,-0.008968640088900224
verification__rate,motif__conflict_reconciliation_verification__rate,0.1897170599300443
backtracking__rate,Question_and_Answering__rate,0.018213553708429156
backtracking__rate,Perspective_Shift__rate,0.36997924143815164
backtracking__rate,Conflict_of_Perspectives__rate,0.565180260921375
backtracking__rate,Reconciliation__rate,0.06501501989503602
backtracking__rate,verification__rate,0.042406271282942706
backtracking__rate,backtracking__rate,1.0
backtracking__rate,subgoal__rate,-0.11608374626871706
backtracking__rate,backward_chaining__rate,0.004013431128417862
backtracking__rate,D_to_D__rate,0.4231692885575413
backtracking__rate,D_to_E__rate,0.43370514659541914
backtracking__rate,E_to_D__rate,0.46048360630463814
backtracking__rate,E_to_E__rate,0.1711253971415673
backtracking__rate,perspective_to_reconciliation__rate,0.05049086609826435
backtracking__rate,question_to_subgoal__rate,-0.009203948475390477
backtracking__rate,perspective_to_verification__rate,0.17682635968586946
backtracking__rate,conflict_to_verification__rate,0.13145531440290006
backtracking__rate,conflict_to_reconciliation__rate,0.17486512028914092
backtracking__rate,verification_to_backtracking__rate,0.6931195955619286
backtracking__rate,backtracking_to_subgoal__rate,0.4825074521391107
backtracking__rate,reconciliation_to_verification__rate,0.028557439472201424
backtracking__rate,conflict_verification_backtracking__rate,0.31724403347498425
backtracking__rate,verification_backtracking_subgoal__rate,0.27058894851225235
backtracking__rate,perspective_conflict_reconciliation__rate,0.10582876836896325
backtracking__rate,conflict_reconciliation_verification__rate,0.07453283293161124
backtracking__rate,motif__question_to_subgoal__rate,-0.009203948475390477
backtracking__rate,motif__perspective_to_verification__rate,0.17682635968586946
backtracking__rate,motif__conflict_to_verification__rate,0.13145531440290006
backtracking__rate,motif__conflict_to_reconciliation__rate,0.17486512028914092
backtracking__rate,motif__verification_to_backtracking__rate,0.6931195955619286
backtracking__rate,motif__backtracking_to_subgoal__rate,0.4825074521391107
backtracking__rate,motif__reconciliation_to_verification__rate,0.028557439472201424
backtracking__rate,motif__conflict_verification_backtracking__rate,0.31724403347498425
backtracking__rate,motif__verification_backtracking_subgoal__rate,0.27058894851225235
backtracking__rate,motif__perspective_conflict_reconciliation__rate,0.10582876836896325
backtracking__rate,motif__conflict_reconciliation_verification__rate,0.07453283293161124
subgoal__rate,Question_and_Answering__rate,-0.04144567115709131
subgoal__rate,Perspective_Shift__rate,0.14820452941787407
subgoal__rate,Conflict_of_Perspectives__rate,-0.12057468051804715
subgoal__rate,Reconciliation__rate,-0.053527298617048226
subgoal__rate,verification__rate,-0.23881031540753983
subgoal__rate,backtracking__rate,-0.11608374626871706
subgoal__rate,subgoal__rate,1.0
subgoal__rate,backward_chaining__rate,-0.09339253044784585
subgoal__rate,D_to_D__rate,-0.009825465354196388
subgoal__rate,D_to_E__rate,0.07569819541683169
subgoal__rate,E_to_D__rate,0.04297423125855331
subgoal__rate,E_to_E__rate,0.2957820777136329
subgoal__rate,perspective_to_reconciliation__rate,0.08172471443484482
subgoal__rate,question_to_subgoal__rate,0.24270432449297027
subgoal__rate,perspective_to_verification__rate,-0.03599970071871946
subgoal__rate,conflict_to_verification__rate,-0.15358710092951008
subgoal__rate,conflict_to_reconciliation__rate,0.011564786685100983
subgoal__rate,verification_to_backtracking__rate,-0.1686676046976784
subgoal__rate,backtracking_to_subgoal__rate,0.023482979705172963
subgoal__rate,reconciliation_to_verification__rate,-0.1795722335777567
subgoal__rate,conflict_verification_backtracking__rate,-0.09085979328097356
subgoal__rate,verification_backtracking_subgoal__rate,-0.01642449719965913
subgoal__rate,perspective_conflict_reconciliation__rate,0.041638915830888835
subgoal__rate,conflict_reconciliation_verification__rate,-0.08095046270506943
subgoal__rate,motif__question_to_subgoal__rate,0.24270432449297027
subgoal__rate,motif__perspective_to_verification__rate,-0.03599970071871946
subgoal__rate,motif__conflict_to_verification__rate,-0.15358710092951008
subgoal__rate,motif__conflict_to_reconciliation__rate,0.011564786685100983
subgoal__rate,motif__verification_to_backtracking__rate,-0.1686676046976784
subgoal__rate,motif__backtracking_to_subgoal__rate,0.023482979705172963
subgoal__rate,motif__reconciliation_to_verification__rate,-0.1795722335777567
subgoal__rate,motif__conflict_verification_backtracking__rate,-0.09085979328097356
subgoal__rate,motif__verification_backtracking_subgoal__rate,-0.01642449719965913
subgoal__rate,motif__perspective_conflict_reconciliation__rate,0.041638915830888835
subgoal__rate,motif__conflict_reconciliation_verification__rate,-0.08095046270506943
backward_chaining__rate,Question_and_Answering__rate,-0.02905134101649529
backward_chaining__rate,Perspective_Shift__rate,-0.05564806807359979
backward_chaining__rate,Conflict_of_Perspectives__rate,0.02792277532592751
backward_chaining__rate,Reconciliation__rate,-0.012718251483031092
backward_chaining__rate,verification__rate,0.036425467710445275
backward_chaining__rate,backtracking__rate,0.004013431128417862
backward_chaining__rate,subgoal__rate,-0.09339253044784585
backward_chaining__rate,backward_chaining__rate,1.0
backward_chaining__rate,D_to_D__rate,-0.0456446731398293
backward_chaining__rate,D_to_E__rate,0.04995958151879342
backward_chaining__rate,E_to_D__rate,0.07057118152041306
backward_chaining__rate,E_to_E__rate,0.137711517655739
backward_chaining__rate,perspective_to_reconciliation__rate,-0.019556368393089055
backward_chaining__rate,question_to_subgoal__rate,-0.04192377320942313
backward_chaining__rate,perspective_to_verification__rate,0.008573341167817092
backward_chaining__rate,conflict_to_verification__rate,0.038138637010788304
backward_chaining__rate,conflict_to_reconciliation__rate,0.02727547652886429
backward_chaining__rate,verification_to_backtracking__rate,0.05401524514993277
backward_chaining__rate,backtracking_to_subgoal__rate,0.002061040858846461
backward_chaining__rate,reconciliation_to_verification__rate,-0.0023332028109592636
backward_chaining__rate,conflict_verification_backtracking__rate,0.023782178489659144
backward_chaining__rate,verification_backtracking_subgoal__rate,0.02203127588653632
backward_chaining__rate,perspective_conflict_reconciliation__rate,-0.020260210621029534
backward_chaining__rate,conflict_reconciliation_verification__rate,0.005535375421606033
backward_chaining__rate,motif__question_to_subgoal__rate,-0.04192377320942313
backward_chaining__rate,motif__perspective_to_verification__rate,0.008573341167817092
backward_chaining__rate,motif__conflict_to_verification__rate,0.038138637010788304
backward_chaining__rate,motif__conflict_to_reconciliation__rate,0.02727547652886429
backward_chaining__rate,motif__verification_to_backtracking__rate,0.05401524514993277
backward_chaining__rate,motif__backtracking_to_subgoal__rate,0.002061040858846461
backward_chaining__rate,motif__reconciliation_to_verification__rate,-0.0023332028109592636
backward_chaining__rate,motif__conflict_verification_backtracking__rate,0.023782178489659144
backward_chaining__rate,motif__verification_backtracking_subgoal__rate,0.02203127588653632
backward_chaining__rate,motif__perspective_conflict_reconciliation__rate,-0.020260210621029534
backward_chaining__rate,motif__conflict_reconciliation_verification__rate,0.005535375421606033
D_to_D__rate,Question_and_Answering__rate,0.5227337571396293
D_to_D__rate,Perspective_Shift__rate,0.6351278504416866
D_to_D__rate,Conflict_of_Perspectives__rate,0.6048253994492085
D_to_D__rate,Reconciliation__rate,0.3354233721965772
D_to_D__rate,verification__rate,0.13107874449522264
D_to_D__rate,backtracking__rate,0.4231692885575413
D_to_D__rate,subgoal__rate,-0.009825465354196388
D_to_D__rate,backward_chaining__rate,-0.0456446731398293
D_to_D__rate,D_to_D__rate,1.0
D_to_D__rate,D_to_E__rate,0.7100685680722756
D_to_D__rate,E_to_D__rate,0.6848358223575933
D_to_D__rate,E_to_E__rate,0.1857894428768252
D_to_D__rate,perspective_to_reconciliation__rate,0.2698750775280781
D_to_D__rate,question_to_subgoal__rate,0.31200243740436573
D_to_D__rate,perspective_to_verification__rate,0.37751952776389697
D_to_D__rate,conflict_to_verification__rate,0.15061062248894408
D_to_D__rate,conflict_to_reconciliation__rate,0.2814101741825194
D_to_D__rate,verification_to_backtracking__rate,0.2856055309934674
D_to_D__rate,backtracking_to_subgoal__rate,0.21898796537158116
D_to_D__rate,reconciliation_to_verification__rate,0.08014389584842711
D_to_D__rate,conflict_verification_backtracking__rate,0.1586271474887585
D_to_D__rate,verification_backtracking_subgoal__rate,0.10338594934075873
D_to_D__rate,perspective_conflict_reconciliation__rate,0.26458847965190224
D_to_D__rate,conflict_reconciliation_verification__rate,0.09418558285069473
D_to_D__rate,motif__question_to_subgoal__rate,0.31200243740436573
D_to_D__rate,motif__perspective_to_verification__rate,0.37751952776389697
D_to_D__rate,motif__conflict_to_verification__rate,0.15061062248894408
D_to_D__rate,motif__conflict_to_reconciliation__rate,0.2814101741825194
D_to_D__rate,motif__verification_to_backtracking__rate,0.2856055309934674
D_to_D__rate,motif__backtracking_to_subgoal__rate,0.21898796537158116
D_to_D__rate,motif__reconciliation_to_verification__rate,0.08014389584842711
D_to_D__rate,motif__conflict_verification_backtracking__rate,0.1586271474887585
D_to_D__rate,motif__verification_backtracking_subgoal__rate,0.10338594934075873
D_to_D__rate,motif__perspective_conflict_reconciliation__rate,0.26458847965190224
D_to_D__rate,motif__conflict_reconciliation_verification__rate,0.09418558285069473
D_to_E__rate,Question_and_Answering__rate,0.4211718370736462
D_to_E__rate,Perspective_Shift__rate,0.4522703598806333
D_to_E__rate,Conflict_of_Perspectives__rate,0.44873064280832603
D_to_E__rate,Reconciliation__rate,0.1059025262286608
D_to_E__rate,verification__rate,0.47355212115267364
D_to_E__rate,backtracking__rate,0.43370514659541914
D_to_E__rate,subgoal__rate,0.07569819541683169
D_to_E__rate,backward_chaining__rate,0.04995958151879342
D_to_E__rate,D_to_D__rate,0.7100685680722756
D_to_E__rate,D_to_E__rate,1.0
D_to_E__rate,E_to_D__rate,0.883190236264789
D_to_E__rate,E_to_E__rate,0.564131119514442
D_to_E__rate,perspective_to_reconciliation__rate,0.09844776341779761
D_to_E__rate,question_to_subgoal__rate,0.25572941050285264
D_to_E__rate,perspective_to_verification__rate,0.6598132983828462
D_to_E__rate,conflict_to_verification__rate,0.3014636888966465
D_to_E__rate,conflict_to_reconciliation__rate,0.12364002440680777
D_to_E__rate,verification_to_backtracking__rate,0.37643260668644885
D_to_E__rate,backtracking_to_subgoal__rate,0.2816817650014199
D_to_E__rate,reconciliation_to_verification__rate,0.19443735135545143
D_to_E__rate,conflict_verification_backtracking__rate,0.22945661934370354
D_to_E__rate,verification_backtracking_subgoal__rate,0.16915337553577725
D_to_E__rate,perspective_conflict_reconciliation__rate,0.1567000875727113
D_to_E__rate,conflict_reconciliation_verification__rate,0.15653972025843257
D_to_E__rate,motif__question_to_subgoal__rate,0.25572941050285264
D_to_E__rate,motif__perspective_to_verification__rate,0.6598132983828462
D_to_E__rate,motif__conflict_to_verification__rate,0.3014636888966465
D_to_E__rate,motif__conflict_to_reconciliation__rate,0.12364002440680777
D_to_E__rate,motif__verification_to_backtracking__rate,0.37643260668644885
D_to_E__rate,motif__backtracking_to_subgoal__rate,0.2816817650014199
D_to_E__rate,motif__reconciliation_to_verification__rate,0.19443735135545143
D_to_E__rate,motif__conflict_verification_backtracking__rate,0.22945661934370354
D_to_E__rate,motif__verification_backtracking_subgoal__rate,0.16915337553577725
D_to_E__rate,motif__perspective_conflict_reconciliation__rate,0.1567000875727113
D_to_E__rate,motif__conflict_reconciliation_verification__rate,0.15653972025843257
E_to_D__rate,Question_and_Answering__rate,0.4058018196820697
E_to_D__rate,Perspective_Shift__rate,0.4202823943627903
E_to_D__rate,Conflict_of_Perspectives__rate,0.463810559076875
E_to_D__rate,Reconciliation__rate,0.12686289342169932
E_to_D__rate,verification__rate,0.516872491583271
E_to_D__rate,backtracking__rate,0.46048360630463814
E_to_D__rate,subgoal__rate,0.04297423125855331
E_to_D__rate,backward_chaining__rate,0.07057118152041306
E_to_D__rate,D_to_D__rate,0.6848358223575933
E_to_D__rate,D_to_E__rate,0.883190236264789
E_to_D__rate,E_to_D__rate,1.0
E_to_D__rate,E_to_E__rate,0.5673500481847524
E_to_D__rate,perspective_to_reconciliation__rate,0.11105376676881877
E_to_D__rate,question_to_subgoal__rate,0.18851067009767916
E_to_D__rate,perspective_to_verification__rate,0.5909696015356526
E_to_D__rate,conflict_to_verification__rate,0.31115350713576495
E_to_D__rate,conflict_to_reconciliation__rate,0.1679941771329195
E_to_D__rate,verification_to_backtracking__rate,0.4092781166390113
E_to_D__rate,backtracking_to_subgoal__rate,0.2578740223835522
E_to_D__rate,reconciliation_to_verification__rate,0.18493100524248932
E_to_D__rate,conflict_verification_backtracking__rate,0.23166741825658677
E_to_D__rate,verification_backtracking_subgoal__rate,0.1652193252718254
E_to_D__rate,perspective_conflict_reconciliation__rate,0.1575125055543602
E_to_D__rate,conflict_reconciliation_verification__rate,0.1526801222432726
E_to_D__rate,motif__question_to_subgoal__rate,0.18851067009767916
E_to_D__rate,motif__perspective_to_verification__rate,0.5909696015356526
E_to_D__rate,motif__conflict_to_verification__rate,0.31115350713576495
E_to_D__rate,motif__conflict_to_reconciliation__rate,0.1679941771329195
E_to_D__rate,motif__verification_to_backtracking__rate,0.4092781166390113
E_to_D__rate,motif__backtracking_to_subgoal__rate,0.2578740223835522
E_to_D__rate,motif__reconciliation_to_verification__rate,0.18493100524248932
E_to_D__rate,motif__conflict_verification_backtracking__rate,0.23166741825658677
E_to_D__rate,motif__verification_backtracking_subgoal__rate,0.1652193252718254
E_to_D__rate,motif__perspective_conflict_reconciliation__rate,0.1575125055543602
E_to_D__rate,motif__conflict_reconciliation_verification__rate,0.1526801222432726
E_to_E__rate,Question_and_Answering__rate,0.19450112979932438
E_to_E__rate,Perspective_Shift__rate,0.00969856707372129
E_to_E__rate,Conflict_of_Perspectives__rate,0.08113261512873887
E_to_E__rate,Reconciliation__rate,-0.07877658189366486
E_to_E__rate,verification__rate,0.6458912401448516
E_to_E__rate,backtracking__rate,0.1711253971415673
E_to_E__rate,subgoal__rate,0.2957820777136329
E_to_E__rate,backward_chaining__rate,0.137711517655739
E_to_E__rate,D_to_D__rate,0.1857894428768252
E_to_E__rate,D_to_E__rate,0.564131119514442
E_to_E__rate,E_to_D__rate,0.5673500481847524
E_to_E__rate,E_to_E__rate,1.0
E_to_E__rate,perspective_to_reconciliation__rate,-0.019440635047607152
E_to_E__rate,question_to_subgoal__rate,0.06473692810396076
E_to_E__rate,perspective_to_verification__rate,0.3271666465050589
E_to_E__rate,conflict_to_verification__rate,0.26745804807131923
E_to_E__rate,conflict_to_reconciliation__rate,-0.010877228850385579
E_to_E__rate,verification_to_backtracking__rate,0.2389743995002459
E_to_E__rate,backtracking_to_subgoal__rate,0.15533888424123196
E_to_E__rate,reconciliation_to_verification__rate,0.21295801626013344
E_to_E__rate,conflict_verification_backtracking__rate,0.16028020925453382
E_to_E__rate,verification_backtracking_subgoal__rate,0.12895232233097134
E_to_E__rate,perspective_conflict_reconciliation__rate,0.007854671057407616
E_to_E__rate,conflict_reconciliation_verification__rate,0.125076707966487
E_to_E__rate,motif__question_to_subgoal__rate,0.06473692810396076
E_to_E__rate,motif__perspective_to_verification__rate,0.3271666465050589
E_to_E__rate,motif__conflict_to_verification__rate,0.26745804807131923
E_to_E__rate,motif__conflict_to_reconciliation__rate,-0.010877228850385579
E_to_E__rate,motif__verification_to_backtracking__rate,0.2389743995002459
E_to_E__rate,motif__backtracking_to_subgoal__rate,0.15533888424123196
E_to_E__rate,motif__reconciliation_to_verification__rate,0.21295801626013344
E_to_E__rate,motif__conflict_verification_backtracking__rate,0.16028020925453382
E_to_E__rate,motif__verification_backtracking_subgoal__rate,0.12895232233097134
E_to_E__rate,motif__perspective_conflict_reconciliation__rate,0.007854671057407616
E_to_E__rate,motif__conflict_reconciliation_verification__rate,0.125076707966487
perspective_to_reconciliation__rate,Question_and_Answering__rate,-0.01751223589705496
perspective_to_reconciliation__rate,Perspective_Shift__rate,0.2544812760619939
perspective_to_reconciliation__rate,Conflict_of_Perspectives__rate,0.12267523566854503
perspective_to_reconciliation__rate,Reconciliation__rate,0.4690801976205157
perspective_to_reconciliation__rate,verification__rate,-0.08693113412854309
perspective_to_reconciliation__rate,backtracking__rate,0.05049086609826435
perspective_to_reconciliation__rate,subgoal__rate,0.08172471443484482
perspective_to_reconciliation__rate,backward_chaining__rate,-0.019556368393089055
perspective_to_reconciliation__rate,D_to_D__rate,0.2698750775280781
perspective_to_reconciliation__rate,D_to_E__rate,0.09844776341779761
perspective_to_reconciliation__rate,E_to_D__rate,0.11105376676881877
perspective_to_reconciliation__rate,E_to_E__rate,-0.019440635047607152
perspective_to_reconciliation__rate,perspective_to_reconciliation__rate,1.0
perspective_to_reconciliation__rate,question_to_subgoal__rate,0.04354658307058185
perspective_to_reconciliation__rate,perspective_to_verification__rate,0.06411011766537368
perspective_to_reconciliation__rate,conflict_to_verification__rate,0.013318441994121022
perspective_to_reconciliation__rate,conflict_to_reconciliation__rate,0.2193309599473461
perspective_to_reconciliation__rate,verification_to_backtracking__rate,-0.007166894391885396
perspective_to_reconciliation__rate,backtracking_to_subgoal__rate,-0.004145362811448538
perspective_to_reconciliation__rate,reconciliation_to_verification__rate,0.09533620234144366
perspective_to_reconciliation__rate,conflict_verification_backtracking__rate,0.004126152989007013
perspective_to_reconciliation__rate,verification_backtracking_subgoal__rate,-0.01971777355708187
perspective_to_reconciliation__rate,perspective_conflict_reconciliation__rate,0.08566959014936334
perspective_to_reconciliation__rate,conflict_reconciliation_verification__rate,0.05078663119386219
perspective_to_reconciliation__rate,motif__question_to_subgoal__rate,0.04354658307058185
perspective_to_reconciliation__rate,motif__perspective_to_verification__rate,0.06411011766537368
perspective_to_reconciliation__rate,motif__conflict_to_verification__rate,0.013318441994121022
perspective_to_reconciliation__rate,motif__conflict_to_reconciliation__rate,0.2193309599473461
perspective_to_reconciliation__rate,motif__verification_to_backtracking__rate,-0.007166894391885396
perspective_to_reconciliation__rate,motif__backtracking_to_subgoal__rate,-0.004145362811448538
perspective_to_reconciliation__rate,motif__reconciliation_to_verification__rate,0.09533620234144366
perspective_to_reconciliation__rate,motif__conflict_verification_backtracking__rate,0.004126152989007013
perspective_to_reconciliation__rate,motif__verification_backtracking_subgoal__rate,-0.01971777355708187
perspective_to_reconciliation__rate,motif__perspective_conflict_reconciliation__rate,0.08566959014936334
perspective_to_reconciliation__rate,motif__conflict_reconciliation_verification__rate,0.05078663119386219
question_to_subgoal__rate,Question_and_Answering__rate,0.3833893413396383
question_to_subgoal__rate,Perspective_Shift__rate,0.17147080924690417
question_to_subgoal__rate,Conflict_of_Perspectives__rate,0.05096711802311291
question_to_subgoal__rate,Reconciliation__rate,0.04252180795148488
question_to_subgoal__rate,verification__rate,-0.06353232353604203
question_to_subgoal__rate,backtracking__rate,-0.009203948475390477
question_to_subgoal__rate,subgoal__rate,0.24270432449297027
question_to_subgoal__rate,backward_chaining__rate,-0.04192377320942313
question_to_subgoal__rate,D_to_D__rate,0.31200243740436573
question_to_subgoal__rate,D_to_E__rate,0.25572941050285264
question_to_subgoal__rate,E_to_D__rate,0.18851067009767916
question_to_subgoal__rate,E_to_E__rate,0.06473692810396076
question_to_subgoal__rate,perspective_to_reconciliation__rate,0.04354658307058185
question_to_subgoal__rate,question_to_subgoal__rate,1.0
question_to_subgoal__rate,perspective_to_verification__rate,0.03927146195565954
question_to_subgoal__rate,conflict_to_verification__rate,-0.052492668843773245
question_to_subgoal__rate,conflict_to_reconciliation__rate,0.025782140607578014
question_to_subgoal__rate,verification_to_backtracking__rate,-0.04219143933704985
question_to_subgoal__rate,backtracking_to_subgoal__rate,0.03129682906213349
question_to_subgoal__rate,reconciliation_to_verification__rate,-0.04575269862850825
question_to_subgoal__rate,conflict_verification_backtracking__rate,-0.028291564275259737
question_to_subgoal__rate,verification_backtracking_subgoal__rate,-0.0068530226409315755
question_to_subgoal__rate,perspective_conflict_reconciliation__rate,0.04152534188627094
question_to_subgoal__rate,conflict_reconciliation_verification__rate,-0.015945295113994975
question_to_subgoal__rate,motif__question_to_subgoal__rate,1.0
question_to_subgoal__rate,motif__perspective_to_verification__rate,0.03927146195565954
question_to_subgoal__rate,motif__conflict_to_verification__rate,-0.052492668843773245
question_to_subgoal__rate,motif__conflict_to_reconciliation__rate,0.025782140607578014
question_to_subgoal__rate,motif__verification_to_backtracking__rate,-0.04219143933704985
question_to_subgoal__rate,motif__backtracking_to_subgoal__rate,0.03129682906213349
question_to_subgoal__rate,motif__reconciliation_to_verification__rate,-0.04575269862850825
question_to_subgoal__rate,motif__conflict_verification_backtracking__rate,-0.028291564275259737
question_to_subgoal__rate,motif__verification_backtracking_subgoal__rate,-0.0068530226409315755
question_to_subgoal__rate,motif__perspective_conflict_reconciliation__rate,0.04152534188627094
question_to_subgoal__rate,motif__conflict_reconciliation_verification__rate,-0.015945295113994975
perspective_to_verification__rate,Question_and_Answering__rate,0.09655506837047227
perspective_to_verification__rate,Perspective_Shift__rate,0.3381627551923503
perspective_to_verification__rate,Conflict_of_Perspectives__rate,0.2474387577172761
perspective_to_verification__rate,Reconciliation__rate,0.005351251193533203
perspective_to_verification__rate,verification__rate,0.45066988937098057
perspective_to_verification__rate,backtracking__rate,0.17682635968586946
perspective_to_verification__rate,subgoal__rate,-0.03599970071871946
perspective_to_verification__rate,backward_chaining__rate,0.008573341167817092
perspective_to_verification__rate,D_to_D__rate,0.37751952776389697
perspective_to_verification__rate,D_to_E__rate,0.6598132983828462
perspective_to_verification__rate,E_to_D__rate,0.5909696015356526
perspective_to_verification__rate,E_to_E__rate,0.3271666465050589
perspective_to_verification__rate,perspective_to_reconciliation__rate,0.06411011766537368
perspective_to_verification__rate,question_to_subgoal__rate,0.03927146195565954
perspective_to_verification__rate,perspective_to_verification__rate,1.0
perspective_to_verification__rate,conflict_to_verification__rate,0.14529459110558987
perspective_to_verification__rate,conflict_to_reconciliation__rate,0.02208551346625394
perspective_to_verification__rate,verification_to_backtracking__rate,0.15864292419567144
perspective_to_verification__rate,backtracking_to_subgoal__rate,0.08824023115820687
perspective_to_verification__rate,reconciliation_to_verification__rate,0.09024628194546618
perspective_to_verification__rate,conflict_verification_backtracking__rate,0.09317165913427501
perspective_to_verification__rate,verification_backtracking_subgoal__rate,0.048448233572868996
perspective_to_verification__rate,perspective_conflict_reconciliation__rate,0.13425189666331888
perspective_to_verification__rate,conflict_reconciliation_verification__rate,0.07594913112446013
perspective_to_verification__rate,motif__question_to_subgoal__rate,0.03927146195565953
perspective_to_verification__rate,motif__perspective_to_verification__rate,1.0
perspective_to_verification__rate,motif__conflict_to_verification__rate,0.14529459110558987
perspective_to_verification__rate,motif__conflict_to_reconciliation__rate,0.02208551346625394
perspective_to_verification__rate,motif__verification_to_backtracking__rate,0.15864292419567144
perspective_to_verification__rate,motif__backtracking_to_subgoal__rate,0.08824023115820687
perspective_to_verification__rate,motif__reconciliation_to_verification__rate,0.09024628194546618
perspective_to_verification__rate,motif__conflict_verification_backtracking__rate,0.09317165913427501
perspective_to_verification__rate,motif__verification_backtracking_subgoal__rate,0.048448233572868996
perspective_to_verification__rate,motif__perspective_conflict_reconciliation__rate,0.13425189666331888
perspective_to_verification__rate,motif__conflict_reconciliation_verification__rate,0.07594913112446013
conflict_to_verification__rate,Question_and_Answering__rate,-0.01302886546225444
conflict_to_verification__rate,Perspective_Shift__rate,-0.002754144615772373
conflict_to_verification__rate,Conflict_of_Perspectives__rate,0.42563049836243017
conflict_to_verification__rate,Reconciliation__rate,0.11193686245122121
conflict_to_verification__rate,verification__rate,0.3561064780300351
conflict_to_verification__rate,backtracking__rate,0.13145531440290006
conflict_to_verification__rate,subgoal__rate,-0.15358710092951008
conflict_to_verification__rate,backward_chaining__rate,0.038138637010788304
conflict_to_verification__rate,D_to_D__rate,0.15061062248894408
conflict_to_verification__rate,D_to_E__rate,0.3014636888966465
conflict_to_verification__rate,E_to_D__rate,0.31115350713576495
conflict_to_verification__rate,E_to_E__rate,0.26745804807131923
conflict_to_verification__rate,perspective_to_reconciliation__rate,0.013318441994121022
conflict_to_verification__rate,question_to_subgoal__rate,-0.052492668843773245
conflict_to_verification__rate,perspective_to_verification__rate,0.14529459110558987
conflict_to_verification__rate,conflict_to_verification__rate,1.0
conflict_to_verification__rate,conflict_to_reconciliation__rate,0.1600712028219711
conflict_to_verification__rate,verification_to_backtracking__rate,0.2388665786535524
conflict_to_verification__rate,backtracking_to_subgoal__rate,0.05230906822582204
conflict_to_verification__rate,reconciliation_to_verification__rate,0.21402042950129646
conflict_to_verification__rate,conflict_verification_backtracking__rate,0.38872541761090884
conflict_to_verification__rate,verification_backtracking_subgoal__rate,0.09014082846392085
conflict_to_verification__rate,perspective_conflict_reconciliation__rate,0.05897745236159202
conflict_to_verification__rate,conflict_reconciliation_verification__rate,0.19801359819346404
conflict_to_verification__rate,motif__question_to_subgoal__rate,-0.052492668843773245
conflict_to_verification__rate,motif__perspective_to_verification__rate,0.14529459110558993
conflict_to_verification__rate,motif__conflict_to_verification__rate,1.0
conflict_to_verification__rate,motif__conflict_to_reconciliation__rate,0.1600712028219711
conflict_to_verification__rate,motif__verification_to_backtracking__rate,0.2388665786535524
conflict_to_verification__rate,motif__backtracking_to_subgoal__rate,0.05230906822582204
conflict_to_verification__rate,motif__reconciliation_to_verification__rate,0.21402042950129646
conflict_to_verification__rate,motif__conflict_verification_backtracking__rate,0.38872541761090884
conflict_to_verification__rate,motif__verification_backtracking_subgoal__rate,0.09014082846392085
conflict_to_verification__rate,motif__perspective_conflict_reconciliation__rate,0.05897745236159202
conflict_to_verification__rate,motif__conflict_reconciliation_verification__rate,0.19801359819346404
conflict_to_reconciliation__rate,Question_and_Answering__rate,-0.014464337517874272
conflict_to_reconciliation__rate,Perspective_Shift__rate,0.13185513008921698
conflict_to_reconciliation__rate,Conflict_of_Perspectives__rate,0.4262012566905664
conflict_to_reconciliation__rate,Reconciliation__rate,0.5146632824541407
conflict_to_reconciliation__rate,verification__rate,-0.01812175019669263
conflict_to_reconciliation__rate,backtracking__rate,0.17486512028914092
conflict_to_reconciliation__rate,subgoal__rate,0.011564786685100983
conflict_to_reconciliation__rate,backward_chaining__rate,0.02727547652886429
conflict_to_reconciliation__rate,D_to_D__rate,0.2814101741825194
conflict_to_reconciliation__rate,D_to_E__rate,0.12364002440680777
conflict_to_reconciliation__rate,E_to_D__rate,0.1679941771329195
conflict_to_reconciliation__rate,E_to_E__rate,-0.010877228850385579
conflict_to_reconciliation__rate,perspective_to_reconciliation__rate,0.2193309599473461
conflict_to_reconciliation__rate,question_to_subgoal__rate,0.025782140607578014
conflict_to_reconciliation__rate,perspective_to_verification__rate,0.02208551346625394
conflict_to_reconciliation__rate,conflict_to_verification__rate,0.1600712028219711
conflict_to_reconciliation__rate,conflict_to_reconciliation__rate,1.0
conflict_to_reconciliation__rate,verification_to_backtracking__rate,0.09780457922698586
conflict_to_reconciliation__rate,backtracking_to_subgoal__rate,0.058239741814831054
conflict_to_reconciliation__rate,reconciliation_to_verification__rate,0.13398659012420924
conflict_to_reconciliation__rate,conflict_verification_backtracking__rate,0.0645497233104033
conflict_to_reconciliation__rate,verification_backtracking_subgoal__rate,0.05664543958254429
conflict_to_reconciliation__rate,perspective_conflict_reconciliation__rate,0.498593167892886
conflict_to_reconciliation__rate,conflict_reconciliation_verification__rate,0.2961231005915628
conflict_to_reconciliation__rate,motif__question_to_subgoal__rate,0.025782140607578028
conflict_to_reconciliation__rate,motif__perspective_to_verification__rate,0.022085513466253946
conflict_to_reconciliation__rate,motif__conflict_to_verification__rate,0.16007120282197107
conflict_to_reconciliation__rate,motif__conflict_to_reconciliation__rate,1.0
conflict_to_reconciliation__rate,motif__verification_to_backtracking__rate,0.09780457922698586
conflict_to_reconciliation__rate,motif__backtracking_to_subgoal__rate,0.058239741814831054
conflict_to_reconciliation__rate,motif__reconciliation_to_verification__rate,0.13398659012420924
conflict_to_reconciliation__rate,motif__conflict_verification_backtracking__rate,0.0645497233104033
conflict_to_reconciliation__rate,motif__verification_backtracking_subgoal__rate,0.05664543958254429
conflict_to_reconciliation__rate,motif__perspective_conflict_reconciliation__rate,0.498593167892886
conflict_to_reconciliation__rate,motif__conflict_reconciliation_verification__rate,0.2961231005915628
verification_to_backtracking__rate,Question_and_Answering__rate,-0.0055814132310737065
verification_to_backtracking__rate,Perspective_Shift__rate,0.18981618445766127
verification_to_backtracking__rate,Conflict_of_Perspectives__rate,0.4778407388559514
verification_to_backtracking__rate,Reconciliation__rate,0.024299349830803146
verification_to_backtracking__rate,verification__rate,0.1749779593034234
verification_to_backtracking__rate,backtracking__rate,0.6931195955619286
verification_to_backtracking__rate,subgoal__rate,-0.1686676046976784
verification_to_backtracking__rate,backward_chaining__rate,0.05401524514993277
verification_to_backtracking__rate,D_to_D__rate,0.2856055309934674
verification_to_backtracking__rate,D_to_E__rate,0.37643260668644885
verification_to_backtracking__rate,E_to_D__rate,0.4092781166390113
verification_to_backtracking__rate,E_to_E__rate,0.2389743995002459
verification_to_backtracking__rate,perspective_to_reconciliation__rate,-0.007166894391885396
verification_to_backtracking__rate,question_to_subgoal__rate,-0.04219143933704985
verification_to_backtracking__rate,perspective_to_verification__rate,0.15864292419567144
verification_to_backtracking__rate,conflict_to_verification__rate,0.2388665786535524
verification_to_backtracking__rate,conflict_to_reconciliation__rate,0.09780457922698586
verification_to_backtracking__rate,verification_to_backtracking__rate,1.0
verification_to_backtracking__rate,backtracking_to_subgoal__rate,0.3199838352692577
verification_to_backtracking__rate,reconciliation_to_verification__rate,0.09827079832792684
verification_to_backtracking__rate,conflict_verification_backtracking__rate,0.48513962472679445
verification_to_backtracking__rate,verification_backtracking_subgoal__rate,0.38699442291742053
verification_to_backtracking__rate,perspective_conflict_reconciliation__rate,0.05149505275791267
verification_to_backtracking__rate,conflict_reconciliation_verification__rate,0.09764755948017508
verification_to_backtracking__rate,motif__question_to_subgoal__rate,-0.04219143933704984
verification_to_backtracking__rate,motif__perspective_to_verification__rate,0.15864292419567144
verification_to_backtracking__rate,motif__conflict_to_verification__rate,0.23886657865355237
verification_to_backtracking__rate,motif__conflict_to_reconciliation__rate,0.09780457922698586
verification_to_backtracking__rate,motif__verification_to_backtracking__rate,1.0
verification_to_backtracking__rate,motif__backtracking_to_subgoal__rate,0.3199838352692577
verification_to_backtracking__rate,motif__reconciliation_to_verification__rate,0.09827079832792684
verification_to_backtracking__rate,motif__conflict_verification_backtracking__rate,0.48513962472679445
verification_to_backtracking__rate,motif__verification_backtracking_subgoal__rate,0.38699442291742053
verification_to_backtracking__rate,motif__perspective_conflict_reconciliation__rate,0.05149505275791267
verification_to_backtracking__rate,motif__conflict_reconciliation_verification__rate,0.09764755948017508
backtracking_to_subgoal__rate,Question_and_Answering__rate,-0.004469628283435313
backtracking_to_subgoal__rate,Perspective_Shift__rate,0.1932316196812948
backtracking_to_subgoal__rate,Conflict_of_Perspectives__rate,0.2883205269987674
backtracking_to_subgoal__rate,Reconciliation__rate,-0.011923338204366337
backtracking_to_subgoal__rate,verification__rate,0.006131607444941915
backtracking_to_subgoal__rate,backtracking__rate,0.4825074521391107
backtracking_to_subgoal__rate,subgoal__rate,0.023482979705172963
backtracking_to_subgoal__rate,backward_chaining__rate,0.002061040858846461
backtracking_to_subgoal__rate,D_to_D__rate,0.21898796537158116
backtracking_to_subgoal__rate,D_to_E__rate,0.2816817650014199
backtracking_to_subgoal__rate,E_to_D__rate,0.2578740223835522
backtracking_to_subgoal__rate,E_to_E__rate,0.15533888424123196
backtracking_to_subgoal__rate,perspective_to_reconciliation__rate,-0.004145362811448538
backtracking_to_subgoal__rate,question_to_subgoal__rate,0.03129682906213349
backtracking_to_subgoal__rate,perspective_to_verification__rate,0.08824023115820687
backtracking_to_subgoal__rate,conflict_to_verification__rate,0.05230906822582204
backtracking_to_subgoal__rate,conflict_to_reconciliation__rate,0.058239741814831054
backtracking_to_subgoal__rate,verification_to_backtracking__rate,0.3199838352692577
backtracking_to_subgoal__rate,backtracking_to_subgoal__rate,1.0
backtracking_to_subgoal__rate,reconciliation_to_verification__rate,-0.021559007921232613
backtracking_to_subgoal__rate,conflict_verification_backtracking__rate,0.13855291322708752
backtracking_to_subgoal__rate,verification_backtracking_subgoal__rate,0.481090867860584
backtracking_to_subgoal__rate,perspective_conflict_reconciliation__rate,0.04652263392489021
backtracking_to_subgoal__rate,conflict_reconciliation_verification__rate,0.014416375266365338
backtracking_to_subgoal__rate,motif__question_to_subgoal__rate,0.031296829062133484
backtracking_to_subgoal__rate,motif__perspective_to_verification__rate,0.08824023115820687
backtracking_to_subgoal__rate,motif__conflict_to_verification__rate,0.05230906822582205
backtracking_to_subgoal__rate,motif__conflict_to_reconciliation__rate,0.058239741814831054
backtracking_to_subgoal__rate,motif__verification_to_backtracking__rate,0.31998383526925767
backtracking_to_subgoal__rate,motif__backtracking_to_subgoal__rate,1.0
backtracking_to_subgoal__rate,motif__reconciliation_to_verification__rate,-0.021559007921232613
backtracking_to_subgoal__rate,motif__conflict_verification_backtracking__rate,0.13855291322708752
backtracking_to_subgoal__rate,motif__verification_backtracking_subgoal__rate,0.481090867860584
backtracking_to_subgoal__rate,motif__perspective_conflict_reconciliation__rate,0.04652263392489021
backtracking_to_subgoal__rate,motif__conflict_reconciliation_verification__rate,0.014416375266365338
reconciliation_to_verification__rate,Question_and_Answering__rate,0.1086921752717357
reconciliation_to_verification__rate,Perspective_Shift__rate,-0.059944409397367074
reconciliation_to_verification__rate,Conflict_of_Perspectives__rate,0.0809200973335618
reconciliation_to_verification__rate,Reconciliation__rate,0.3196028724208177
reconciliation_to_verification__rate,verification__rate,0.37732995375433265
reconciliation_to_verification__rate,backtracking__rate,0.028557439472201424
reconciliation_to_verification__rate,subgoal__rate,-0.1795722335777567
reconciliation_to_verification__rate,backward_chaining__rate,-0.0023332028109592636
reconciliation_to_verification__rate,D_to_D__rate,0.08014389584842711
reconciliation_to_verification__rate,D_to_E__rate,0.19443735135545143
reconciliation_to_verification__rate,E_to_D__rate,0.18493100524248932
reconciliation_to_verification__rate,E_to_E__rate,0.21295801626013344
reconciliation_to_verification__rate,perspective_to_reconciliation__rate,0.09533620234144366
reconciliation_to_verification__rate,question_to_subgoal__rate,-0.04575269862850825
reconciliation_to_verification__rate,perspective_to_verification__rate,0.09024628194546618
reconciliation_to_verification__rate,conflict_to_verification__rate,0.21402042950129646
reconciliation_to_verification__rate,conflict_to_reconciliation__rate,0.13398659012420924
reconciliation_to_verification__rate,verification_to_backtracking__rate,0.09827079832792684
reconciliation_to_verification__rate,backtracking_to_subgoal__rate,-0.021559007921232613
reconciliation_to_verification__rate,reconciliation_to_verification__rate,1.0
reconciliation_to_verification__rate,conflict_verification_backtracking__rate,0.061816727658976625
reconciliation_to_verification__rate,verification_backtracking_subgoal__rate,0.022488675699836445
reconciliation_to_verification__rate,perspective_conflict_reconciliation__rate,0.06484257383457241
reconciliation_to_verification__rate,conflict_reconciliation_verification__rate,0.5429621703314883
reconciliation_to_verification__rate,motif__question_to_subgoal__rate,-0.04575269862850826
reconciliation_to_verification__rate,motif__perspective_to_verification__rate,0.0902462819454662
reconciliation_to_verification__rate,motif__conflict_to_verification__rate,0.2140204295012965
reconciliation_to_verification__rate,motif__conflict_to_reconciliation__rate,0.13398659012420924
reconciliation_to_verification__rate,motif__verification_to_backtracking__rate,0.09827079832792686
reconciliation_to_verification__rate,motif__backtracking_to_subgoal__rate,-0.021559007921232602
reconciliation_to_verification__rate,motif__reconciliation_to_verification__rate,1.0
reconciliation_to_verification__rate,motif__conflict_verification_backtracking__rate,0.061816727658976625
reconciliation_to_verification__rate,motif__verification_backtracking_subgoal__rate,0.022488675699836445
reconciliation_to_verification__rate,motif__perspective_conflict_reconciliation__rate,0.06484257383457241
reconciliation_to_verification__rate,motif__conflict_reconciliation_verification__rate,0.5429621703314883
conflict_verification_backtracking__rate,Question_and_Answering__rate,-0.03341899521562133
conflict_verification_backtracking__rate,Perspective_Shift__rate,0.0652937084966085
conflict_verification_backtracking__rate,Conflict_of_Perspectives__rate,0.3286995071656098
conflict_verification_backtracking__rate,Reconciliation__rate,0.017310673434955102
conflict_verification_backtracking__rate,verification__rate,0.1195383530909418
conflict_verification_backtracking__rate,backtracking__rate,0.31724403347498425
conflict_verification_backtracking__rate,subgoal__rate,-0.09085979328097356
conflict_verification_backtracking__rate,backward_chaining__rate,0.023782178489659144
conflict_verification_backtracking__rate,D_to_D__rate,0.1586271474887585
conflict_verification_backtracking__rate,D_to_E__rate,0.22945661934370354
conflict_verification_backtracking__rate,E_to_D__rate,0.23166741825658677
conflict_verification_backtracking__rate,E_to_E__rate,0.16028020925453382
conflict_verification_backtracking__rate,perspective_to_reconciliation__rate,0.004126152989007013
conflict_verification_backtracking__rate,question_to_subgoal__rate,-0.028291564275259737
conflict_verification_backtracking__rate,perspective_to_verification__rate,0.09317165913427501
conflict_verification_backtracking__rate,conflict_to_verification__rate,0.38872541761090884
conflict_verification_backtracking__rate,conflict_to_reconciliation__rate,0.0645497233104033
conflict_verification_backtracking__rate,verification_to_backtracking__rate,0.48513962472679445
conflict_verification_backtracking__rate,backtracking_to_subgoal__rate,0.13855291322708752
conflict_verification_backtracking__rate,reconciliation_to_verification__rate,0.061816727658976625
conflict_verification_backtracking__rate,conflict_verification_backtracking__rate,1.0
conflict_verification_backtracking__rate,verification_backtracking_subgoal__rate,0.16813502180331247
conflict_verification_backtracking__rate,perspective_conflict_reconciliation__rate,0.026087006972230275
conflict_verification_backtracking__rate,conflict_reconciliation_verification__rate,0.06404167866797884
conflict_verification_backtracking__rate,motif__question_to_subgoal__rate,-0.02829156427525974
conflict_verification_backtracking__rate,motif__perspective_to_verification__rate,0.09317165913427504
conflict_verification_backtracking__rate,motif__conflict_to_verification__rate,0.38872541761090884
conflict_verification_backtracking__rate,motif__conflict_to_reconciliation__rate,0.0645497233104033
conflict_verification_backtracking__rate,motif__verification_to_backtracking__rate,0.48513962472679445
conflict_verification_backtracking__rate,motif__backtracking_to_subgoal__rate,0.13855291322708752
conflict_verification_backtracking__rate,motif__reconciliation_to_verification__rate,0.061816727658976625
conflict_verification_backtracking__rate,motif__conflict_verification_backtracking__rate,1.0
conflict_verification_backtracking__rate,motif__verification_backtracking_subgoal__rate,0.16813502180331247
conflict_verification_backtracking__rate,motif__perspective_conflict_reconciliation__rate,0.026087006972230275
conflict_verification_backtracking__rate,motif__conflict_reconciliation_verification__rate,0.06404167866797884
verification_backtracking_subgoal__rate,Question_and_Answering__rate,-0.02435339049075596
verification_backtracking_subgoal__rate,Perspective_Shift__rate,0.0707109811048642
verification_backtracking_subgoal__rate,Conflict_of_Perspectives__rate,0.20149042219310478
verification_backtracking_subgoal__rate,Reconciliation__rate,0.0025304771701836278
verification_backtracking_subgoal__rate,verification__rate,0.05321913147169684
verification_backtracking_subgoal__rate,backtracking__rate,0.27058894851225235
verification_backtracking_subgoal__rate,subgoal__rate,-0.01642449719965913
verification_backtracking_subgoal__rate,backward_chaining__rate,0.02203127588653632
verification_backtracking_subgoal__rate,D_to_D__rate,0.10338594934075873
verification_backtracking_subgoal__rate,D_to_E__rate,0.16915337553577725
verification_backtracking_subgoal__rate,E_to_D__rate,0.1652193252718254
verification_backtracking_subgoal__rate,E_to_E__rate,0.12895232233097134
verification_backtracking_subgoal__rate,perspective_to_reconciliation__rate,-0.01971777355708187
verification_backtracking_subgoal__rate,question_to_subgoal__rate,-0.0068530226409315755
verification_backtracking_subgoal__rate,perspective_to_verification__rate,0.048448233572868996
verification_backtracking_subgoal__rate,conflict_to_verification__rate,0.09014082846392085
verification_backtracking_subgoal__rate,conflict_to_reconciliation__rate,0.05664543958254429
verification_backtracking_subgoal__rate,verification_to_backtracking__rate,0.38699442291742053
verification_backtracking_subgoal__rate,backtracking_to_subgoal__rate,0.481090867860584
verification_backtracking_subgoal__rate,reconciliation_to_verification__rate,0.022488675699836445
verification_backtracking_subgoal__rate,conflict_verification_backtracking__rate,0.16813502180331247
verification_backtracking_subgoal__rate,verification_backtracking_subgoal__rate,1.0
verification_backtracking_subgoal__rate,perspective_conflict_reconciliation__rate,0.0411250339140043
verification_backtracking_subgoal__rate,conflict_reconciliation_verification__rate,0.027797318245051706
verification_backtracking_subgoal__rate,motif__question_to_subgoal__rate,-0.006853022640931574
verification_backtracking_subgoal__rate,motif__perspective_to_verification__rate,0.048448233572868996
verification_backtracking_subgoal__rate,motif__conflict_to_verification__rate,0.09014082846392088
verification_backtracking_subgoal__rate,motif__conflict_to_reconciliation__rate,0.05664543958254428
verification_backtracking_subgoal__rate,motif__verification_to_backtracking__rate,0.38699442291742053
verification_backtracking_subgoal__rate,motif__backtracking_to_subgoal__rate,0.481090867860584
verification_backtracking_subgoal__rate,motif__reconciliation_to_verification__rate,0.022488675699836452
verification_backtracking_subgoal__rate,motif__conflict_verification_backtracking__rate,0.16813502180331247
verification_backtracking_subgoal__rate,motif__verification_backtracking_subgoal__rate,1.0
verification_backtracking_subgoal__rate,motif__perspective_conflict_reconciliation__rate,0.0411250339140043
verification_backtracking_subgoal__rate,motif__conflict_reconciliation_verification__rate,0.027797318245051706
perspective_conflict_reconciliation__rate,Question_and_Answering__rate,0.012864751260327663
perspective_conflict_reconciliation__rate,Perspective_Shift__rate,0.18658036642335155
perspective_conflict_reconciliation__rate,Conflict_of_Perspectives__rate,0.24773918640223022
perspective_conflict_reconciliation__rate,Reconciliation__rate,0.2620812219528115
perspective_conflict_reconciliation__rate,verification__rate,-0.008968640088900224
perspective_conflict_reconciliation__rate,backtracking__rate,0.10582876836896325
perspective_conflict_reconciliation__rate,subgoal__rate,0.041638915830888835
perspective_conflict_reconciliation__rate,backward_chaining__rate,-0.020260210621029534
perspective_conflict_reconciliation__rate,D_to_D__rate,0.26458847965190224
perspective_conflict_reconciliation__rate,D_to_E__rate,0.1567000875727113
perspective_conflict_reconciliation__rate,E_to_D__rate,0.1575125055543602
perspective_conflict_reconciliation__rate,E_to_E__rate,0.007854671057407616
perspective_conflict_reconciliation__rate,perspective_to_reconciliation__rate,0.08566959014936334
perspective_conflict_reconciliation__rate,question_to_subgoal__rate,0.04152534188627094
perspective_conflict_reconciliation__rate,perspective_to_verification__rate,0.13425189666331888
perspective_conflict_reconciliation__rate,conflict_to_verification__rate,0.05897745236159202
perspective_conflict_reconciliation__rate,conflict_to_reconciliation__rate,0.498593167892886
perspective_conflict_reconciliation__rate,verification_to_backtracking__rate,0.05149505275791267
perspective_conflict_reconciliation__rate,backtracking_to_subgoal__rate,0.04652263392489021
perspective_conflict_reconciliation__rate,reconciliation_to_verification__rate,0.06484257383457241
perspective_conflict_reconciliation__rate,conflict_verification_backtracking__rate,0.026087006972230275
perspective_conflict_reconciliation__rate,verification_backtracking_subgoal__rate,0.0411250339140043
perspective_conflict_reconciliation__rate,perspective_conflict_reconciliation__rate,1.0
perspective_conflict_reconciliation__rate,conflict_reconciliation_verification__rate,0.1606691504418981
perspective_conflict_reconciliation__rate,motif__question_to_subgoal__rate,0.041525341886270946
perspective_conflict_reconciliation__rate,motif__perspective_to_verification__rate,0.1342518966633189
perspective_conflict_reconciliation__rate,motif__conflict_to_verification__rate,0.05897745236159201
perspective_conflict_reconciliation__rate,motif__conflict_to_reconciliation__rate,0.498593167892886
perspective_conflict_reconciliation__rate,motif__verification_to_backtracking__rate,0.05149505275791267
perspective_conflict_reconciliation__rate,motif__backtracking_to_subgoal__rate,0.04652263392489021
perspective_conflict_reconciliation__rate,motif__reconciliation_to_verification__rate,0.06484257383457241
perspective_conflict_reconciliation__rate,motif__conflict_verification_backtracking__rate,0.026087006972230275
perspective_conflict_reconciliation__rate,motif__verification_backtracking_subgoal__rate,0.0411250339140043
perspective_conflict_reconciliation__rate,motif__perspective_conflict_reconciliation__rate,1.0
perspective_conflict_reconciliation__rate,motif__conflict_reconciliation_verification__rate,0.1606691504418981
conflict_reconciliation_verification__rate,Question_and_Answering__rate,0.024842164291256363
conflict_reconciliation_verification__rate,Perspective_Shift__rate,0.0003250659660394683
conflict_reconciliation_verification__rate,Conflict_of_Perspectives__rate,0.14699721327664889
conflict_reconciliation_verification__rate,Reconciliation__rate,0.18423422767558031
conflict_reconciliation_verification__rate,verification__rate,0.1897170599300443
conflict_reconciliation_verification__rate,backtracking__rate,0.07453283293161124
conflict_reconciliation_verification__rate,subgoal__rate,-0.08095046270506943
conflict_reconciliation_verification__rate,backward_chaining__rate,0.005535375421606033
conflict_reconciliation_verification__rate,D_to_D__rate,0.09418558285069473
conflict_reconciliation_verification__rate,D_to_E__rate,0.15653972025843257
conflict_reconciliation_verification__rate,E_to_D__rate,0.1526801222432726
conflict_reconciliation_verification__rate,E_to_E__rate,0.125076707966487
conflict_reconciliation_verification__rate,perspective_to_reconciliation__rate,0.05078663119386219
conflict_reconciliation_verification__rate,question_to_subgoal__rate,-0.015945295113994975
conflict_reconciliation_verification__rate,perspective_to_verification__rate,0.07594913112446013
conflict_reconciliation_verification__rate,conflict_to_verification__rate,0.19801359819346404
conflict_reconciliation_verification__rate,conflict_to_reconciliation__rate,0.2961231005915628
conflict_reconciliation_verification__rate,verification_to_backtracking__rate,0.09764755948017508
conflict_reconciliation_verification__rate,backtracking_to_subgoal__rate,0.014416375266365338
conflict_reconciliation_verification__rate,reconciliation_to_verification__rate,0.5429621703314883
conflict_reconciliation_verification__rate,conflict_verification_backtracking__rate,0.06404167866797884
conflict_reconciliation_verification__rate,verification_backtracking_subgoal__rate,0.027797318245051706
conflict_reconciliation_verification__rate,perspective_conflict_reconciliation__rate,0.1606691504418981
conflict_reconciliation_verification__rate,conflict_reconciliation_verification__rate,1.0
conflict_reconciliation_verification__rate,motif__question_to_subgoal__rate,-0.015945295113994975
conflict_reconciliation_verification__rate,motif__perspective_to_verification__rate,0.07594913112446013
conflict_reconciliation_verification__rate,motif__conflict_to_verification__rate,0.198013598193464
conflict_reconciliation_verification__rate,motif__conflict_to_reconciliation__rate,0.29612310059156277
conflict_reconciliation_verification__rate,motif__verification_to_backtracking__rate,0.09764755948017505
conflict_reconciliation_verification__rate,motif__backtracking_to_subgoal__rate,0.014416375266365338
conflict_reconciliation_verification__rate,motif__reconciliation_to_verification__rate,0.5429621703314883
conflict_reconciliation_verification__rate,motif__conflict_verification_backtracking__rate,0.06404167866797884
conflict_reconciliation_verification__rate,motif__verification_backtracking_subgoal__rate,0.027797318245051706
conflict_reconciliation_verification__rate,motif__perspective_conflict_reconciliation__rate,0.1606691504418981
conflict_reconciliation_verification__rate,motif__conflict_reconciliation_verification__rate,1.0
motif__question_to_subgoal__rate,Question_and_Answering__rate,0.3833893413396383
motif__question_to_subgoal__rate,Perspective_Shift__rate,0.17147080924690417
motif__question_to_subgoal__rate,Conflict_of_Perspectives__rate,0.05096711802311291
motif__question_to_subgoal__rate,Reconciliation__rate,0.04252180795148488
motif__question_to_subgoal__rate,verification__rate,-0.06353232353604203
motif__question_to_subgoal__rate,backtracking__rate,-0.009203948475390477
motif__question_to_subgoal__rate,subgoal__rate,0.24270432449297027
motif__question_to_subgoal__rate,backward_chaining__rate,-0.04192377320942313
motif__question_to_subgoal__rate,D_to_D__rate,0.31200243740436573
motif__question_to_subgoal__rate,D_to_E__rate,0.25572941050285264
motif__question_to_subgoal__rate,E_to_D__rate,0.18851067009767916
motif__question_to_subgoal__rate,E_to_E__rate,0.06473692810396076
motif__question_to_subgoal__rate,perspective_to_reconciliation__rate,0.04354658307058185
motif__question_to_subgoal__rate,question_to_subgoal__rate,1.0
motif__question_to_subgoal__rate,perspective_to_verification__rate,0.03927146195565953
motif__question_to_subgoal__rate,conflict_to_verification__rate,-0.052492668843773245
motif__question_to_subgoal__rate,conflict_to_reconciliation__rate,0.025782140607578028
motif__question_to_subgoal__rate,verification_to_backtracking__rate,-0.04219143933704984
motif__question_to_subgoal__rate,backtracking_to_subgoal__rate,0.031296829062133484
motif__question_to_subgoal__rate,reconciliation_to_verification__rate,-0.04575269862850826
motif__question_to_subgoal__rate,conflict_verification_backtracking__rate,-0.02829156427525974
motif__question_to_subgoal__rate,verification_backtracking_subgoal__rate,-0.006853022640931574
motif__question_to_subgoal__rate,perspective_conflict_reconciliation__rate,0.041525341886270946
motif__question_to_subgoal__rate,conflict_reconciliation_verification__rate,-0.015945295113994975
motif__question_to_subgoal__rate,motif__question_to_subgoal__rate,1.0
motif__question_to_subgoal__rate,motif__perspective_to_verification__rate,0.039287710723279114
motif__question_to_subgoal__rate,motif__conflict_to_verification__rate,-0.05247987866793124
motif__question_to_subgoal__rate,motif__conflict_to_reconciliation__rate,0.025800703665010714
motif__question_to_subgoal__rate,motif__verification_to_backtracking__rate,-0.04217633796659632
motif__question_to_subgoal__rate,motif__backtracking_to_subgoal__rate,0.031305871559950856
motif__question_to_subgoal__rate,motif__reconciliation_to_verification__rate,-0.04573551162930596
motif__question_to_subgoal__rate,motif__conflict_verification_backtracking__rate,-0.028285066457971225
motif__question_to_subgoal__rate,motif__verification_backtracking_subgoal__rate,-0.006846605359694085
motif__question_to_subgoal__rate,motif__perspective_conflict_reconciliation__rate,0.04153483123976754
motif__question_to_subgoal__rate,motif__conflict_reconciliation_verification__rate,-0.01593640359948975
motif__perspective_to_verification__rate,Question_and_Answering__rate,0.09655506837047227
motif__perspective_to_verification__rate,Perspective_Shift__rate,0.3381627551923503
motif__perspective_to_verification__rate,Conflict_of_Perspectives__rate,0.2474387577172761
motif__perspective_to_verification__rate,Reconciliation__rate,0.005351251193533203
motif__perspective_to_verification__rate,verification__rate,0.45066988937098057
motif__perspective_to_verification__rate,backtracking__rate,0.17682635968586946
motif__perspective_to_verification__rate,subgoal__rate,-0.03599970071871946
motif__perspective_to_verification__rate,backward_chaining__rate,0.008573341167817092
motif__perspective_to_verification__rate,D_to_D__rate,0.37751952776389697
motif__perspective_to_verification__rate,D_to_E__rate,0.6598132983828462
motif__perspective_to_verification__rate,E_to_D__rate,0.5909696015356526
motif__perspective_to_verification__rate,E_to_E__rate,0.3271666465050589
motif__perspective_to_verification__rate,perspective_to_reconciliation__rate,0.06411011766537368
motif__perspective_to_verification__rate,question_to_subgoal__rate,0.03927146195565954
motif__perspective_to_verification__rate,perspective_to_verification__rate,1.0
motif__perspective_to_verification__rate,conflict_to_verification__rate,0.14529459110558993
motif__perspective_to_verification__rate,conflict_to_reconciliation__rate,0.022085513466253946
motif__perspective_to_verification__rate,verification_to_backtracking__rate,0.15864292419567144
motif__perspective_to_verification__rate,backtracking_to_subgoal__rate,0.08824023115820687
motif__perspective_to_verification__rate,reconciliation_to_verification__rate,0.0902462819454662
motif__perspective_to_verification__rate,conflict_verification_backtracking__rate,0.09317165913427504
motif__perspective_to_verification__rate,verification_backtracking_subgoal__rate,0.048448233572868996
motif__perspective_to_verification__rate,perspective_conflict_reconciliation__rate,0.1342518966633189
motif__perspective_to_verification__rate,conflict_reconciliation_verification__rate,0.07594913112446013
motif__perspective_to_verification__rate,motif__question_to_subgoal__rate,0.039287710723279114
motif__perspective_to_verification__rate,motif__perspective_to_verification__rate,1.0
motif__perspective_to_verification__rate,motif__conflict_to_verification__rate,0.145313060389815
motif__perspective_to_verification__rate,motif__conflict_to_reconciliation__rate,0.02211925596148471
motif__perspective_to_verification__rate,motif__verification_to_backtracking__rate,0.15866471625389372
motif__perspective_to_verification__rate,motif__backtracking_to_subgoal__rate,0.08825526349905684
motif__perspective_to_verification__rate,motif__reconciliation_to_verification__rate,0.09027299576040329
motif__perspective_to_verification__rate,motif__conflict_verification_backtracking__rate,0.09318137590939048
motif__perspective_to_verification__rate,motif__verification_backtracking_subgoal__rate,0.048458845426497
motif__perspective_to_verification__rate,motif__perspective_conflict_reconciliation__rate,0.1342669536468071
motif__perspective_to_verification__rate,motif__conflict_reconciliation_verification__rate,0.07596340171450108
motif__conflict_to_verification__rate,Question_and_Answering__rate,-0.01302886546225444
motif__conflict_to_verification__rate,Perspective_Shift__rate,-0.002754144615772373
motif__conflict_to_verification__rate,Conflict_of_Perspectives__rate,0.42563049836243017
motif__conflict_to_verification__rate,Reconciliation__rate,0.11193686245122121
motif__conflict_to_verification__rate,verification__rate,0.3561064780300351
motif__conflict_to_verification__rate,backtracking__rate,0.13145531440290006
motif__conflict_to_verification__rate,subgoal__rate,-0.15358710092951008
motif__conflict_to_verification__rate,backward_chaining__rate,0.038138637010788304
motif__conflict_to_verification__rate,D_to_D__rate,0.15061062248894408
motif__conflict_to_verification__rate,D_to_E__rate,0.3014636888966465
motif__conflict_to_verification__rate,E_to_D__rate,0.31115350713576495
motif__conflict_to_verification__rate,E_to_E__rate,0.26745804807131923
motif__conflict_to_verification__rate,perspective_to_reconciliation__rate,0.013318441994121022
motif__conflict_to_verification__rate,question_to_subgoal__rate,-0.052492668843773245
motif__conflict_to_verification__rate,perspective_to_verification__rate,0.14529459110558987
motif__conflict_to_verification__rate,conflict_to_verification__rate,1.0
motif__conflict_to_verification__rate,conflict_to_reconciliation__rate,0.16007120282197107
motif__conflict_to_verification__rate,verification_to_backtracking__rate,0.23886657865355237
motif__conflict_to_verification__rate,backtracking_to_subgoal__rate,0.05230906822582205
motif__conflict_to_verification__rate,reconciliation_to_verification__rate,0.2140204295012965
motif__conflict_to_verification__rate,conflict_verification_backtracking__rate,0.38872541761090884
motif__conflict_to_verification__rate,verification_backtracking_subgoal__rate,0.09014082846392088
motif__conflict_to_verification__rate,perspective_conflict_reconciliation__rate,0.05897745236159201
motif__conflict_to_verification__rate,conflict_reconciliation_verification__rate,0.198013598193464
motif__conflict_to_verification__rate,motif__question_to_subgoal__rate,-0.05247987866793124
motif__conflict_to_verification__rate,motif__perspective_to_verification__rate,0.145313060389815
motif__conflict_to_verification__rate,motif__conflict_to_verification__rate,1.0
motif__conflict_to_verification__rate,motif__conflict_to_reconciliation__rate,0.1600914267609233
motif__conflict_to_verification__rate,motif__verification_to_backtracking__rate,0.23888058891078726
motif__conflict_to_verification__rate,motif__backtracking_to_subgoal__rate,0.05232037931499453
motif__conflict_to_verification__rate,motif__reconciliation_to_verification__rate,0.21403666979023517
motif__conflict_to_verification__rate,motif__conflict_verification_backtracking__rate,0.38872965722653247
motif__conflict_to_verification__rate,motif__verification_backtracking_subgoal__rate,0.09014809531985128
motif__conflict_to_verification__rate,motif__perspective_conflict_reconciliation__rate,0.05898937240244941
motif__conflict_to_verification__rate,motif__conflict_reconciliation_verification__rate,0.19802246986216443
motif__conflict_to_reconciliation__rate,Question_and_Answering__rate,-0.014464337517874272
motif__conflict_to_reconciliation__rate,Perspective_Shift__rate,0.13185513008921698
motif__conflict_to_reconciliation__rate,Conflict_of_Perspectives__rate,0.4262012566905664
motif__conflict_to_reconciliation__rate,Reconciliation__rate,0.5146632824541407
motif__conflict_to_reconciliation__rate,verification__rate,-0.01812175019669263
motif__conflict_to_reconciliation__rate,backtracking__rate,0.17486512028914092
motif__conflict_to_reconciliation__rate,subgoal__rate,0.011564786685100983
motif__conflict_to_reconciliation__rate,backward_chaining__rate,0.02727547652886429
motif__conflict_to_reconciliation__rate,D_to_D__rate,0.2814101741825194
motif__conflict_to_reconciliation__rate,D_to_E__rate,0.12364002440680777
motif__conflict_to_reconciliation__rate,E_to_D__rate,0.1679941771329195
motif__conflict_to_reconciliation__rate,E_to_E__rate,-0.010877228850385579
motif__conflict_to_reconciliation__rate,perspective_to_reconciliation__rate,0.2193309599473461
motif__conflict_to_reconciliation__rate,question_to_subgoal__rate,0.025782140607578014
motif__conflict_to_reconciliation__rate,perspective_to_verification__rate,0.02208551346625394
motif__conflict_to_reconciliation__rate,conflict_to_verification__rate,0.1600712028219711
motif__conflict_to_reconciliation__rate,conflict_to_reconciliation__rate,1.0
motif__conflict_to_reconciliation__rate,verification_to_backtracking__rate,0.09780457922698586
motif__conflict_to_reconciliation__rate,backtracking_to_subgoal__rate,0.058239741814831054
motif__conflict_to_reconciliation__rate,reconciliation_to_verification__rate,0.13398659012420924
motif__conflict_to_reconciliation__rate,conflict_verification_backtracking__rate,0.0645497233104033
motif__conflict_to_reconciliation__rate,verification_backtracking_subgoal__rate,0.05664543958254428
motif__conflict_to_reconciliation__rate,perspective_conflict_reconciliation__rate,0.498593167892886
motif__conflict_to_reconciliation__rate,conflict_reconciliation_verification__rate,0.29612310059156277
motif__conflict_to_reconciliation__rate,motif__question_to_subgoal__rate,0.025800703665010714
motif__conflict_to_reconciliation__rate,motif__perspective_to_verification__rate,0.02211925596148471
motif__conflict_to_reconciliation__rate,motif__conflict_to_verification__rate,0.1600914267609233
motif__conflict_to_reconciliation__rate,motif__conflict_to_reconciliation__rate,1.0
motif__conflict_to_reconciliation__rate,motif__verification_to_backtracking__rate,0.09783084757014796
motif__conflict_to_reconciliation__rate,motif__backtracking_to_subgoal__rate,0.058257251049411915
motif__conflict_to_reconciliation__rate,motif__reconciliation_to_verification__rate,0.13401517304913738
motif__conflict_to_reconciliation__rate,motif__conflict_verification_backtracking__rate,0.06456110422687043
motif__conflict_to_reconciliation__rate,motif__verification_backtracking_subgoal__rate,0.056657121226405156
motif__conflict_to_reconciliation__rate,motif__perspective_conflict_reconciliation__rate,0.498600954721372
motif__conflict_to_reconciliation__rate,motif__conflict_reconciliation_verification__rate,0.2961338765605205
motif__verification_to_backtracking__rate,Question_and_Answering__rate,-0.0055814132310737065
motif__verification_to_backtracking__rate,Perspective_Shift__rate,0.18981618445766127
motif__verification_to_backtracking__rate,Conflict_of_Perspectives__rate,0.4778407388559514
motif__verification_to_backtracking__rate,Reconciliation__rate,0.024299349830803146
motif__verification_to_backtracking__rate,verification__rate,0.1749779593034234
motif__verification_to_backtracking__rate,backtracking__rate,0.6931195955619286
motif__verification_to_backtracking__rate,subgoal__rate,-0.1686676046976784
motif__verification_to_backtracking__rate,backward_chaining__rate,0.05401524514993277
motif__verification_to_backtracking__rate,D_to_D__rate,0.2856055309934674
motif__verification_to_backtracking__rate,D_to_E__rate,0.37643260668644885
motif__verification_to_backtracking__rate,E_to_D__rate,0.4092781166390113
motif__verification_to_backtracking__rate,E_to_E__rate,0.2389743995002459
motif__verification_to_backtracking__rate,perspective_to_reconciliation__rate,-0.007166894391885396
motif__verification_to_backtracking__rate,question_to_subgoal__rate,-0.04219143933704985
motif__verification_to_backtracking__rate,perspective_to_verification__rate,0.15864292419567144
motif__verification_to_backtracking__rate,conflict_to_verification__rate,0.2388665786535524
motif__verification_to_backtracking__rate,conflict_to_reconciliation__rate,0.09780457922698586
motif__verification_to_backtracking__rate,verification_to_backtracking__rate,1.0
motif__verification_to_backtracking__rate,backtracking_to_subgoal__rate,0.31998383526925767
motif__verification_to_backtracking__rate,reconciliation_to_verification__rate,0.09827079832792686
motif__verification_to_backtracking__rate,conflict_verification_backtracking__rate,0.48513962472679445
motif__verification_to_backtracking__rate,verification_backtracking_subgoal__rate,0.38699442291742053
motif__verification_to_backtracking__rate,perspective_conflict_reconciliation__rate,0.05149505275791267
motif__verification_to_backtracking__rate,conflict_reconciliation_verification__rate,0.09764755948017505
motif__verification_to_backtracking__rate,motif__question_to_subgoal__rate,-0.04217633796659632
motif__verification_to_backtracking__rate,motif__perspective_to_verification__rate,0.15866471625389372
motif__verification_to_backtracking__rate,motif__conflict_to_verification__rate,0.23888058891078726
motif__verification_to_backtracking__rate,motif__conflict_to_reconciliation__rate,0.09783084757014796
motif__verification_to_backtracking__rate,motif__verification_to_backtracking__rate,1.0
motif__verification_to_backtracking__rate,motif__backtracking_to_subgoal__rate,0.31999307116729847
motif__verification_to_backtracking__rate,motif__reconciliation_to_verification__rate,0.09829322041261408
motif__verification_to_backtracking__rate,motif__conflict_verification_backtracking__rate,0.4851428784562341
motif__verification_to_backtracking__rate,motif__verification_backtracking_subgoal__rate,0.38699904559501064
motif__verification_to_backtracking__rate,motif__perspective_conflict_reconciliation__rate,0.05150931140042001
motif__verification_to_backtracking__rate,motif__conflict_reconciliation_verification__rate,0.09765943002029544
motif__backtracking_to_subgoal__rate,Question_and_Answering__rate,-0.004469628283435313
motif__backtracking_to_subgoal__rate,Perspective_Shift__rate,0.1932316196812948
motif__backtracking_to_subgoal__rate,Conflict_of_Perspectives__rate,0.2883205269987674
motif__backtracking_to_subgoal__rate,Reconciliation__rate,-0.011923338204366337
motif__backtracking_to_subgoal__rate,verification__rate,0.006131607444941915
motif__backtracking_to_subgoal__rate,backtracking__rate,0.4825074521391107
motif__backtracking_to_subgoal__rate,subgoal__rate,0.023482979705172963
motif__backtracking_to_subgoal__rate,backward_chaining__rate,0.002061040858846461
motif__backtracking_to_subgoal__rate,D_to_D__rate,0.21898796537158116
motif__backtracking_to_subgoal__rate,D_to_E__rate,0.2816817650014199
motif__backtracking_to_subgoal__rate,E_to_D__rate,0.2578740223835522
motif__backtracking_to_subgoal__rate,E_to_E__rate,0.15533888424123196
motif__backtracking_to_subgoal__rate,perspective_to_reconciliation__rate,-0.004145362811448538
motif__backtracking_to_subgoal__rate,question_to_subgoal__rate,0.03129682906213349
motif__backtracking_to_subgoal__rate,perspective_to_verification__rate,0.08824023115820687
motif__backtracking_to_subgoal__rate,conflict_to_verification__rate,0.05230906822582204
motif__backtracking_to_subgoal__rate,conflict_to_reconciliation__rate,0.058239741814831054
motif__backtracking_to_subgoal__rate,verification_to_backtracking__rate,0.3199838352692577
motif__backtracking_to_subgoal__rate,backtracking_to_subgoal__rate,1.0
motif__backtracking_to_subgoal__rate,reconciliation_to_verification__rate,-0.021559007921232602
motif__backtracking_to_subgoal__rate,conflict_verification_backtracking__rate,0.13855291322708752
motif__backtracking_to_subgoal__rate,verification_backtracking_subgoal__rate,0.481090867860584
motif__backtracking_to_subgoal__rate,perspective_conflict_reconciliation__rate,0.04652263392489021
motif__backtracking_to_subgoal__rate,conflict_reconciliation_verification__rate,0.014416375266365338
motif__backtracking_to_subgoal__rate,motif__question_to_subgoal__rate,0.031305871559950856
motif__backtracking_to_subgoal__rate,motif__perspective_to_verification__rate,0.08825526349905684
motif__backtracking_to_subgoal__rate,motif__conflict_to_verification__rate,0.05232037931499453
motif__backtracking_to_subgoal__rate,motif__conflict_to_reconciliation__rate,0.058257251049411915
motif__backtracking_to_subgoal__rate,motif__verification_to_backtracking__rate,0.31999307116729847
motif__backtracking_to_subgoal__rate,motif__backtracking_to_subgoal__rate,1.0
motif__backtracking_to_subgoal__rate,motif__reconciliation_to_verification__rate,-0.02154251483216405
motif__backtracking_to_subgoal__rate,motif__conflict_verification_backtracking__rate,0.1385581985441543
motif__backtracking_to_subgoal__rate,motif__verification_backtracking_subgoal__rate,0.481093902415998
motif__backtracking_to_subgoal__rate,motif__perspective_conflict_reconciliation__rate,0.04653193697804356
motif__backtracking_to_subgoal__rate,motif__conflict_reconciliation_verification__rate,0.014424875713028928
motif__reconciliation_to_verification__rate,Question_and_Answering__rate,0.1086921752717357
motif__reconciliation_to_verification__rate,Perspective_Shift__rate,-0.059944409397367074
motif__reconciliation_to_verification__rate,Conflict_of_Perspectives__rate,0.0809200973335618
motif__reconciliation_to_verification__rate,Reconciliation__rate,0.3196028724208177
motif__reconciliation_to_verification__rate,verification__rate,0.37732995375433265
motif__reconciliation_to_verification__rate,backtracking__rate,0.028557439472201424
motif__reconciliation_to_verification__rate,subgoal__rate,-0.1795722335777567
motif__reconciliation_to_verification__rate,backward_chaining__rate,-0.0023332028109592636
motif__reconciliation_to_verification__rate,D_to_D__rate,0.08014389584842711
motif__reconciliation_to_verification__rate,D_to_E__rate,0.19443735135545143
motif__reconciliation_to_verification__rate,E_to_D__rate,0.18493100524248932
motif__reconciliation_to_verification__rate,E_to_E__rate,0.21295801626013344
motif__reconciliation_to_verification__rate,perspective_to_reconciliation__rate,0.09533620234144366
motif__reconciliation_to_verification__rate,question_to_subgoal__rate,-0.04575269862850825
motif__reconciliation_to_verification__rate,perspective_to_verification__rate,0.09024628194546618
motif__reconciliation_to_verification__rate,conflict_to_verification__rate,0.21402042950129646
motif__reconciliation_to_verification__rate,conflict_to_reconciliation__rate,0.13398659012420924
motif__reconciliation_to_verification__rate,verification_to_backtracking__rate,0.09827079832792684
motif__reconciliation_to_verification__rate,backtracking_to_subgoal__rate,-0.021559007921232613
motif__reconciliation_to_verification__rate,reconciliation_to_verification__rate,1.0
motif__reconciliation_to_verification__rate,conflict_verification_backtracking__rate,0.061816727658976625
motif__reconciliation_to_verification__rate,verification_backtracking_subgoal__rate,0.022488675699836452
motif__reconciliation_to_verification__rate,perspective_conflict_reconciliation__rate,0.06484257383457241
motif__reconciliation_to_verification__rate,conflict_reconciliation_verification__rate,0.5429621703314883
motif__reconciliation_to_verification__rate,motif__question_to_subgoal__rate,-0.04573551162930596
motif__reconciliation_to_verification__rate,motif__perspective_to_verification__rate,0.09027299576040329
motif__reconciliation_to_verification__rate,motif__conflict_to_verification__rate,0.21403666979023517
motif__reconciliation_to_verification__rate,motif__conflict_to_reconciliation__rate,0.13401517304913738
motif__reconciliation_to_verification__rate,motif__verification_to_backtracking__rate,0.09829322041261408
motif__reconciliation_to_verification__rate,motif__backtracking_to_subgoal__rate,-0.02154251483216405
motif__reconciliation_to_verification__rate,motif__reconciliation_to_verification__rate,1.0
motif__reconciliation_to_verification__rate,motif__conflict_verification_backtracking__rate,0.06182659538169921
motif__reconciliation_to_verification__rate,motif__verification_backtracking_subgoal__rate,0.022499291557475154
motif__reconciliation_to_verification__rate,motif__perspective_conflict_reconciliation__rate,0.06485839243320705
motif__reconciliation_to_verification__rate,motif__conflict_reconciliation_verification__rate,0.5429674202075709
motif__conflict_verification_backtracking__rate,Question_and_Answering__rate,-0.03341899521562133
motif__conflict_verification_backtracking__rate,Perspective_Shift__rate,0.0652937084966085
motif__conflict_verification_backtracking__rate,Conflict_of_Perspectives__rate,0.3286995071656098
motif__conflict_verification_backtracking__rate,Reconciliation__rate,0.017310673434955102
motif__conflict_verification_backtracking__rate,verification__rate,0.1195383530909418
motif__conflict_verification_backtracking__rate,backtracking__rate,0.31724403347498425
motif__conflict_verification_backtracking__rate,subgoal__rate,-0.09085979328097356
motif__conflict_verification_backtracking__rate,backward_chaining__rate,0.023782178489659144
motif__conflict_verification_backtracking__rate,D_to_D__rate,0.1586271474887585
motif__conflict_verification_backtracking__rate,D_to_E__rate,0.22945661934370354
motif__conflict_verification_backtracking__rate,E_to_D__rate,0.23166741825658677
motif__conflict_verification_backtracking__rate,E_to_E__rate,0.16028020925453382
motif__conflict_verification_backtracking__rate,perspective_to_reconciliation__rate,0.004126152989007013
motif__conflict_verification_backtracking__rate,question_to_subgoal__rate,-0.028291564275259737
motif__conflict_verification_backtracking__rate,perspective_to_verification__rate,0.09317165913427501
motif__conflict_verification_backtracking__rate,conflict_to_verification__rate,0.38872541761090884
motif__conflict_verification_backtracking__rate,conflict_to_reconciliation__rate,0.0645497233104033
motif__conflict_verification_backtracking__rate,verification_to_backtracking__rate,0.48513962472679445
motif__conflict_verification_backtracking__rate,backtracking_to_subgoal__rate,0.13855291322708752
motif__conflict_verification_backtracking__rate,reconciliation_to_verification__rate,0.061816727658976625
motif__conflict_verification_backtracking__rate,conflict_verification_backtracking__rate,1.0
motif__conflict_verification_backtracking__rate,verification_backtracking_subgoal__rate,0.16813502180331247
motif__conflict_verification_backtracking__rate,perspective_conflict_reconciliation__rate,0.026087006972230275
motif__conflict_verification_backtracking__rate,conflict_reconciliation_verification__rate,0.06404167866797884
motif__conflict_verification_backtracking__rate,motif__question_to_subgoal__rate,-0.028285066457971225
motif__conflict_verification_backtracking__rate,motif__perspective_to_verification__rate,0.09318137590939048
motif__conflict_verification_backtracking__rate,motif__conflict_to_verification__rate,0.38872965722653247
motif__conflict_verification_backtracking__rate,motif__conflict_to_reconciliation__rate,0.06456110422687043
motif__conflict_verification_backtracking__rate,motif__verification_to_backtracking__rate,0.4851428784562341
motif__conflict_verification_backtracking__rate,motif__backtracking_to_subgoal__rate,0.1385581985441543
motif__conflict_verification_backtracking__rate,motif__reconciliation_to_verification__rate,0.06182659538169921
motif__conflict_verification_backtracking__rate,motif__conflict_verification_backtracking__rate,1.0
motif__conflict_verification_backtracking__rate,motif__verification_backtracking_subgoal__rate,0.1681385489585689
motif__conflict_verification_backtracking__rate,motif__perspective_conflict_reconciliation__rate,0.02609340748439285
motif__conflict_verification_backtracking__rate,motif__conflict_reconciliation_verification__rate,0.06404711057159422
motif__verification_backtracking_subgoal__rate,Question_and_Answering__rate,-0.02435339049075596
motif__verification_backtracking_subgoal__rate,Perspective_Shift__rate,0.0707109811048642
motif__verification_backtracking_subgoal__rate,Conflict_of_Perspectives__rate,0.20149042219310478
motif__verification_backtracking_subgoal__rate,Reconciliation__rate,0.0025304771701836278
motif__verification_backtracking_subgoal__rate,verification__rate,0.05321913147169684
motif__verification_backtracking_subgoal__rate,backtracking__rate,0.27058894851225235
motif__verification_backtracking_subgoal__rate,subgoal__rate,-0.01642449719965913
motif__verification_backtracking_subgoal__rate,backward_chaining__rate,0.02203127588653632
motif__verification_backtracking_subgoal__rate,D_to_D__rate,0.10338594934075873
motif__verification_backtracking_subgoal__rate,D_to_E__rate,0.16915337553577725
motif__verification_backtracking_subgoal__rate,E_to_D__rate,0.1652193252718254
motif__verification_backtracking_subgoal__rate,E_to_E__rate,0.12895232233097134
motif__verification_backtracking_subgoal__rate,perspective_to_reconciliation__rate,-0.01971777355708187
motif__verification_backtracking_subgoal__rate,question_to_subgoal__rate,-0.0068530226409315755
motif__verification_backtracking_subgoal__rate,perspective_to_verification__rate,0.048448233572868996
motif__verification_backtracking_subgoal__rate,conflict_to_verification__rate,0.09014082846392085
motif__verification_backtracking_subgoal__rate,conflict_to_reconciliation__rate,0.05664543958254429
motif__verification_backtracking_subgoal__rate,verification_to_backtracking__rate,0.38699442291742053
motif__verification_backtracking_subgoal__rate,backtracking_to_subgoal__rate,0.481090867860584
motif__verification_backtracking_subgoal__rate,reconciliation_to_verification__rate,0.022488675699836445
motif__verification_backtracking_subgoal__rate,conflict_verification_backtracking__rate,0.16813502180331247
motif__verification_backtracking_subgoal__rate,verification_backtracking_subgoal__rate,1.0
motif__verification_backtracking_subgoal__rate,perspective_conflict_reconciliation__rate,0.0411250339140043
motif__verification_backtracking_subgoal__rate,conflict_reconciliation_verification__rate,0.027797318245051706
motif__verification_backtracking_subgoal__rate,motif__question_to_subgoal__rate,-0.006846605359694085
motif__verification_backtracking_subgoal__rate,motif__perspective_to_verification__rate,0.048458845426497
motif__verification_backtracking_subgoal__rate,motif__conflict_to_verification__rate,0.09014809531985128
motif__verification_backtracking_subgoal__rate,motif__conflict_to_reconciliation__rate,0.056657121226405156
motif__verification_backtracking_subgoal__rate,motif__verification_to_backtracking__rate,0.38699904559501064
motif__verification_backtracking_subgoal__rate,motif__backtracking_to_subgoal__rate,0.481093902415998
motif__verification_backtracking_subgoal__rate,motif__reconciliation_to_verification__rate,0.022499291557475154
motif__verification_backtracking_subgoal__rate,motif__conflict_verification_backtracking__rate,0.1681385489585689
motif__verification_backtracking_subgoal__rate,motif__verification_backtracking_subgoal__rate,1.0
motif__verification_backtracking_subgoal__rate,motif__perspective_conflict_reconciliation__rate,0.04113139189714969
motif__verification_backtracking_subgoal__rate,motif__conflict_reconciliation_verification__rate,0.027803032196131734
motif__perspective_conflict_reconciliation__rate,Question_and_Answering__rate,0.012864751260327663
motif__perspective_conflict_reconciliation__rate,Perspective_Shift__rate,0.18658036642335155
motif__perspective_conflict_reconciliation__rate,Conflict_of_Perspectives__rate,0.24773918640223022
motif__perspective_conflict_reconciliation__rate,Reconciliation__rate,0.2620812219528115
motif__perspective_conflict_reconciliation__rate,verification__rate,-0.008968640088900224
motif__perspective_conflict_reconciliation__rate,backtracking__rate,0.10582876836896325
motif__perspective_conflict_reconciliation__rate,subgoal__rate,0.041638915830888835
motif__perspective_conflict_reconciliation__rate,backward_chaining__rate,-0.020260210621029534
motif__perspective_conflict_reconciliation__rate,D_to_D__rate,0.26458847965190224
motif__perspective_conflict_reconciliation__rate,D_to_E__rate,0.1567000875727113
motif__perspective_conflict_reconciliation__rate,E_to_D__rate,0.1575125055543602
motif__perspective_conflict_reconciliation__rate,E_to_E__rate,0.007854671057407616
motif__perspective_conflict_reconciliation__rate,perspective_to_reconciliation__rate,0.08566959014936334
motif__perspective_conflict_reconciliation__rate,question_to_subgoal__rate,0.04152534188627094
motif__perspective_conflict_reconciliation__rate,perspective_to_verification__rate,0.13425189666331888
motif__perspective_conflict_reconciliation__rate,conflict_to_verification__rate,0.05897745236159202
motif__perspective_conflict_reconciliation__rate,conflict_to_reconciliation__rate,0.498593167892886
motif__perspective_conflict_reconciliation__rate,verification_to_backtracking__rate,0.05149505275791267
motif__perspective_conflict_reconciliation__rate,backtracking_to_subgoal__rate,0.04652263392489021
motif__perspective_conflict_reconciliation__rate,reconciliation_to_verification__rate,0.06484257383457241
motif__perspective_conflict_reconciliation__rate,conflict_verification_backtracking__rate,0.026087006972230275
motif__perspective_conflict_reconciliation__rate,verification_backtracking_subgoal__rate,0.0411250339140043
motif__perspective_conflict_reconciliation__rate,perspective_conflict_reconciliation__rate,1.0
motif__perspective_conflict_reconciliation__rate,conflict_reconciliation_verification__rate,0.1606691504418981
motif__perspective_conflict_reconciliation__rate,motif__question_to_subgoal__rate,0.04153483123976754
motif__perspective_conflict_reconciliation__rate,motif__perspective_to_verification__rate,0.1342669536468071
motif__perspective_conflict_reconciliation__rate,motif__conflict_to_verification__rate,0.05898937240244941
motif__perspective_conflict_reconciliation__rate,motif__conflict_to_reconciliation__rate,0.498600954721372
motif__perspective_conflict_reconciliation__rate,motif__verification_to_backtracking__rate,0.05150931140042001
motif__perspective_conflict_reconciliation__rate,motif__backtracking_to_subgoal__rate,0.04653193697804356
motif__perspective_conflict_reconciliation__rate,motif__reconciliation_to_verification__rate,0.06485839243320705
motif__perspective_conflict_reconciliation__rate,motif__conflict_verification_backtracking__rate,0.02609340748439285
motif__perspective_conflict_reconciliation__rate,motif__verification_backtracking_subgoal__rate,0.04113139189714969
motif__perspective_conflict_reconciliation__rate,motif__perspective_conflict_reconciliation__rate,1.0
motif__perspective_conflict_reconciliation__rate,motif__conflict_reconciliation_verification__rate,0.16067681762390884
motif__conflict_reconciliation_verification__rate,Question_and_Answering__rate,0.024842164291256363
motif__conflict_reconciliation_verification__rate,Perspective_Shift__rate,0.0003250659660394683
motif__conflict_reconciliation_verification__rate,Conflict_of_Perspectives__rate,0.14699721327664889
motif__conflict_reconciliation_verification__rate,Reconciliation__rate,0.18423422767558031
motif__conflict_reconciliation_verification__rate,verification__rate,0.1897170599300443
motif__conflict_reconciliation_verification__rate,backtracking__rate,0.07453283293161124
motif__conflict_reconciliation_verification__rate,subgoal__rate,-0.08095046270506943
motif__conflict_reconciliation_verification__rate,backward_chaining__rate,0.005535375421606033
motif__conflict_reconciliation_verification__rate,D_to_D__rate,0.09418558285069473
motif__conflict_reconciliation_verification__rate,D_to_E__rate,0.15653972025843257
motif__conflict_reconciliation_verification__rate,E_to_D__rate,0.1526801222432726
motif__conflict_reconciliation_verification__rate,E_to_E__rate,0.125076707966487
motif__conflict_reconciliation_verification__rate,perspective_to_reconciliation__rate,0.05078663119386219
motif__conflict_reconciliation_verification__rate,question_to_subgoal__rate,-0.015945295113994975
motif__conflict_reconciliation_verification__rate,perspective_to_verification__rate,0.07594913112446013
motif__conflict_reconciliation_verification__rate,conflict_to_verification__rate,0.19801359819346404
motif__conflict_reconciliation_verification__rate,conflict_to_reconciliation__rate,0.2961231005915628
motif__conflict_reconciliation_verification__rate,verification_to_backtracking__rate,0.09764755948017508
motif__conflict_reconciliation_verification__rate,backtracking_to_subgoal__rate,0.014416375266365338
motif__conflict_reconciliation_verification__rate,reconciliation_to_verification__rate,0.5429621703314883
motif__conflict_reconciliation_verification__rate,conflict_verification_backtracking__rate,0.06404167866797884
motif__conflict_reconciliation_verification__rate,verification_backtracking_subgoal__rate,0.027797318245051706
motif__conflict_reconciliation_verification__rate,perspective_conflict_reconciliation__rate,0.1606691504418981
motif__conflict_reconciliation_verification__rate,conflict_reconciliation_verification__rate,1.0
motif__conflict_reconciliation_verification__rate,motif__question_to_subgoal__rate,-0.01593640359948975
motif__conflict_reconciliation_verification__rate,motif__perspective_to_verification__rate,0.07596340171450108
motif__conflict_reconciliation_verification__rate,motif__conflict_to_verification__rate,0.19802246986216443
motif__conflict_reconciliation_verification__rate,motif__conflict_to_reconciliation__rate,0.2961338765605205
motif__conflict_reconciliation_verification__rate,motif__verification_to_backtracking__rate,0.09765943002029544
motif__conflict_reconciliation_verification__rate,motif__backtracking_to_subgoal__rate,0.014424875713028928
motif__conflict_reconciliation_verification__rate,motif__reconciliation_to_verification__rate,0.5429674202075709
motif__conflict_reconciliation_verification__rate,motif__conflict_verification_backtracking__rate,0.06404711057159422
motif__conflict_reconciliation_verification__rate,motif__verification_backtracking_subgoal__rate,0.027803032196131734
motif__conflict_reconciliation_verification__rate,motif__perspective_conflict_reconciliation__rate,0.16067681762390884
motif__conflict_reconciliation_verification__rate,motif__conflict_reconciliation_verification__rate,1.0
