{
  "noise_floor": 0.14373792628989537,
  "per_model_floor": {
    "qwen35_27b": 0.06945920330991011,
    "qwen35_4b": 0.056585950063694525,
    "anchor": 0.44022672741635954,
    "reasoner": 0.09571391372667071,
    "qwen35_9b": 0.05670383693284201
  }
}