{
  "noise_floor": 0.05080079334267629,
  "per_model_floor": {
    "qwen35_9b": 0.03174942312964471,
    "qwen35_4b": 0.028769676984720945,
    "reasoner": 0.028986072600402875,
    "qwen35_27b": 0.0318930263353774,
    "anchor": 0.1326057676632355
  }
}